schema_version,operation,metric_unit,k,r,profile,method,wire_scope,confidence,transform_side,candidate_transform_side,parent_size,candidate_size,transmitted_size,padded_coordinates,shortened_coordinates,punctured_coordinates,parent_inflation,parent_field,candidate_field,padding_forces_gf16,gf8_boundary_rescue_candidate,butterfly_equivalents,xor_byte_ops,fixed_multiplications,load_byte_ops,store_byte_ops,temporary_shard_slots,irregular_boundary_ops,transform_passes,copied_shard_bytes,zero_filled_shard_bytes,symbolic_score,gain_vs_padded
leopard2-c0-v2,systematic_encode,per_payload_byte,3,3,legacy_high_v1,padded_dyadic_parent,parent_preserving,exact_structural_radix2_dag,4,4,8,8,6,2,1,1,1.333333333,gf8,gf8,false,false,8,16,8,26,27,8,0,4,10,1,85,1.0
leopard2-c0-v2,systematic_encode,per_payload_byte,3,3,legacy_high_v1,prefix_pruned_parent,parent_preserving,exact_structural_radix2_dag,4,4,8,8,6,2,1,1,1.333333333,gf8,gf8,false,false,8,16,8,26,26,8,1,4,10,0,88,0.965909091
leopard2-c0-v2,systematic_encode,per_payload_byte,3,3,legacy_high_v1,dependency_pruned_parent,parent_preserving,exact_structural_radix2_dag,4,4,8,8,6,2,1,1,1.333333333,gf8,gf8,false,false,8,16,8,26,26,8,2,4,10,0,92,0.923913043
leopard2-c0-v2,systematic_encode,per_payload_byte,3,3,legacy_high_v1,recursive_truncated_parent,parent_preserving,exact_arithmetic_lower_bound_scratch,4,4,8,8,6,2,1,1,1.333333333,gf8,gf8,false,false,8,16,8,26,26,4,4,4,10,0,100,0.85
leopard2-c0-v2,systematic_encode,per_payload_byte,3,3,legacy_high_v1,binary_dyadic_exact,new_exact_profile,heuristic_optimistic_cross_block,4,3,8,6,6,2,1,1,1.333333333,gf8,gf8,false,false,2,10,8,25,19,3,2,4,9,0,78,1.08974359
leopard2-c0-v2,systematic_encode,per_payload_byte,3,3,legacy_high_v1,full_block_tail_exact,new_exact_profile,heuristic_conservative_dense_join,4,3,8,6,6,2,1,1,1.333333333,gf8,gf8,false,false,2,8,8,23,19,3,4,6,9,0,82,1.036585366
leopard2-c0-v2,systematic_encode,per_payload_byte,3,3,legacy_high_v1,direct_matrix_exact,new_exact_profile,exact_dense_generator_arithmetic,4,3,8,6,6,2,1,1,1.333333333,gf8,gf8,false,false,0,6,9,9,3,1,0,1,0,0,36,2.361111111
leopard2-c0-v2,systematic_encode,per_payload_byte,3,3,legacy_high_v1,subproduct_tree_exact,new_exact_profile,asymptotic_generic_polynomial_proxy,4,3,8,6,6,2,1,1,1.333333333,gf8,gf8,false,false,162,162,162,324,162,24,3,9,0,0,984,0.086382114
leopard2-c0-v2,systematic_encode,per_payload_byte,3,3,low_v1,padded_dyadic_parent,parent_preserving,exact_structural_radix2_dag,4,4,8,8,6,2,1,1,1.333333333,gf8,gf8,false,false,8,16,8,26,27,8,0,4,10,1,85,1.0
leopard2-c0-v2,systematic_encode,per_payload_byte,3,3,low_v1,prefix_pruned_parent,parent_preserving,exact_structural_radix2_dag,4,4,8,8,6,2,1,1,1.333333333,gf8,gf8,false,false,8,16,8,26,26,8,1,4,10,0,88,0.965909091
leopard2-c0-v2,systematic_encode,per_payload_byte,3,3,low_v1,dependency_pruned_parent,parent_preserving,exact_structural_radix2_dag,4,4,8,8,6,2,1,1,1.333333333,gf8,gf8,false,false,8,16,8,26,26,8,2,4,10,0,92,0.923913043
leopard2-c0-v2,systematic_encode,per_payload_byte,3,3,low_v1,recursive_truncated_parent,parent_preserving,exact_arithmetic_lower_bound_scratch,4,4,8,8,6,2,1,1,1.333333333,gf8,gf8,false,false,8,16,8,26,26,4,4,4,10,0,100,0.85
leopard2-c0-v2,systematic_encode,per_payload_byte,3,3,low_v1,binary_dyadic_exact,new_exact_profile,heuristic_optimistic_cross_block,4,3,8,6,6,2,1,1,1.333333333,gf8,gf8,false,false,2,10,8,25,19,3,2,4,9,0,78,1.08974359
leopard2-c0-v2,systematic_encode,per_payload_byte,3,3,low_v1,full_block_tail_exact,new_exact_profile,heuristic_conservative_dense_join,4,3,8,6,6,2,1,1,1.333333333,gf8,gf8,false,false,2,8,8,23,19,3,4,6,9,0,82,1.036585366
leopard2-c0-v2,systematic_encode,per_payload_byte,3,3,low_v1,direct_matrix_exact,new_exact_profile,exact_dense_generator_arithmetic,4,3,8,6,6,2,1,1,1.333333333,gf8,gf8,false,false,0,6,9,9,3,1,0,1,0,0,36,2.361111111
leopard2-c0-v2,systematic_encode,per_payload_byte,3,3,low_v1,subproduct_tree_exact,new_exact_profile,asymptotic_generic_polynomial_proxy,4,3,8,6,6,2,1,1,1.333333333,gf8,gf8,false,false,162,162,162,324,162,24,3,9,0,0,984,0.086382114
leopard2-c0-v2,systematic_encode,per_payload_byte,3,5,legacy_high_v1,padded_dyadic_parent,parent_preserving,exact_structural_radix2_dag,8,8,16,16,8,8,5,3,2.0,gf8,gf8,false,false,24,48,24,64,69,16,0,6,16,5,229,1.0
leopard2-c0-v2,systematic_encode,per_payload_byte,3,5,legacy_high_v1,prefix_pruned_parent,parent_preserving,exact_structural_radix2_dag,8,8,16,16,8,8,5,3,2.0,gf8,gf8,false,false,20,40,20,56,56,16,1,6,16,0,196,1.168367347
leopard2-c0-v2,systematic_encode,per_payload_byte,3,5,legacy_high_v1,dependency_pruned_parent,parent_preserving,exact_structural_radix2_dag,8,8,16,16,8,8,5,3,2.0,gf8,gf8,false,false,20,40,20,56,56,16,2,6,16,0,200,1.145
leopard2-c0-v2,systematic_encode,per_payload_byte,3,5,legacy_high_v1,recursive_truncated_parent,parent_preserving,exact_arithmetic_lower_bound_scratch,8,8,16,16,8,8,5,3,2.0,gf8,gf8,false,false,20,40,20,56,56,8,6,6,16,0,216,1.060185185
leopard2-c0-v2,systematic_encode,per_payload_byte,3,5,legacy_high_v1,binary_dyadic_exact,new_exact_profile,heuristic_optimistic_cross_block,8,5,16,8,8,8,5,3,2.0,gf8,gf8,false,false,8,26,18,49,39,5,2,6,13,0,158,1.449367089
leopard2-c0-v2,systematic_encode,per_payload_byte,3,5,legacy_high_v1,full_block_tail_exact,new_exact_profile,heuristic_conservative_dense_join,8,5,16,8,8,8,5,3,2.0,gf8,gf8,false,false,8,24,18,47,39,5,4,8,13,0,162,1.413580247
leopard2-c0-v2,systematic_encode,per_payload_byte,3,5,legacy_high_v1,direct_matrix_exact,new_exact_profile,exact_dense_generator_arithmetic,8,5,16,8,8,8,5,3,2.0,gf8,gf8,false,false,0,10,15,15,5,1,0,1,0,0,60,3.816666667
leopard2-c0-v2,systematic_encode,per_payload_byte,3,5,legacy_high_v1,subproduct_tree_exact,new_exact_profile,asymptotic_generic_polynomial_proxy,8,5,16,8,8,8,5,3,2.0,gf8,gf8,false,false,216,216,216,432,216,32,3,9,0,0,1308,0.175076453
leopard2-c0-v2,systematic_encode,per_payload_byte,3,5,low_v1,padded_dyadic_parent,parent_preserving,exact_structural_radix2_dag,4,4,16,16,8,8,1,7,2.0,gf8,gf8,false,false,12,24,12,40,41,8,0,6,16,1,129,1.0
leopard2-c0-v2,systematic_encode,per_payload_byte,3,5,low_v1,prefix_pruned_parent,parent_preserving,exact_structural_radix2_dag,4,4,16,16,8,8,1,7,2.0,gf8,gf8,false,false,12,24,12,40,40,8,1,6,16,0,132,0.977272727
leopard2-c0-v2,systematic_encode,per_payload_byte,3,5,low_v1,dependency_pruned_parent,parent_preserving,exact_structural_radix2_dag,4,4,16,16,8,8,1,7,2.0,gf8,gf8,false,false,11,22,11,38,38,8,2,6,16,0,128,1.0078125
leopard2-c0-v2,systematic_encode,per_payload_byte,3,5,low_v1,recursive_truncated_parent,parent_preserving,exact_arithmetic_lower_bound_scratch,4,4,16,16,8,8,1,7,2.0,gf8,gf8,false,false,11,22,11,38,38,4,4,6,16,0,136,0.948529412
leopard2-c0-v2,systematic_encode,per_payload_byte,3,5,low_v1,binary_dyadic_exact,new_exact_profile,heuristic_optimistic_cross_block,4,3,16,8,8,8,1,7,2.0,gf8,gf8,false,false,3,15,12,38,29,3,3,6,14,0,118,1.093220339
leopard2-c0-v2,systematic_encode,per_payload_byte,3,5,low_v1,full_block_tail_exact,new_exact_profile,heuristic_conservative_dense_join,4,3,16,8,8,8,1,7,2.0,gf8,gf8,false,false,3,12,12,35,29,3,6,9,14,0,124,1.040322581
leopard2-c0-v2,systematic_encode,per_payload_byte,3,5,low_v1,direct_matrix_exact,new_exact_profile,exact_dense_generator_arithmetic,4,3,16,8,8,8,1,7,2.0,gf8,gf8,false,false,0,10,15,15,5,1,0,1,0,0,60,2.15
leopard2-c0-v2,systematic_encode,per_payload_byte,3,5,low_v1,subproduct_tree_exact,new_exact_profile,asymptotic_generic_polynomial_proxy,4,3,16,8,8,8,1,7,2.0,gf8,gf8,false,false,216,216,216,432,216,32,3,9,0,0,1308,0.098623853
leopard2-c0-v2,systematic_encode,per_payload_byte,3,7,legacy_high_v1,padded_dyadic_parent,parent_preserving,exact_structural_radix2_dag,8,8,16,16,10,6,5,1,1.6,gf8,gf8,false,false,24,48,24,66,71,16,0,6,18,5,233,1.0
leopard2-c0-v2,systematic_encode,per_payload_byte,3,7,legacy_high_v1,prefix_pruned_parent,parent_preserving,exact_structural_radix2_dag,8,8,16,16,10,6,5,1,1.6,gf8,gf8,false,false,20,40,20,58,58,16,1,6,18,0,200,1.165
leopard2-c0-v2,systematic_encode,per_payload_byte,3,7,legacy_high_v1,dependency_pruned_parent,parent_preserving,exact_structural_radix2_dag,8,8,16,16,10,6,5,1,1.6,gf8,gf8,false,false,20,40,20,58,58,16,2,6,18,0,204,1.142156863
leopard2-c0-v2,systematic_encode,per_payload_byte,3,7,legacy_high_v1,recursive_truncated_parent,parent_preserving,exact_arithmetic_lower_bound_scratch,8,8,16,16,10,6,5,1,1.6,gf8,gf8,false,false,20,40,20,58,58,8,6,6,18,0,220,1.059090909
leopard2-c0-v2,systematic_encode,per_payload_byte,3,7,legacy_high_v1,binary_dyadic_exact,new_exact_profile,heuristic_optimistic_cross_block,8,7,16,10,10,6,5,1,1.6,gf8,gf8,false,false,10,48,38,93,65,7,4,10,17,0,298,0.781879195
leopard2-c0-v2,systematic_encode,per_payload_byte,3,7,legacy_high_v1,full_block_tail_exact,new_exact_profile,heuristic_conservative_dense_join,8,7,16,10,10,6,5,1,1.6,gf8,gf8,false,false,8,52,50,111,63,7,4,8,17,0,342,0.68128655
leopard2-c0-v2,systematic_encode,per_payload_byte,3,7,legacy_high_v1,direct_matrix_exact,new_exact_profile,exact_dense_generator_arithmetic,8,7,16,10,10,6,5,1,1.6,gf8,gf8,false,false,0,14,21,21,7,1,0,1,0,0,84,2.773809524
leopard2-c0-v2,systematic_encode,per_payload_byte,3,7,legacy_high_v1,subproduct_tree_exact,new_exact_profile,asymptotic_generic_polynomial_proxy,8,7,16,10,10,6,5,1,1.6,gf8,gf8,false,false,480,480,480,960,480,40,4,12,0,0,2896,0.080455801
leopard2-c0-v2,systematic_encode,per_payload_byte,3,7,low_v1,padded_dyadic_parent,parent_preserving,exact_structural_radix2_dag,4,4,16,16,10,6,1,5,1.6,gf8,gf8,false,false,12,24,12,42,43,8,0,6,18,1,133,1.0
leopard2-c0-v2,systematic_encode,per_payload_byte,3,7,low_v1,prefix_pruned_parent,parent_preserving,exact_structural_radix2_dag,4,4,16,16,10,6,1,5,1.6,gf8,gf8,false,false,12,24,12,42,42,8,1,6,18,0,136,0.977941176
leopard2-c0-v2,systematic_encode,per_payload_byte,3,7,low_v1,dependency_pruned_parent,parent_preserving,exact_structural_radix2_dag,4,4,16,16,10,6,1,5,1.6,gf8,gf8,false,false,12,24,12,42,42,8,2,6,18,0,140,0.95
leopard2-c0-v2,systematic_encode,per_payload_byte,3,7,low_v1,recursive_truncated_parent,parent_preserving,exact_arithmetic_lower_bound_scratch,4,4,16,16,10,6,1,5,1.6,gf8,gf8,false,false,12,24,12,42,42,4,4,6,18,0,148,0.898648649
leopard2-c0-v2,systematic_encode,per_payload_byte,3,7,low_v1,binary_dyadic_exact,new_exact_profile,heuristic_optimistic_cross_block,4,3,16,10,10,6,1,5,1.6,gf8,gf8,false,false,4,20,16,51,39,3,4,8,19,0,158,0.841772152
leopard2-c0-v2,systematic_encode,per_payload_byte,3,7,low_v1,full_block_tail_exact,new_exact_profile,heuristic_conservative_dense_join,4,3,16,10,10,6,1,5,1.6,gf8,gf8,false,false,4,16,16,47,39,3,8,12,19,0,166,0.801204819
leopard2-c0-v2,systematic_encode,per_payload_byte,3,7,low_v1,direct_matrix_exact,new_exact_profile,exact_dense_generator_arithmetic,4,3,16,10,10,6,1,5,1.6,gf8,gf8,false,false,0,14,21,21,7,1,0,1,0,0,84,1.583333333
leopard2-c0-v2,systematic_encode,per_payload_byte,3,7,low_v1,subproduct_tree_exact,new_exact_profile,asymptotic_generic_polynomial_proxy,4,3,16,10,10,6,1,5,1.6,gf8,gf8,false,false,480,480,480,960,480,40,4,12,0,0,2896,0.045925414
leopard2-c0-v2,systematic_encode,per_payload_byte,3,9,legacy_high_v1,padded_dyadic_parent,parent_preserving,exact_structural_radix2_dag,16,16,32,32,12,20,13,7,2.666666667,gf8,gf8,false,false,64,128,64,156,169,32,0,8,28,13,581,1.0
leopard2-c0-v2,systematic_encode,per_payload_byte,3,9,legacy_high_v1,prefix_pruned_parent,parent_preserving,exact_structural_radix2_dag,16,16,32,32,12,20,13,7,2.666666667,gf8,gf8,false,false,48,96,48,124,124,32,1,8,28,0,444,1.308558559
leopard2-c0-v2,systematic_encode,per_payload_byte,3,9,legacy_high_v1,dependency_pruned_parent,parent_preserving,exact_structural_radix2_dag,16,16,32,32,12,20,13,7,2.666666667,gf8,gf8,false,false,48,96,48,124,124,32,2,8,28,0,448,1.296875
leopard2-c0-v2,systematic_encode,per_payload_byte,3,9,legacy_high_v1,recursive_truncated_parent,parent_preserving,exact_arithmetic_lower_bound_scratch,16,16,32,32,12,20,13,7,2.666666667,gf8,gf8,false,false,48,96,48,124,124,16,8,8,28,0,472,1.230932203
leopard2-c0-v2,systematic_encode,per_payload_byte,3,9,legacy_high_v1,binary_dyadic_exact,new_exact_profile,heuristic_optimistic_cross_block,16,9,32,12,12,20,13,7,2.666666667,gf8,gf8,false,false,24,66,42,105,87,9,2,8,21,0,350,1.66
leopard2-c0-v2,systematic_encode,per_payload_byte,3,9,legacy_high_v1,full_block_tail_exact,new_exact_profile,heuristic_conservative_dense_join,16,9,32,12,12,20,13,7,2.666666667,gf8,gf8,false,false,24,64,42,103,87,9,4,10,21,0,354,1.641242938
leopard2-c0-v2,systematic_encode,per_payload_byte,3,9,legacy_high_v1,direct_matrix_exact,new_exact_profile,exact_dense_generator_arithmetic,16,9,32,12,12,20,13,7,2.666666667,gf8,gf8,false,false,0,18,27,27,9,1,0,1,0,0,108,5.37962963
leopard2-c0-v2,systematic_encode,per_payload_byte,3,9,legacy_high_v1,subproduct_tree_exact,new_exact_profile,asymptotic_generic_polynomial_proxy,16,9,32,12,12,20,13,7,2.666666667,gf8,gf8,false,false,576,576,576,1152,576,48,4,12,0,0,3472,0.16733871
leopard2-c0-v2,systematic_encode,per_payload_byte,3,9,low_v1,padded_dyadic_parent,parent_preserving,exact_structural_radix2_dag,4,4,16,16,12,4,1,3,1.333333333,gf8,gf8,false,false,16,32,16,56,57,8,0,8,24,1,177,1.0
leopard2-c0-v2,systematic_encode,per_payload_byte,3,9,low_v1,prefix_pruned_parent,parent_preserving,exact_structural_radix2_dag,4,4,16,16,12,4,1,3,1.333333333,gf8,gf8,false,false,16,32,16,56,56,8,1,8,24,0,180,0.983333333
leopard2-c0-v2,systematic_encode,per_payload_byte,3,9,low_v1,dependency_pruned_parent,parent_preserving,exact_structural_radix2_dag,4,4,16,16,12,4,1,3,1.333333333,gf8,gf8,false,false,15,30,15,54,54,8,2,8,24,0,176,1.005681818
leopard2-c0-v2,systematic_encode,per_payload_byte,3,9,low_v1,recursive_truncated_parent,parent_preserving,exact_arithmetic_lower_bound_scratch,4,4,16,16,12,4,1,3,1.333333333,gf8,gf8,false,false,15,30,15,54,54,4,4,8,24,0,184,0.961956522
leopard2-c0-v2,systematic_encode,per_payload_byte,3,9,low_v1,binary_dyadic_exact,new_exact_profile,heuristic_optimistic_cross_block,4,3,16,12,12,4,1,3,1.333333333,gf8,gf8,false,false,4,20,16,53,41,3,4,8,21,0,162,1.092592593
leopard2-c0-v2,systematic_encode,per_payload_byte,3,9,low_v1,full_block_tail_exact,new_exact_profile,heuristic_conservative_dense_join,4,3,16,12,12,4,1,3,1.333333333,gf8,gf8,false,false,4,16,16,49,41,3,8,12,21,0,170,1.041176471
leopard2-c0-v2,systematic_encode,per_payload_byte,3,9,low_v1,direct_matrix_exact,new_exact_profile,exact_dense_generator_arithmetic,4,3,16,12,12,4,1,3,1.333333333,gf8,gf8,false,false,0,18,27,27,9,1,0,1,0,0,108,1.638888889
leopard2-c0-v2,systematic_encode,per_payload_byte,3,9,low_v1,subproduct_tree_exact,new_exact_profile,asymptotic_generic_polynomial_proxy,4,3,16,12,12,4,1,3,1.333333333,gf8,gf8,false,false,576,576,576,1152,576,48,4,12,0,0,3472,0.050979263
leopard2-c0-v2,systematic_encode,per_payload_byte,3,15,legacy_high_v1,padded_dyadic_parent,parent_preserving,exact_structural_radix2_dag,16,16,32,32,18,14,13,1,1.777777778,gf8,gf8,false,false,64,128,64,162,175,32,0,8,34,13,593,1.0
leopard2-c0-v2,systematic_encode,per_payload_byte,3,15,legacy_high_v1,prefix_pruned_parent,parent_preserving,exact_structural_radix2_dag,16,16,32,32,18,14,13,1,1.777777778,gf8,gf8,false,false,48,96,48,130,130,32,1,8,34,0,456,1.300438596
leopard2-c0-v2,systematic_encode,per_payload_byte,3,15,legacy_high_v1,dependency_pruned_parent,parent_preserving,exact_structural_radix2_dag,16,16,32,32,18,14,13,1,1.777777778,gf8,gf8,false,false,48,96,48,130,130,32,2,8,34,0,460,1.289130435
leopard2-c0-v2,systematic_encode,per_payload_byte,3,15,legacy_high_v1,recursive_truncated_parent,parent_preserving,exact_arithmetic_lower_bound_scratch,16,16,32,32,18,14,13,1,1.777777778,gf8,gf8,false,false,48,96,48,130,130,16,8,8,34,0,484,1.225206612
leopard2-c0-v2,systematic_encode,per_payload_byte,3,15,legacy_high_v1,binary_dyadic_exact,new_exact_profile,heuristic_optimistic_cross_block,16,15,32,18,18,14,13,1,1.777777778,gf8,gf8,false,false,34,158,124,281,191,15,6,18,33,0,902,0.657427938
leopard2-c0-v2,systematic_encode,per_payload_byte,3,15,legacy_high_v1,full_block_tail_exact,new_exact_profile,heuristic_conservative_dense_join,16,15,32,18,18,14,13,1,1.777777778,gf8,gf8,false,false,24,244,234,487,207,15,4,10,33,0,1422,0.417018284
leopard2-c0-v2,systematic_encode,per_payload_byte,3,15,legacy_high_v1,direct_matrix_exact,new_exact_profile,exact_dense_generator_arithmetic,16,15,32,18,18,14,13,1,1.777777778,gf8,gf8,false,false,0,30,45,45,15,1,0,1,0,0,180,3.294444444
leopard2-c0-v2,systematic_encode,per_payload_byte,3,15,legacy_high_v1,subproduct_tree_exact,new_exact_profile,asymptotic_generic_polynomial_proxy,16,15,32,18,18,14,13,1,1.777777778,gf8,gf8,false,false,1350,1350,1350,2700,1350,72,5,15,0,0,8120,0.073029557
leopard2-c0-v2,systematic_encode,per_payload_byte,3,15,low_v1,padded_dyadic_parent,parent_preserving,exact_structural_radix2_dag,4,4,32,32,18,14,1,13,1.777777778,gf8,gf8,false,false,20,40,20,74,75,8,0,10,34,1,229,1.0
leopard2-c0-v2,systematic_encode,per_payload_byte,3,15,low_v1,prefix_pruned_parent,parent_preserving,exact_structural_radix2_dag,4,4,32,32,18,14,1,13,1.777777778,gf8,gf8,false,false,20,40,20,74,74,8,1,10,34,0,232,0.987068966
leopard2-c0-v2,systematic_encode,per_payload_byte,3,15,low_v1,dependency_pruned_parent,parent_preserving,exact_structural_radix2_dag,4,4,32,32,18,14,1,13,1.777777778,gf8,gf8,false,false,20,40,20,74,74,8,2,10,34,0,236,0.970338983
leopard2-c0-v2,systematic_encode,per_payload_byte,3,15,low_v1,recursive_truncated_parent,parent_preserving,exact_arithmetic_lower_bound_scratch,4,4,32,32,18,14,1,13,1.777777778,gf8,gf8,false,false,20,40,20,74,74,4,4,10,34,0,244,0.93852459
leopard2-c0-v2,systematic_encode,per_payload_byte,3,15,low_v1,binary_dyadic_exact,new_exact_profile,heuristic_optimistic_cross_block,4,3,32,18,18,14,1,13,1.777777778,gf8,gf8,false,false,6,30,24,81,63,3,6,12,33,0,246,0.930894309
leopard2-c0-v2,systematic_encode,per_payload_byte,3,15,low_v1,full_block_tail_exact,new_exact_profile,heuristic_conservative_dense_join,4,3,32,18,18,14,1,13,1.777777778,gf8,gf8,false,false,6,24,24,75,63,3,12,18,33,0,258,0.887596899
leopard2-c0-v2,systematic_encode,per_payload_byte,3,15,low_v1,direct_matrix_exact,new_exact_profile,exact_dense_generator_arithmetic,4,3,32,18,18,14,1,13,1.777777778,gf8,gf8,false,false,0,30,45,45,15,1,0,1,0,0,180,1.272222222
leopard2-c0-v2,systematic_encode,per_payload_byte,3,15,low_v1,subproduct_tree_exact,new_exact_profile,asymptotic_generic_polynomial_proxy,4,3,32,18,18,14,1,13,1.777777778,gf8,gf8,false,false,1350,1350,1350,2700,1350,72,5,15,0,0,8120,0.02820197
leopard2-c0-v2,systematic_encode,per_payload_byte,3,17,legacy_high_v1,padded_dyadic_parent,parent_preserving,exact_structural_radix2_dag,32,32,64,64,20,44,29,15,3.2,gf8,gf8,false,false,160,320,160,372,401,64,0,10,52,29,1413,1.0
leopard2-c0-v2,systematic_encode,per_payload_byte,3,17,legacy_high_v1,prefix_pruned_parent,parent_preserving,exact_structural_radix2_dag,32,32,64,64,20,44,29,15,3.2,gf8,gf8,false,false,112,224,112,276,276,64,1,10,52,0,1004,1.407370518
leopard2-c0-v2,systematic_encode,per_payload_byte,3,17,legacy_high_v1,dependency_pruned_parent,parent_preserving,exact_structural_radix2_dag,32,32,64,64,20,44,29,15,3.2,gf8,gf8,false,false,112,224,112,276,276,64,2,10,52,0,1008,1.401785714
leopard2-c0-v2,systematic_encode,per_payload_byte,3,17,legacy_high_v1,recursive_truncated_parent,parent_preserving,exact_arithmetic_lower_bound_scratch,32,32,64,64,20,44,29,15,3.2,gf8,gf8,false,false,112,224,112,276,276,32,10,10,52,0,1040,1.358653846
leopard2-c0-v2,systematic_encode,per_payload_byte,3,17,legacy_high_v1,binary_dyadic_exact,new_exact_profile,heuristic_optimistic_cross_block,32,17,64,20,20,44,29,15,3.2,gf8,gf8,false,false,64,162,98,233,199,17,2,10,37,0,798,1.770676692
leopard2-c0-v2,systematic_encode,per_payload_byte,3,17,legacy_high_v1,full_block_tail_exact,new_exact_profile,heuristic_conservative_dense_join,32,17,64,20,20,44,29,15,3.2,gf8,gf8,false,false,64,160,98,231,199,17,4,12,37,0,802,1.761845387
leopard2-c0-v2,systematic_encode,per_payload_byte,3,17,legacy_high_v1,direct_matrix_exact,new_exact_profile,exact_dense_generator_arithmetic,32,17,64,20,20,44,29,15,3.2,gf8,gf8,false,false,0,34,51,51,17,1,0,1,0,0,204,6.926470588
leopard2-c0-v2,systematic_encode,per_payload_byte,3,17,legacy_high_v1,subproduct_tree_exact,new_exact_profile,asymptotic_generic_polynomial_proxy,32,17,64,20,20,44,29,15,3.2,gf8,gf8,false,false,1500,1500,1500,3000,1500,80,5,15,0,0,9020,0.156651885
leopard2-c0-v2,systematic_encode,per_payload_byte,3,17,low_v1,padded_dyadic_parent,parent_preserving,exact_structural_radix2_dag,4,4,32,32,20,12,1,11,1.6,gf8,gf8,false,false,24,48,24,88,89,8,0,12,40,1,273,1.0
leopard2-c0-v2,systematic_encode,per_payload_byte,3,17,low_v1,prefix_pruned_parent,parent_preserving,exact_structural_radix2_dag,4,4,32,32,20,12,1,11,1.6,gf8,gf8,false,false,24,48,24,88,88,8,1,12,40,0,276,0.989130435
leopard2-c0-v2,systematic_encode,per_payload_byte,3,17,low_v1,dependency_pruned_parent,parent_preserving,exact_structural_radix2_dag,4,4,32,32,20,12,1,11,1.6,gf8,gf8,false,false,23,46,23,86,86,8,2,12,40,0,272,1.003676471
leopard2-c0-v2,systematic_encode,per_payload_byte,3,17,low_v1,recursive_truncated_parent,parent_preserving,exact_arithmetic_lower_bound_scratch,4,4,32,32,20,12,1,11,1.6,gf8,gf8,false,false,23,46,23,86,86,4,4,12,40,0,280,0.975
leopard2-c0-v2,systematic_encode,per_payload_byte,3,17,low_v1,binary_dyadic_exact,new_exact_profile,heuristic_optimistic_cross_block,4,3,32,20,20,12,1,11,1.6,gf8,gf8,false,false,7,35,28,94,73,3,7,14,38,0,286,0.954545455
leopard2-c0-v2,systematic_encode,per_payload_byte,3,17,low_v1,full_block_tail_exact,new_exact_profile,heuristic_conservative_dense_join,4,3,32,20,20,12,1,11,1.6,gf8,gf8,false,false,7,28,28,87,73,3,14,21,38,0,300,0.91
leopard2-c0-v2,systematic_encode,per_payload_byte,3,17,low_v1,direct_matrix_exact,new_exact_profile,exact_dense_generator_arithmetic,4,3,32,20,20,12,1,11,1.6,gf8,gf8,false,false,0,34,51,51,17,1,0,1,0,0,204,1.338235294
leopard2-c0-v2,systematic_encode,per_payload_byte,3,17,low_v1,subproduct_tree_exact,new_exact_profile,asymptotic_generic_polynomial_proxy,4,3,32,20,20,12,1,11,1.6,gf8,gf8,false,false,1500,1500,1500,3000,1500,80,5,15,0,0,9020,0.030266075
leopard2-c0-v2,systematic_encode,per_payload_byte,3,31,legacy_high_v1,padded_dyadic_parent,parent_preserving,exact_structural_radix2_dag,32,32,64,64,34,30,29,1,1.882352941,gf8,gf8,false,false,160,320,160,386,415,64,0,10,66,29,1441,1.0
leopard2-c0-v2,systematic_encode,per_payload_byte,3,31,legacy_high_v1,prefix_pruned_parent,parent_preserving,exact_structural_radix2_dag,32,32,64,64,34,30,29,1,1.882352941,gf8,gf8,false,false,112,224,112,290,290,64,1,10,66,0,1032,1.396317829
leopard2-c0-v2,systematic_encode,per_payload_byte,3,31,legacy_high_v1,dependency_pruned_parent,parent_preserving,exact_structural_radix2_dag,32,32,64,64,34,30,29,1,1.882352941,gf8,gf8,false,false,112,224,112,290,290,64,2,10,66,0,1036,1.390926641
leopard2-c0-v2,systematic_encode,per_payload_byte,3,31,legacy_high_v1,recursive_truncated_parent,parent_preserving,exact_arithmetic_lower_bound_scratch,32,32,64,64,34,30,29,1,1.882352941,gf8,gf8,false,false,112,224,112,290,290,32,10,10,66,0,1068,1.349250936
leopard2-c0-v2,systematic_encode,per_payload_byte,3,31,legacy_high_v1,binary_dyadic_exact,new_exact_profile,heuristic_optimistic_cross_block,32,31,64,34,34,30,29,1,1.882352941,gf8,gf8,false,false,98,444,346,757,509,31,8,28,65,0,2434,0.592029581
leopard2-c0-v2,systematic_encode,per_payload_byte,3,31,legacy_high_v1,full_block_tail_exact,new_exact_profile,heuristic_conservative_dense_join,32,31,64,34,34,30,29,1,1.882352941,gf8,gf8,false,false,64,1028,994,2023,703,31,4,12,65,0,5758,0.250260507
leopard2-c0-v2,systematic_encode,per_payload_byte,3,31,legacy_high_v1,direct_matrix_exact,new_exact_profile,exact_dense_generator_arithmetic,32,31,64,34,34,30,29,1,1.882352941,gf8,gf8,false,false,0,62,93,93,31,1,0,1,0,0,372,3.873655914
leopard2-c0-v2,systematic_encode,per_payload_byte,3,31,legacy_high_v1,subproduct_tree_exact,new_exact_profile,asymptotic_generic_polynomial_proxy,32,31,64,34,34,30,29,1,1.882352941,gf8,gf8,false,false,3672,3672,3672,7344,3672,136,6,18,0,0,22056,0.065333696
leopard2-c0-v2,systematic_encode,per_payload_byte,3,31,low_v1,padded_dyadic_parent,parent_preserving,exact_structural_radix2_dag,4,4,64,64,34,30,1,29,1.882352941,gf8,gf8,false,false,36,72,36,138,139,8,0,18,66,1,421,1.0
leopard2-c0-v2,systematic_encode,per_payload_byte,3,31,low_v1,prefix_pruned_parent,parent_preserving,exact_structural_radix2_dag,4,4,64,64,34,30,1,29,1.882352941,gf8,gf8,false,false,36,72,36,138,138,8,1,18,66,0,424,0.992924528
leopard2-c0-v2,systematic_encode,per_payload_byte,3,31,low_v1,dependency_pruned_parent,parent_preserving,exact_structural_radix2_dag,4,4,64,64,34,30,1,29,1.882352941,gf8,gf8,false,false,36,72,36,138,138,8,2,18,66,0,428,0.98364486
leopard2-c0-v2,systematic_encode,per_payload_byte,3,31,low_v1,recursive_truncated_parent,parent_preserving,exact_arithmetic_lower_bound_scratch,4,4,64,64,34,30,1,29,1.882352941,gf8,gf8,false,false,36,72,36,138,138,4,4,18,66,0,436,0.96559633
leopard2-c0-v2,systematic_encode,per_payload_byte,3,31,low_v1,binary_dyadic_exact,new_exact_profile,heuristic_optimistic_cross_block,4,3,64,34,34,30,1,29,1.882352941,gf8,gf8,false,false,12,60,48,163,127,3,12,24,67,0,494,0.852226721
leopard2-c0-v2,systematic_encode,per_payload_byte,3,31,low_v1,full_block_tail_exact,new_exact_profile,heuristic_conservative_dense_join,4,3,64,34,34,30,1,29,1.882352941,gf8,gf8,false,false,12,48,48,151,127,3,24,36,67,0,518,0.812741313
leopard2-c0-v2,systematic_encode,per_payload_byte,3,31,low_v1,direct_matrix_exact,new_exact_profile,exact_dense_generator_arithmetic,4,3,64,34,34,30,1,29,1.882352941,gf8,gf8,false,false,0,62,93,93,31,1,0,1,0,0,372,1.13172043
leopard2-c0-v2,systematic_encode,per_payload_byte,3,31,low_v1,subproduct_tree_exact,new_exact_profile,asymptotic_generic_polynomial_proxy,4,3,64,34,34,30,1,29,1.882352941,gf8,gf8,false,false,3672,3672,3672,7344,3672,136,6,18,0,0,22056,0.019087777
leopard2-c0-v2,systematic_encode,per_payload_byte,3,33,legacy_high_v1,padded_dyadic_parent,parent_preserving,exact_structural_radix2_dag,64,64,128,128,36,92,61,31,3.555555556,gf8,gf8,false,false,384,768,384,868,929,128,0,12,100,61,3333,1.0
leopard2-c0-v2,systematic_encode,per_payload_byte,3,33,legacy_high_v1,prefix_pruned_parent,parent_preserving,exact_structural_radix2_dag,64,64,128,128,36,92,61,31,3.555555556,gf8,gf8,false,false,256,512,256,612,612,128,1,12,100,0,2252,1.480017762
leopard2-c0-v2,systematic_encode,per_payload_byte,3,33,legacy_high_v1,dependency_pruned_parent,parent_preserving,exact_structural_radix2_dag,64,64,128,128,36,92,61,31,3.555555556,gf8,gf8,false,false,256,512,256,612,612,128,2,12,100,0,2256,1.477393617
leopard2-c0-v2,systematic_encode,per_payload_byte,3,33,legacy_high_v1,recursive_truncated_parent,parent_preserving,exact_arithmetic_lower_bound_scratch,64,64,128,128,36,92,61,31,3.555555556,gf8,gf8,false,false,256,512,256,612,612,64,12,12,100,0,2296,1.451655052
leopard2-c0-v2,systematic_encode,per_payload_byte,3,33,legacy_high_v1,binary_dyadic_exact,new_exact_profile,heuristic_optimistic_cross_block,64,33,128,36,36,92,61,31,3.555555556,gf8,gf8,false,false,160,386,226,521,455,33,2,12,69,0,1822,1.829308452
leopard2-c0-v2,systematic_encode,per_payload_byte,3,33,legacy_high_v1,full_block_tail_exact,new_exact_profile,heuristic_conservative_dense_join,64,33,128,36,36,92,61,31,3.555555556,gf8,gf8,false,false,160,384,226,519,455,33,4,14,69,0,1826,1.825301205
leopard2-c0-v2,systematic_encode,per_payload_byte,3,33,legacy_high_v1,direct_matrix_exact,new_exact_profile,exact_dense_generator_arithmetic,64,33,128,36,36,92,61,31,3.555555556,gf8,gf8,false,false,0,66,99,99,33,1,0,1,0,0,396,8.416666667
leopard2-c0-v2,systematic_encode,per_payload_byte,3,33,legacy_high_v1,subproduct_tree_exact,new_exact_profile,asymptotic_generic_polynomial_proxy,64,33,128,36,36,92,61,31,3.555555556,gf8,gf8,false,false,3888,3888,3888,7776,3888,144,6,18,0,0,23352,0.142728674
leopard2-c0-v2,systematic_encode,per_payload_byte,3,33,low_v1,padded_dyadic_parent,parent_preserving,exact_structural_radix2_dag,4,4,64,64,36,28,1,27,1.777777778,gf8,gf8,false,false,40,80,40,152,153,8,0,20,72,1,465,1.0
leopard2-c0-v2,systematic_encode,per_payload_byte,3,33,low_v1,prefix_pruned_parent,parent_preserving,exact_structural_radix2_dag,4,4,64,64,36,28,1,27,1.777777778,gf8,gf8,false,false,40,80,40,152,152,8,1,20,72,0,468,0.993589744
leopard2-c0-v2,systematic_encode,per_payload_byte,3,33,low_v1,dependency_pruned_parent,parent_preserving,exact_structural_radix2_dag,4,4,64,64,36,28,1,27,1.777777778,gf8,gf8,false,false,39,78,39,150,150,8,2,20,72,0,464,1.002155172
leopard2-c0-v2,systematic_encode,per_payload_byte,3,33,low_v1,recursive_truncated_parent,parent_preserving,exact_arithmetic_lower_bound_scratch,4,4,64,64,36,28,1,27,1.777777778,gf8,gf8,false,false,39,78,39,150,150,4,4,20,72,0,472,0.985169492
leopard2-c0-v2,systematic_encode,per_payload_byte,3,33,low_v1,binary_dyadic_exact,new_exact_profile,heuristic_optimistic_cross_block,4,3,64,36,36,28,1,27,1.777777778,gf8,gf8,false,false,12,60,48,165,129,3,12,24,69,0,498,0.93373494
leopard2-c0-v2,systematic_encode,per_payload_byte,3,33,low_v1,full_block_tail_exact,new_exact_profile,heuristic_conservative_dense_join,4,3,64,36,36,28,1,27,1.777777778,gf8,gf8,false,false,12,48,48,153,129,3,24,36,69,0,522,0.890804598
leopard2-c0-v2,systematic_encode,per_payload_byte,3,33,low_v1,direct_matrix_exact,new_exact_profile,exact_dense_generator_arithmetic,4,3,64,36,36,28,1,27,1.777777778,gf8,gf8,false,false,0,66,99,99,33,1,0,1,0,0,396,1.174242424
leopard2-c0-v2,systematic_encode,per_payload_byte,3,33,low_v1,subproduct_tree_exact,new_exact_profile,asymptotic_generic_polynomial_proxy,4,3,64,36,36,28,1,27,1.777777778,gf8,gf8,false,false,3888,3888,3888,7776,3888,144,6,18,0,0,23352,0.019912641
leopard2-c0-v2,systematic_encode,per_payload_byte,3,63,legacy_high_v1,padded_dyadic_parent,parent_preserving,exact_structural_radix2_dag,64,64,128,128,66,62,61,1,1.939393939,gf8,gf8,false,false,384,768,384,898,959,128,0,12,130,61,3393,1.0
leopard2-c0-v2,systematic_encode,per_payload_byte,3,63,legacy_high_v1,prefix_pruned_parent,parent_preserving,exact_structural_radix2_dag,64,64,128,128,66,62,61,1,1.939393939,gf8,gf8,false,false,256,512,256,642,642,128,1,12,130,0,2312,1.467560554
leopard2-c0-v2,systematic_encode,per_payload_byte,3,63,legacy_high_v1,dependency_pruned_parent,parent_preserving,exact_structural_radix2_dag,64,64,128,128,66,62,61,1,1.939393939,gf8,gf8,false,false,256,512,256,642,642,128,2,12,130,0,2316,1.465025907
leopard2-c0-v2,systematic_encode,per_payload_byte,3,63,legacy_high_v1,recursive_truncated_parent,parent_preserving,exact_arithmetic_lower_bound_scratch,64,64,128,128,66,62,61,1,1.939393939,gf8,gf8,false,false,256,512,256,642,642,64,12,12,130,0,2356,1.440152801
leopard2-c0-v2,systematic_encode,per_payload_byte,3,63,legacy_high_v1,binary_dyadic_exact,new_exact_profile,heuristic_optimistic_cross_block,64,63,128,66,66,62,61,1,1.939393939,gf8,gf8,false,false,258,1146,888,1905,1275,63,10,40,129,0,6142,0.55242592
leopard2-c0-v2,systematic_encode,per_payload_byte,3,63,legacy_high_v1,full_block_tail_exact,new_exact_profile,heuristic_conservative_dense_join,64,63,128,66,66,62,61,1,1.939393939,gf8,gf8,false,false,160,4164,4066,8199,2495,63,4,14,129,0,23006,0.147483265
leopard2-c0-v2,systematic_encode,per_payload_byte,3,63,legacy_high_v1,direct_matrix_exact,new_exact_profile,exact_dense_generator_arithmetic,64,63,128,66,66,62,61,1,1.939393939,gf8,gf8,false,false,0,126,189,189,63,1,0,1,0,0,756,4.488095238
leopard2-c0-v2,systematic_encode,per_payload_byte,3,63,legacy_high_v1,subproduct_tree_exact,new_exact_profile,asymptotic_generic_polynomial_proxy,64,63,128,66,66,62,61,1,1.939393939,gf8,gf8,false,false,9702,9702,9702,19404,9702,264,7,21,0,0,58240,0.058258929
leopard2-c0-v2,systematic_encode,per_payload_byte,3,63,low_v1,padded_dyadic_parent,parent_preserving,exact_structural_radix2_dag,4,4,128,128,66,62,1,61,1.939393939,gf8,gf8,false,false,68,136,68,266,267,8,0,34,130,1,805,1.0
leopard2-c0-v2,systematic_encode,per_payload_byte,3,63,low_v1,prefix_pruned_parent,parent_preserving,exact_structural_radix2_dag,4,4,128,128,66,62,1,61,1.939393939,gf8,gf8,false,false,68,136,68,266,266,8,1,34,130,0,808,0.996287129
leopard2-c0-v2,systematic_encode,per_payload_byte,3,63,low_v1,dependency_pruned_parent,parent_preserving,exact_structural_radix2_dag,4,4,128,128,66,62,1,61,1.939393939,gf8,gf8,false,false,68,136,68,266,266,8,2,34,130,0,812,0.99137931
leopard2-c0-v2,systematic_encode,per_payload_byte,3,63,low_v1,recursive_truncated_parent,parent_preserving,exact_arithmetic_lower_bound_scratch,4,4,128,128,66,62,1,61,1.939393939,gf8,gf8,false,false,68,136,68,266,266,4,4,34,130,0,820,0.981707317
leopard2-c0-v2,systematic_encode,per_payload_byte,3,63,low_v1,binary_dyadic_exact,new_exact_profile,heuristic_optimistic_cross_block,4,3,128,66,66,62,1,61,1.939393939,gf8,gf8,false,false,22,110,88,305,239,3,22,44,129,0,918,0.876906318
leopard2-c0-v2,systematic_encode,per_payload_byte,3,63,low_v1,full_block_tail_exact,new_exact_profile,heuristic_conservative_dense_join,4,3,128,66,66,62,1,61,1.939393939,gf8,gf8,false,false,22,88,88,283,239,3,44,66,129,0,962,0.836798337
leopard2-c0-v2,systematic_encode,per_payload_byte,3,63,low_v1,direct_matrix_exact,new_exact_profile,exact_dense_generator_arithmetic,4,3,128,66,66,62,1,61,1.939393939,gf8,gf8,false,false,0,126,189,189,63,1,0,1,0,0,756,1.064814815
leopard2-c0-v2,systematic_encode,per_payload_byte,3,63,low_v1,subproduct_tree_exact,new_exact_profile,asymptotic_generic_polynomial_proxy,4,3,128,66,66,62,1,61,1.939393939,gf8,gf8,false,false,9702,9702,9702,19404,9702,264,7,21,0,0,58240,0.013822115
leopard2-c0-v2,systematic_encode,per_payload_byte,3,65,legacy_high_v1,padded_dyadic_parent,parent_preserving,exact_structural_radix2_dag,128,128,256,256,68,188,125,63,3.764705882,gf8,gf8,false,false,896,1792,896,1988,2113,256,0,14,196,125,7685,1.0
leopard2-c0-v2,systematic_encode,per_payload_byte,3,65,legacy_high_v1,prefix_pruned_parent,parent_preserving,exact_structural_radix2_dag,128,128,256,256,68,188,125,63,3.764705882,gf8,gf8,false,false,576,1152,576,1348,1348,256,1,14,196,0,5004,1.535771383
leopard2-c0-v2,systematic_encode,per_payload_byte,3,65,legacy_high_v1,dependency_pruned_parent,parent_preserving,exact_structural_radix2_dag,128,128,256,256,68,188,125,63,3.764705882,gf8,gf8,false,false,576,1152,576,1348,1348,256,2,14,196,0,5008,1.534544728
leopard2-c0-v2,systematic_encode,per_payload_byte,3,65,legacy_high_v1,recursive_truncated_parent,parent_preserving,exact_arithmetic_lower_bound_scratch,128,128,256,256,68,188,125,63,3.764705882,gf8,gf8,false,false,576,1152,576,1348,1348,128,14,14,196,0,5056,1.519976266
leopard2-c0-v2,systematic_encode,per_payload_byte,3,65,legacy_high_v1,binary_dyadic_exact,new_exact_profile,heuristic_optimistic_cross_block,128,65,256,68,68,188,125,63,3.764705882,gf8,gf8,false,false,384,898,514,1161,1031,65,2,14,133,0,4126,1.862578769
leopard2-c0-v2,systematic_encode,per_payload_byte,3,65,legacy_high_v1,full_block_tail_exact,new_exact_profile,heuristic_conservative_dense_join,128,65,256,68,68,188,125,63,3.764705882,gf8,gf8,false,false,384,896,514,1159,1031,65,4,16,133,0,4130,1.860774818
leopard2-c0-v2,systematic_encode,per_payload_byte,3,65,legacy_high_v1,direct_matrix_exact,new_exact_profile,exact_dense_generator_arithmetic,128,65,256,68,68,188,125,63,3.764705882,gf8,gf8,false,false,0,130,195,195,65,1,0,1,0,0,780,9.852564103
leopard2-c0-v2,systematic_encode,per_payload_byte,3,65,legacy_high_v1,subproduct_tree_exact,new_exact_profile,asymptotic_generic_polynomial_proxy,128,65,256,68,68,188,125,63,3.764705882,gf8,gf8,false,false,9996,9996,9996,19992,9996,272,7,21,0,0,60004,0.128074795
leopard2-c0-v2,systematic_encode,per_payload_byte,3,65,low_v1,padded_dyadic_parent,parent_preserving,exact_structural_radix2_dag,4,4,128,128,68,60,1,59,1.882352941,gf8,gf8,false,false,72,144,72,280,281,8,0,36,136,1,849,1.0
leopard2-c0-v2,systematic_encode,per_payload_byte,3,65,low_v1,prefix_pruned_parent,parent_preserving,exact_structural_radix2_dag,4,4,128,128,68,60,1,59,1.882352941,gf8,gf8,false,false,72,144,72,280,280,8,1,36,136,0,852,0.996478873
leopard2-c0-v2,systematic_encode,per_payload_byte,3,65,low_v1,dependency_pruned_parent,parent_preserving,exact_structural_radix2_dag,4,4,128,128,68,60,1,59,1.882352941,gf8,gf8,false,false,71,142,71,278,278,8,2,36,136,0,848,1.001179245
leopard2-c0-v2,systematic_encode,per_payload_byte,3,65,low_v1,recursive_truncated_parent,parent_preserving,exact_arithmetic_lower_bound_scratch,4,4,128,128,68,60,1,59,1.882352941,gf8,gf8,false,false,71,142,71,278,278,4,4,36,136,0,856,0.99182243
leopard2-c0-v2,systematic_encode,per_payload_byte,3,65,low_v1,binary_dyadic_exact,new_exact_profile,heuristic_optimistic_cross_block,4,3,128,68,68,60,1,59,1.882352941,gf8,gf8,false,false,23,115,92,318,249,3,23,46,134,0,958,0.886221294
leopard2-c0-v2,systematic_encode,per_payload_byte,3,65,low_v1,full_block_tail_exact,new_exact_profile,heuristic_conservative_dense_join,4,3,128,68,68,60,1,59,1.882352941,gf8,gf8,false,false,23,92,92,295,249,3,46,69,134,0,1004,0.84561753
leopard2-c0-v2,systematic_encode,per_payload_byte,3,65,low_v1,direct_matrix_exact,new_exact_profile,exact_dense_generator_arithmetic,4,3,128,68,68,60,1,59,1.882352941,gf8,gf8,false,false,0,130,195,195,65,1,0,1,0,0,780,1.088461538
leopard2-c0-v2,systematic_encode,per_payload_byte,3,65,low_v1,subproduct_tree_exact,new_exact_profile,asymptotic_generic_polynomial_proxy,4,3,128,68,68,60,1,59,1.882352941,gf8,gf8,false,false,9996,9996,9996,19992,9996,272,7,21,0,0,60004,0.014149057
leopard2-c0-v2,systematic_encode,per_payload_byte,3,127,legacy_high_v1,padded_dyadic_parent,parent_preserving,exact_structural_radix2_dag,128,128,256,256,130,126,125,1,1.969230769,gf8,gf8,false,false,896,1792,896,2050,2175,256,0,14,258,125,7809,1.0
leopard2-c0-v2,systematic_encode,per_payload_byte,3,127,legacy_high_v1,prefix_pruned_parent,parent_preserving,exact_structural_radix2_dag,128,128,256,256,130,126,125,1,1.969230769,gf8,gf8,false,false,576,1152,576,1410,1410,256,1,14,258,0,5128,1.522815913
leopard2-c0-v2,systematic_encode,per_payload_byte,3,127,legacy_high_v1,dependency_pruned_parent,parent_preserving,exact_structural_radix2_dag,128,128,256,256,130,126,125,1,1.969230769,gf8,gf8,false,false,576,1152,576,1410,1410,256,2,14,258,0,5132,1.521628995
leopard2-c0-v2,systematic_encode,per_payload_byte,3,127,legacy_high_v1,recursive_truncated_parent,parent_preserving,exact_arithmetic_lower_bound_scratch,128,128,256,256,130,126,125,1,1.969230769,gf8,gf8,false,false,576,1152,576,1410,1410,128,14,14,258,0,5180,1.507528958
leopard2-c0-v2,systematic_encode,per_payload_byte,3,127,legacy_high_v1,binary_dyadic_exact,new_exact_profile,heuristic_optimistic_cross_block,128,127,256,130,130,126,125,1,1.969230769,gf8,gf8,false,false,642,2808,2166,4589,3065,127,12,54,257,0,14842,0.526142029
leopard2-c0-v2,systematic_encode,per_payload_byte,3,127,legacy_high_v1,full_block_tail_exact,new_exact_profile,heuristic_conservative_dense_join,128,127,256,130,130,126,125,1,1.969230769,gf8,gf8,false,false,384,16644,16386,32903,9215,127,4,16,257,0,91550,0.085297652
leopard2-c0-v2,systematic_encode,per_payload_byte,3,127,legacy_high_v1,direct_matrix_exact,new_exact_profile,exact_dense_generator_arithmetic,128,127,256,130,130,126,125,1,1.969230769,gf8,gf8,false,false,0,254,381,381,127,1,0,1,0,0,1524,5.124015748
leopard2-c0-v2,systematic_encode,per_payload_byte,3,127,legacy_high_v1,subproduct_tree_exact,new_exact_profile,asymptotic_generic_polynomial_proxy,128,127,256,130,130,126,125,1,1.969230769,gf8,gf8,false,false,24960,24960,24960,49920,24960,520,8,24,0,0,149792,0.05213229
leopard2-c0-v2,systematic_encode,per_payload_byte,3,127,low_v1,padded_dyadic_parent,parent_preserving,exact_structural_radix2_dag,4,4,256,256,130,126,1,125,1.969230769,gf8,gf8,false,false,132,264,132,522,523,8,0,66,258,1,1573,1.0
leopard2-c0-v2,systematic_encode,per_payload_byte,3,127,low_v1,prefix_pruned_parent,parent_preserving,exact_structural_radix2_dag,4,4,256,256,130,126,1,125,1.969230769,gf8,gf8,false,false,132,264,132,522,522,8,1,66,258,0,1576,0.998096447
leopard2-c0-v2,systematic_encode,per_payload_byte,3,127,low_v1,dependency_pruned_parent,parent_preserving,exact_structural_radix2_dag,4,4,256,256,130,126,1,125,1.969230769,gf8,gf8,false,false,132,264,132,522,522,8,2,66,258,0,1580,0.99556962
leopard2-c0-v2,systematic_encode,per_payload_byte,3,127,low_v1,recursive_truncated_parent,parent_preserving,exact_arithmetic_lower_bound_scratch,4,4,256,256,130,126,1,125,1.969230769,gf8,gf8,false,false,132,264,132,522,522,4,4,66,258,0,1588,0.990554156
leopard2-c0-v2,systematic_encode,per_payload_byte,3,127,low_v1,binary_dyadic_exact,new_exact_profile,heuristic_optimistic_cross_block,4,3,256,130,130,126,1,125,1.969230769,gf8,gf8,false,false,44,220,176,611,479,3,44,88,259,0,1838,0.855821545
leopard2-c0-v2,systematic_encode,per_payload_byte,3,127,low_v1,full_block_tail_exact,new_exact_profile,heuristic_conservative_dense_join,4,3,256,130,130,126,1,125,1.969230769,gf8,gf8,false,false,44,176,176,567,479,3,88,132,259,0,1926,0.816718588
leopard2-c0-v2,systematic_encode,per_payload_byte,3,127,low_v1,direct_matrix_exact,new_exact_profile,exact_dense_generator_arithmetic,4,3,256,130,130,126,1,125,1.969230769,gf8,gf8,false,false,0,254,381,381,127,1,0,1,0,0,1524,1.032152231
leopard2-c0-v2,systematic_encode,per_payload_byte,3,127,low_v1,subproduct_tree_exact,new_exact_profile,asymptotic_generic_polynomial_proxy,4,3,256,130,130,126,1,125,1.969230769,gf8,gf8,false,false,24960,24960,24960,49920,24960,520,8,24,0,0,149792,0.010501228
leopard2-c0-v2,systematic_encode,per_payload_byte,3,129,legacy_high_v1,padded_dyadic_parent,parent_preserving,exact_structural_radix2_dag,256,256,512,512,132,380,253,127,3.878787879,gf16,gf16,true,false,2048,4096,2048,4484,4737,512,0,16,388,253,17413,1.0
leopard2-c0-v2,systematic_encode,per_payload_byte,3,129,legacy_high_v1,prefix_pruned_parent,parent_preserving,exact_structural_radix2_dag,256,256,512,512,132,380,253,127,3.878787879,gf16,gf16,true,false,1280,2560,1280,2948,2948,512,1,16,388,0,11020,1.580127042
leopard2-c0-v2,systematic_encode,per_payload_byte,3,129,legacy_high_v1,dependency_pruned_parent,parent_preserving,exact_structural_radix2_dag,256,256,512,512,132,380,253,127,3.878787879,gf16,gf16,true,false,1280,2560,1280,2948,2948,512,2,16,388,0,11024,1.579553701
leopard2-c0-v2,systematic_encode,per_payload_byte,3,129,legacy_high_v1,recursive_truncated_parent,parent_preserving,exact_arithmetic_lower_bound_scratch,256,256,512,512,132,380,253,127,3.878787879,gf16,gf16,true,false,1280,2560,1280,2948,2948,256,16,16,388,0,11080,1.571570397
leopard2-c0-v2,systematic_encode,per_payload_byte,3,129,legacy_high_v1,binary_dyadic_exact,new_exact_profile,heuristic_optimistic_cross_block,256,129,512,132,132,380,253,127,3.878787879,gf16,gf8,true,true,896,2050,1154,2569,2311,129,2,16,261,0,9246,1.883300887
leopard2-c0-v2,systematic_encode,per_payload_byte,3,129,legacy_high_v1,full_block_tail_exact,new_exact_profile,heuristic_conservative_dense_join,256,129,512,132,132,380,253,127,3.878787879,gf16,gf8,true,true,896,2048,1154,2567,2311,129,4,18,261,0,9250,1.882486486
leopard2-c0-v2,systematic_encode,per_payload_byte,3,129,legacy_high_v1,direct_matrix_exact,new_exact_profile,exact_dense_generator_arithmetic,256,129,512,132,132,380,253,127,3.878787879,gf16,gf8,true,true,0,258,387,387,129,1,0,1,0,0,1548,11.24870801
leopard2-c0-v2,systematic_encode,per_payload_byte,3,129,legacy_high_v1,subproduct_tree_exact,new_exact_profile,asymptotic_generic_polynomial_proxy,256,129,512,132,132,380,253,127,3.878787879,gf16,gf8,true,true,25344,25344,25344,50688,25344,528,8,24,0,0,152096,0.114486903
leopard2-c0-v2,systematic_encode,per_payload_byte,3,129,low_v1,padded_dyadic_parent,parent_preserving,exact_structural_radix2_dag,4,4,256,256,132,124,1,123,1.939393939,gf8,gf8,false,false,136,272,136,536,537,8,0,68,264,1,1617,1.0
leopard2-c0-v2,systematic_encode,per_payload_byte,3,129,low_v1,prefix_pruned_parent,parent_preserving,exact_structural_radix2_dag,4,4,256,256,132,124,1,123,1.939393939,gf8,gf8,false,false,136,272,136,536,536,8,1,68,264,0,1620,0.998148148
leopard2-c0-v2,systematic_encode,per_payload_byte,3,129,low_v1,dependency_pruned_parent,parent_preserving,exact_structural_radix2_dag,4,4,256,256,132,124,1,123,1.939393939,gf8,gf8,false,false,135,270,135,534,534,8,2,68,264,0,1616,1.000618812
leopard2-c0-v2,systematic_encode,per_payload_byte,3,129,low_v1,recursive_truncated_parent,parent_preserving,exact_arithmetic_lower_bound_scratch,4,4,256,256,132,124,1,123,1.939393939,gf8,gf8,false,false,135,270,135,534,534,4,4,68,264,0,1624,0.995689655
leopard2-c0-v2,systematic_encode,per_payload_byte,3,129,low_v1,binary_dyadic_exact,new_exact_profile,heuristic_optimistic_cross_block,4,3,256,132,132,124,1,123,1.939393939,gf8,gf8,false,false,44,220,176,613,481,3,44,88,261,0,1842,0.877850163
leopard2-c0-v2,systematic_encode,per_payload_byte,3,129,low_v1,full_block_tail_exact,new_exact_profile,heuristic_conservative_dense_join,4,3,256,132,132,124,1,123,1.939393939,gf8,gf8,false,false,44,176,176,569,481,3,88,132,261,0,1930,0.837823834
leopard2-c0-v2,systematic_encode,per_payload_byte,3,129,low_v1,direct_matrix_exact,new_exact_profile,exact_dense_generator_arithmetic,4,3,256,132,132,124,1,123,1.939393939,gf8,gf8,false,false,0,258,387,387,129,1,0,1,0,0,1548,1.044573643
leopard2-c0-v2,systematic_encode,per_payload_byte,3,129,low_v1,subproduct_tree_exact,new_exact_profile,asymptotic_generic_polynomial_proxy,4,3,256,132,132,124,1,123,1.939393939,gf8,gf8,false,false,25344,25344,25344,50688,25344,528,8,24,0,0,152096,0.010631443
leopard2-c0-v2,systematic_encode,per_payload_byte,3,255,legacy_high_v1,padded_dyadic_parent,parent_preserving,exact_structural_radix2_dag,256,256,512,512,258,254,253,1,1.984496124,gf16,gf16,false,false,2048,4096,2048,4610,4863,512,0,16,514,253,17665,1.0
leopard2-c0-v2,systematic_encode,per_payload_byte,3,255,legacy_high_v1,prefix_pruned_parent,parent_preserving,exact_structural_radix2_dag,256,256,512,512,258,254,253,1,1.984496124,gf16,gf16,false,false,1280,2560,1280,3074,3074,512,1,16,514,0,11272,1.567157559
leopard2-c0-v2,systematic_encode,per_payload_byte,3,255,legacy_high_v1,dependency_pruned_parent,parent_preserving,exact_structural_radix2_dag,256,256,512,512,258,254,253,1,1.984496124,gf16,gf16,false,false,1280,2560,1280,3074,3074,512,2,16,514,0,11276,1.566601632
leopard2-c0-v2,systematic_encode,per_payload_byte,3,255,legacy_high_v1,recursive_truncated_parent,parent_preserving,exact_arithmetic_lower_bound_scratch,256,256,512,512,258,254,253,1,1.984496124,gf16,gf16,false,false,1280,2560,1280,3074,3074,256,16,16,514,0,11332,1.558859866
leopard2-c0-v2,systematic_encode,per_payload_byte,3,255,legacy_high_v1,binary_dyadic_exact,new_exact_profile,heuristic_optimistic_cross_block,256,255,512,258,258,254,253,1,1.984496124,gf16,gf16,false,false,1538,6646,5108,10729,7159,255,14,70,513,0,34806,0.507527438
leopard2-c0-v2,systematic_encode,per_payload_byte,3,255,legacy_high_v1,full_block_tail_exact,new_exact_profile,heuristic_conservative_dense_join,256,255,512,258,258,254,253,1,1.984496124,gf16,gf16,false,false,896,66308,65666,131591,35071,255,4,18,513,0,364318,0.04848786
leopard2-c0-v2,systematic_encode,per_payload_byte,3,255,legacy_high_v1,direct_matrix_exact,new_exact_profile,exact_dense_generator_arithmetic,256,255,512,258,258,254,253,1,1.984496124,gf16,gf16,false,false,0,510,765,765,255,1,0,1,0,0,3060,5.772875817
leopard2-c0-v2,systematic_encode,per_payload_byte,3,255,legacy_high_v1,subproduct_tree_exact,new_exact_profile,asymptotic_generic_polynomial_proxy,256,255,512,258,258,254,253,1,1.984496124,gf16,gf16,false,false,62694,62694,62694,125388,62694,1032,9,27,0,0,376200,0.046956406
leopard2-c0-v2,systematic_encode,per_payload_byte,3,255,low_v1,padded_dyadic_parent,parent_preserving,exact_structural_radix2_dag,4,4,512,512,258,254,1,253,1.984496124,gf16,gf16,false,false,260,520,260,1034,1035,8,0,130,514,1,3109,1.0
leopard2-c0-v2,systematic_encode,per_payload_byte,3,255,low_v1,prefix_pruned_parent,parent_preserving,exact_structural_radix2_dag,4,4,512,512,258,254,1,253,1.984496124,gf16,gf16,false,false,260,520,260,1034,1034,8,1,130,514,0,3112,0.99903599
leopard2-c0-v2,systematic_encode,per_payload_byte,3,255,low_v1,dependency_pruned_parent,parent_preserving,exact_structural_radix2_dag,4,4,512,512,258,254,1,253,1.984496124,gf16,gf16,false,false,260,520,260,1034,1034,8,2,130,514,0,3116,0.99775353
leopard2-c0-v2,systematic_encode,per_payload_byte,3,255,low_v1,recursive_truncated_parent,parent_preserving,exact_arithmetic_lower_bound_scratch,4,4,512,512,258,254,1,253,1.984496124,gf16,gf16,false,false,260,520,260,1034,1034,4,4,130,514,0,3124,0.995198464
leopard2-c0-v2,systematic_encode,per_payload_byte,3,255,low_v1,binary_dyadic_exact,new_exact_profile,heuristic_optimistic_cross_block,4,3,512,258,258,254,1,253,1.984496124,gf16,gf16,false,false,86,430,344,1201,943,3,86,172,513,0,3606,0.862174154
leopard2-c0-v2,systematic_encode,per_payload_byte,3,255,low_v1,full_block_tail_exact,new_exact_profile,heuristic_conservative_dense_join,4,3,512,258,258,254,1,253,1.984496124,gf16,gf16,false,false,86,344,344,1115,943,3,172,258,513,0,3778,0.822922181
leopard2-c0-v2,systematic_encode,per_payload_byte,3,255,low_v1,direct_matrix_exact,new_exact_profile,exact_dense_generator_arithmetic,4,3,512,258,258,254,1,253,1.984496124,gf16,gf16,false,false,0,510,765,765,255,1,0,1,0,0,3060,1.016013072
leopard2-c0-v2,systematic_encode,per_payload_byte,3,255,low_v1,subproduct_tree_exact,new_exact_profile,asymptotic_generic_polynomial_proxy,4,3,512,258,258,254,1,253,1.984496124,gf16,gf16,false,false,62694,62694,62694,125388,62694,1032,9,27,0,0,376200,0.008264221
leopard2-c0-v2,systematic_encode,per_payload_byte,5,3,legacy_high_v1,padded_dyadic_parent,parent_preserving,exact_structural_radix2_dag,4,4,16,16,8,8,7,1,2.0,gf8,gf8,false,false,12,28,12,44,43,8,0,6,12,3,139,1.0
leopard2-c0-v2,systematic_encode,per_payload_byte,5,3,legacy_high_v1,prefix_pruned_parent,parent_preserving,exact_structural_radix2_dag,4,4,16,16,8,8,7,1,2.0,gf8,gf8,false,false,11,26,11,42,38,8,1,6,12,0,132,1.053030303
leopard2-c0-v2,systematic_encode,per_payload_byte,5,3,legacy_high_v1,dependency_pruned_parent,parent_preserving,exact_structural_radix2_dag,4,4,16,16,8,8,7,1,2.0,gf8,gf8,false,false,11,26,11,42,38,8,2,6,12,0,136,1.022058824
leopard2-c0-v2,systematic_encode,per_payload_byte,5,3,legacy_high_v1,recursive_truncated_parent,parent_preserving,exact_arithmetic_lower_bound_scratch,4,4,16,16,8,8,7,1,2.0,gf8,gf8,false,false,11,26,11,42,38,4,4,6,12,0,144,0.965277778
leopard2-c0-v2,systematic_encode,per_payload_byte,5,3,legacy_high_v1,binary_dyadic_exact,new_exact_profile,heuristic_optimistic_cross_block,4,3,16,8,8,8,7,1,2.0,gf8,gf8,false,false,3,18,12,41,29,3,3,6,11,0,124,1.120967742
leopard2-c0-v2,systematic_encode,per_payload_byte,5,3,legacy_high_v1,full_block_tail_exact,new_exact_profile,heuristic_conservative_dense_join,4,3,16,8,8,8,7,1,2.0,gf8,gf8,false,false,3,15,12,38,29,3,6,9,11,0,130,1.069230769
leopard2-c0-v2,systematic_encode,per_payload_byte,5,3,legacy_high_v1,direct_matrix_exact,new_exact_profile,exact_dense_generator_arithmetic,4,3,16,8,8,8,7,1,2.0,gf8,gf8,false,false,0,12,15,15,3,1,0,1,0,0,60,2.316666667
leopard2-c0-v2,systematic_encode,per_payload_byte,5,3,legacy_high_v1,subproduct_tree_exact,new_exact_profile,asymptotic_generic_polynomial_proxy,4,3,16,8,8,8,7,1,2.0,gf8,gf8,false,false,216,216,216,432,216,32,3,9,0,0,1308,0.106269113
leopard2-c0-v2,systematic_encode,per_payload_byte,5,3,low_v1,padded_dyadic_parent,parent_preserving,exact_structural_radix2_dag,8,8,16,16,8,8,3,5,2.0,gf8,gf8,false,false,24,48,24,64,67,16,0,6,16,3,227,1.0
leopard2-c0-v2,systematic_encode,per_payload_byte,5,3,low_v1,prefix_pruned_parent,parent_preserving,exact_structural_radix2_dag,8,8,16,16,8,8,3,5,2.0,gf8,gf8,false,false,23,46,23,62,62,16,1,6,16,0,220,1.031818182
leopard2-c0-v2,systematic_encode,per_payload_byte,5,3,low_v1,dependency_pruned_parent,parent_preserving,exact_structural_radix2_dag,8,8,16,16,8,8,3,5,2.0,gf8,gf8,false,false,22,44,22,60,60,16,2,6,16,0,216,1.050925926
leopard2-c0-v2,systematic_encode,per_payload_byte,5,3,low_v1,recursive_truncated_parent,parent_preserving,exact_arithmetic_lower_bound_scratch,8,8,16,16,8,8,3,5,2.0,gf8,gf8,false,false,22,44,22,60,60,8,6,6,16,0,232,0.978448276
leopard2-c0-v2,systematic_encode,per_payload_byte,5,3,low_v1,binary_dyadic_exact,new_exact_profile,heuristic_optimistic_cross_block,8,5,16,8,8,8,3,5,2.0,gf8,gf8,false,false,8,26,18,49,39,5,2,6,13,0,158,1.436708861
leopard2-c0-v2,systematic_encode,per_payload_byte,5,3,low_v1,full_block_tail_exact,new_exact_profile,heuristic_conservative_dense_join,8,5,16,8,8,8,3,5,2.0,gf8,gf8,false,false,8,24,18,47,39,5,4,8,13,0,162,1.401234568
leopard2-c0-v2,systematic_encode,per_payload_byte,5,3,low_v1,direct_matrix_exact,new_exact_profile,exact_dense_generator_arithmetic,8,5,16,8,8,8,3,5,2.0,gf8,gf8,false,false,0,12,15,15,3,1,0,1,0,0,60,3.783333333
leopard2-c0-v2,systematic_encode,per_payload_byte,5,3,low_v1,subproduct_tree_exact,new_exact_profile,asymptotic_generic_polynomial_proxy,8,5,16,8,8,8,3,5,2.0,gf8,gf8,false,false,216,216,216,432,216,32,3,9,0,0,1308,0.173547401
leopard2-c0-v2,systematic_encode,per_payload_byte,5,5,legacy_high_v1,padded_dyadic_parent,parent_preserving,exact_structural_radix2_dag,8,8,16,16,10,6,3,3,1.6,gf8,gf8,false,false,24,48,24,66,69,16,0,6,18,3,231,1.0
leopard2-c0-v2,systematic_encode,per_payload_byte,5,5,legacy_high_v1,prefix_pruned_parent,parent_preserving,exact_structural_radix2_dag,8,8,16,16,10,6,3,3,1.6,gf8,gf8,false,false,23,46,23,64,64,16,1,6,18,0,224,1.03125
leopard2-c0-v2,systematic_encode,per_payload_byte,5,5,legacy_high_v1,dependency_pruned_parent,parent_preserving,exact_structural_radix2_dag,8,8,16,16,10,6,3,3,1.6,gf8,gf8,false,false,23,46,23,64,64,16,2,6,18,0,228,1.013157895
leopard2-c0-v2,systematic_encode,per_payload_byte,5,5,legacy_high_v1,recursive_truncated_parent,parent_preserving,exact_arithmetic_lower_bound_scratch,8,8,16,16,10,6,3,3,1.6,gf8,gf8,false,false,23,46,23,64,64,8,6,6,18,0,244,0.946721311
leopard2-c0-v2,systematic_encode,per_payload_byte,5,5,legacy_high_v1,binary_dyadic_exact,new_exact_profile,heuristic_optimistic_cross_block,8,5,16,10,10,6,3,3,1.6,gf8,gf8,false,false,8,26,18,51,41,5,2,6,15,0,162,1.425925926
leopard2-c0-v2,systematic_encode,per_payload_byte,5,5,legacy_high_v1,full_block_tail_exact,new_exact_profile,heuristic_conservative_dense_join,8,5,16,10,10,6,3,3,1.6,gf8,gf8,false,false,8,24,18,49,41,5,4,8,15,0,166,1.391566265
leopard2-c0-v2,systematic_encode,per_payload_byte,5,5,legacy_high_v1,direct_matrix_exact,new_exact_profile,exact_dense_generator_arithmetic,8,5,16,10,10,6,3,3,1.6,gf8,gf8,false,false,0,20,25,25,5,1,0,1,0,0,100,2.31
leopard2-c0-v2,systematic_encode,per_payload_byte,5,5,legacy_high_v1,subproduct_tree_exact,new_exact_profile,asymptotic_generic_polynomial_proxy,8,5,16,10,10,6,3,3,1.6,gf8,gf8,false,false,480,480,480,960,480,40,4,12,0,0,2896,0.079765193
leopard2-c0-v2,systematic_encode,per_payload_byte,5,5,low_v1,padded_dyadic_parent,parent_preserving,exact_structural_radix2_dag,8,8,16,16,10,6,3,3,1.6,gf8,gf8,false,false,24,48,24,66,69,16,0,6,18,3,231,1.0
leopard2-c0-v2,systematic_encode,per_payload_byte,5,5,low_v1,prefix_pruned_parent,parent_preserving,exact_structural_radix2_dag,8,8,16,16,10,6,3,3,1.6,gf8,gf8,false,false,23,46,23,64,64,16,1,6,18,0,224,1.03125
leopard2-c0-v2,systematic_encode,per_payload_byte,5,5,low_v1,dependency_pruned_parent,parent_preserving,exact_structural_radix2_dag,8,8,16,16,10,6,3,3,1.6,gf8,gf8,false,false,23,46,23,64,64,16,2,6,18,0,228,1.013157895
leopard2-c0-v2,systematic_encode,per_payload_byte,5,5,low_v1,recursive_truncated_parent,parent_preserving,exact_arithmetic_lower_bound_scratch,8,8,16,16,10,6,3,3,1.6,gf8,gf8,false,false,23,46,23,64,64,8,6,6,18,0,244,0.946721311
leopard2-c0-v2,systematic_encode,per_payload_byte,5,5,low_v1,binary_dyadic_exact,new_exact_profile,heuristic_optimistic_cross_block,8,5,16,10,10,6,3,3,1.6,gf8,gf8,false,false,8,26,18,51,41,5,2,6,15,0,162,1.425925926
leopard2-c0-v2,systematic_encode,per_payload_byte,5,5,low_v1,full_block_tail_exact,new_exact_profile,heuristic_conservative_dense_join,8,5,16,10,10,6,3,3,1.6,gf8,gf8,false,false,8,24,18,49,41,5,4,8,15,0,166,1.391566265
leopard2-c0-v2,systematic_encode,per_payload_byte,5,5,low_v1,direct_matrix_exact,new_exact_profile,exact_dense_generator_arithmetic,8,5,16,10,10,6,3,3,1.6,gf8,gf8,false,false,0,20,25,25,5,1,0,1,0,0,100,2.31
leopard2-c0-v2,systematic_encode,per_payload_byte,5,5,low_v1,subproduct_tree_exact,new_exact_profile,asymptotic_generic_polynomial_proxy,8,5,16,10,10,6,3,3,1.6,gf8,gf8,false,false,480,480,480,960,480,40,4,12,0,0,2896,0.079765193
leopard2-c0-v2,systematic_encode,per_payload_byte,5,7,legacy_high_v1,padded_dyadic_parent,parent_preserving,exact_structural_radix2_dag,8,8,16,16,12,4,3,1,1.333333333,gf8,gf8,false,false,24,48,24,68,71,16,0,6,20,3,235,1.0
leopard2-c0-v2,systematic_encode,per_payload_byte,5,7,legacy_high_v1,prefix_pruned_parent,parent_preserving,exact_structural_radix2_dag,8,8,16,16,12,4,3,1,1.333333333,gf8,gf8,false,false,23,46,23,66,66,16,1,6,20,0,228,1.030701754
leopard2-c0-v2,systematic_encode,per_payload_byte,5,7,legacy_high_v1,dependency_pruned_parent,parent_preserving,exact_structural_radix2_dag,8,8,16,16,12,4,3,1,1.333333333,gf8,gf8,false,false,23,46,23,66,66,16,2,6,20,0,232,1.012931034
leopard2-c0-v2,systematic_encode,per_payload_byte,5,7,legacy_high_v1,recursive_truncated_parent,parent_preserving,exact_arithmetic_lower_bound_scratch,8,8,16,16,12,4,3,1,1.333333333,gf8,gf8,false,false,23,46,23,66,66,8,6,6,20,0,248,0.947580645
leopard2-c0-v2,systematic_encode,per_payload_byte,5,7,legacy_high_v1,binary_dyadic_exact,new_exact_profile,heuristic_optimistic_cross_block,8,7,16,12,12,4,3,1,1.333333333,gf8,gf8,false,false,10,48,38,95,67,7,4,10,19,0,302,0.778145695
leopard2-c0-v2,systematic_encode,per_payload_byte,5,7,legacy_high_v1,full_block_tail_exact,new_exact_profile,heuristic_conservative_dense_join,8,7,16,12,12,4,3,1,1.333333333,gf8,gf8,false,false,8,52,50,113,65,7,4,8,19,0,346,0.679190751
leopard2-c0-v2,systematic_encode,per_payload_byte,5,7,legacy_high_v1,direct_matrix_exact,new_exact_profile,exact_dense_generator_arithmetic,8,7,16,12,12,4,3,1,1.333333333,gf8,gf8,false,false,0,28,35,35,7,1,0,1,0,0,140,1.678571429
leopard2-c0-v2,systematic_encode,per_payload_byte,5,7,legacy_high_v1,subproduct_tree_exact,new_exact_profile,asymptotic_generic_polynomial_proxy,8,7,16,12,12,4,3,1,1.333333333,gf8,gf8,false,false,576,576,576,1152,576,48,4,12,0,0,3472,0.067684332
leopard2-c0-v2,systematic_encode,per_payload_byte,5,7,low_v1,padded_dyadic_parent,parent_preserving,exact_structural_radix2_dag,8,8,16,16,12,4,3,1,1.333333333,gf8,gf8,false,false,24,48,24,68,71,16,0,6,20,3,235,1.0
leopard2-c0-v2,systematic_encode,per_payload_byte,5,7,low_v1,prefix_pruned_parent,parent_preserving,exact_structural_radix2_dag,8,8,16,16,12,4,3,1,1.333333333,gf8,gf8,false,false,23,46,23,66,66,16,1,6,20,0,228,1.030701754
leopard2-c0-v2,systematic_encode,per_payload_byte,5,7,low_v1,dependency_pruned_parent,parent_preserving,exact_structural_radix2_dag,8,8,16,16,12,4,3,1,1.333333333,gf8,gf8,false,false,23,46,23,66,66,16,2,6,20,0,232,1.012931034
leopard2-c0-v2,systematic_encode,per_payload_byte,5,7,low_v1,recursive_truncated_parent,parent_preserving,exact_arithmetic_lower_bound_scratch,8,8,16,16,12,4,3,1,1.333333333,gf8,gf8,false,false,23,46,23,66,66,8,6,6,20,0,248,0.947580645
leopard2-c0-v2,systematic_encode,per_payload_byte,5,7,low_v1,binary_dyadic_exact,new_exact_profile,heuristic_optimistic_cross_block,8,5,16,12,12,4,3,1,1.333333333,gf8,gf8,false,false,12,39,27,76,61,5,3,9,22,0,242,0.97107438
leopard2-c0-v2,systematic_encode,per_payload_byte,5,7,low_v1,full_block_tail_exact,new_exact_profile,heuristic_conservative_dense_join,8,5,16,12,12,4,3,1,1.333333333,gf8,gf8,false,false,12,36,27,73,61,5,6,12,22,0,248,0.947580645
leopard2-c0-v2,systematic_encode,per_payload_byte,5,7,low_v1,direct_matrix_exact,new_exact_profile,exact_dense_generator_arithmetic,8,5,16,12,12,4,3,1,1.333333333,gf8,gf8,false,false,0,28,35,35,7,1,0,1,0,0,140,1.678571429
leopard2-c0-v2,systematic_encode,per_payload_byte,5,7,low_v1,subproduct_tree_exact,new_exact_profile,asymptotic_generic_polynomial_proxy,8,5,16,12,12,4,3,1,1.333333333,gf8,gf8,false,false,576,576,576,1152,576,48,4,12,0,0,3472,0.067684332
leopard2-c0-v2,systematic_encode,per_payload_byte,5,9,legacy_high_v1,padded_dyadic_parent,parent_preserving,exact_structural_radix2_dag,16,16,32,32,14,18,11,7,2.285714286,gf8,gf8,false,false,64,128,64,158,169,32,0,8,30,11,583,1.0
leopard2-c0-v2,systematic_encode,per_payload_byte,5,9,legacy_high_v1,prefix_pruned_parent,parent_preserving,exact_structural_radix2_dag,16,16,32,32,14,18,11,7,2.285714286,gf8,gf8,false,false,51,102,51,132,132,32,1,8,30,0,472,1.235169492
leopard2-c0-v2,systematic_encode,per_payload_byte,5,9,legacy_high_v1,dependency_pruned_parent,parent_preserving,exact_structural_radix2_dag,16,16,32,32,14,18,11,7,2.285714286,gf8,gf8,false,false,51,102,51,132,132,32,2,8,30,0,476,1.224789916
leopard2-c0-v2,systematic_encode,per_payload_byte,5,9,legacy_high_v1,recursive_truncated_parent,parent_preserving,exact_arithmetic_lower_bound_scratch,16,16,32,32,14,18,11,7,2.285714286,gf8,gf8,false,false,51,102,51,132,132,16,8,8,30,0,500,1.166
leopard2-c0-v2,systematic_encode,per_payload_byte,5,9,legacy_high_v1,binary_dyadic_exact,new_exact_profile,heuristic_optimistic_cross_block,16,9,32,14,14,18,11,7,2.285714286,gf8,gf8,false,false,24,66,42,107,89,9,2,8,23,0,354,1.646892655
leopard2-c0-v2,systematic_encode,per_payload_byte,5,9,legacy_high_v1,full_block_tail_exact,new_exact_profile,heuristic_conservative_dense_join,16,9,32,14,14,18,11,7,2.285714286,gf8,gf8,false,false,24,64,42,105,89,9,4,10,23,0,358,1.62849162
leopard2-c0-v2,systematic_encode,per_payload_byte,5,9,legacy_high_v1,direct_matrix_exact,new_exact_profile,exact_dense_generator_arithmetic,16,9,32,14,14,18,11,7,2.285714286,gf8,gf8,false,false,0,36,45,45,9,1,0,1,0,0,180,3.238888889
leopard2-c0-v2,systematic_encode,per_payload_byte,5,9,legacy_high_v1,subproduct_tree_exact,new_exact_profile,asymptotic_generic_polynomial_proxy,16,9,32,14,14,18,11,7,2.285714286,gf8,gf8,false,false,672,672,672,1344,672,56,4,12,0,0,4048,0.144021739
leopard2-c0-v2,systematic_encode,per_payload_byte,5,9,low_v1,padded_dyadic_parent,parent_preserving,exact_structural_radix2_dag,8,8,32,32,14,18,3,15,2.285714286,gf8,gf8,false,false,36,72,36,102,105,16,0,9,30,3,351,1.0
leopard2-c0-v2,systematic_encode,per_payload_byte,5,9,low_v1,prefix_pruned_parent,parent_preserving,exact_structural_radix2_dag,8,8,32,32,14,18,3,15,2.285714286,gf8,gf8,false,false,35,70,35,100,100,16,1,9,30,0,344,1.020348837
leopard2-c0-v2,systematic_encode,per_payload_byte,5,9,low_v1,dependency_pruned_parent,parent_preserving,exact_structural_radix2_dag,8,8,32,32,14,18,3,15,2.285714286,gf8,gf8,false,false,30,60,30,90,90,16,2,9,30,0,308,1.13961039
leopard2-c0-v2,systematic_encode,per_payload_byte,5,9,low_v1,recursive_truncated_parent,parent_preserving,exact_arithmetic_lower_bound_scratch,8,8,32,32,14,18,3,15,2.285714286,gf8,gf8,false,false,30,60,30,90,90,8,6,9,30,0,324,1.083333333
leopard2-c0-v2,systematic_encode,per_payload_byte,5,9,low_v1,binary_dyadic_exact,new_exact_profile,heuristic_optimistic_cross_block,8,5,32,14,14,18,3,15,2.285714286,gf8,gf8,false,false,12,39,27,78,63,5,3,9,24,0,246,1.426829268
leopard2-c0-v2,systematic_encode,per_payload_byte,5,9,low_v1,full_block_tail_exact,new_exact_profile,heuristic_conservative_dense_join,8,5,32,14,14,18,3,15,2.285714286,gf8,gf8,false,false,12,36,27,75,63,5,6,12,24,0,252,1.392857143
leopard2-c0-v2,systematic_encode,per_payload_byte,5,9,low_v1,direct_matrix_exact,new_exact_profile,exact_dense_generator_arithmetic,8,5,32,14,14,18,3,15,2.285714286,gf8,gf8,false,false,0,36,45,45,9,1,0,1,0,0,180,1.95
leopard2-c0-v2,systematic_encode,per_payload_byte,5,9,low_v1,subproduct_tree_exact,new_exact_profile,asymptotic_generic_polynomial_proxy,8,5,32,14,14,18,3,15,2.285714286,gf8,gf8,false,false,672,672,672,1344,672,56,4,12,0,0,4048,0.086709486
leopard2-c0-v2,systematic_encode,per_payload_byte,5,15,legacy_high_v1,padded_dyadic_parent,parent_preserving,exact_structural_radix2_dag,16,16,32,32,20,12,11,1,1.6,gf8,gf8,false,false,64,128,64,164,175,32,0,8,36,11,595,1.0
leopard2-c0-v2,systematic_encode,per_payload_byte,5,15,legacy_high_v1,prefix_pruned_parent,parent_preserving,exact_structural_radix2_dag,16,16,32,32,20,12,11,1,1.6,gf8,gf8,false,false,51,102,51,138,138,32,1,8,36,0,484,1.229338843
leopard2-c0-v2,systematic_encode,per_payload_byte,5,15,legacy_high_v1,dependency_pruned_parent,parent_preserving,exact_structural_radix2_dag,16,16,32,32,20,12,11,1,1.6,gf8,gf8,false,false,51,102,51,138,138,32,2,8,36,0,488,1.219262295
leopard2-c0-v2,systematic_encode,per_payload_byte,5,15,legacy_high_v1,recursive_truncated_parent,parent_preserving,exact_arithmetic_lower_bound_scratch,16,16,32,32,20,12,11,1,1.6,gf8,gf8,false,false,51,102,51,138,138,16,8,8,36,0,512,1.162109375
leopard2-c0-v2,systematic_encode,per_payload_byte,5,15,legacy_high_v1,binary_dyadic_exact,new_exact_profile,heuristic_optimistic_cross_block,16,15,32,20,20,12,11,1,1.6,gf8,gf8,false,false,34,158,124,283,193,15,6,18,35,0,906,0.656732892
leopard2-c0-v2,systematic_encode,per_payload_byte,5,15,legacy_high_v1,full_block_tail_exact,new_exact_profile,heuristic_conservative_dense_join,16,15,32,20,20,12,11,1,1.6,gf8,gf8,false,false,24,244,234,489,209,15,4,10,35,0,1426,0.417251052
leopard2-c0-v2,systematic_encode,per_payload_byte,5,15,legacy_high_v1,direct_matrix_exact,new_exact_profile,exact_dense_generator_arithmetic,16,15,32,20,20,12,11,1,1.6,gf8,gf8,false,false,0,60,75,75,15,1,0,1,0,0,300,1.983333333
leopard2-c0-v2,systematic_encode,per_payload_byte,5,15,legacy_high_v1,subproduct_tree_exact,new_exact_profile,asymptotic_generic_polynomial_proxy,16,15,32,20,20,12,11,1,1.6,gf8,gf8,false,false,1500,1500,1500,3000,1500,80,5,15,0,0,9020,0.065964523
leopard2-c0-v2,systematic_encode,per_payload_byte,5,15,low_v1,padded_dyadic_parent,parent_preserving,exact_structural_radix2_dag,8,8,32,32,20,12,3,9,1.6,gf8,gf8,false,false,36,72,36,108,111,16,0,9,36,3,363,1.0
leopard2-c0-v2,systematic_encode,per_payload_byte,5,15,low_v1,prefix_pruned_parent,parent_preserving,exact_structural_radix2_dag,8,8,32,32,20,12,3,9,1.6,gf8,gf8,false,false,35,70,35,106,106,16,1,9,36,0,356,1.019662921
leopard2-c0-v2,systematic_encode,per_payload_byte,5,15,low_v1,dependency_pruned_parent,parent_preserving,exact_structural_radix2_dag,8,8,32,32,20,12,3,9,1.6,gf8,gf8,false,false,35,70,35,106,106,16,2,9,36,0,360,1.008333333
leopard2-c0-v2,systematic_encode,per_payload_byte,5,15,low_v1,recursive_truncated_parent,parent_preserving,exact_arithmetic_lower_bound_scratch,8,8,32,32,20,12,3,9,1.6,gf8,gf8,false,false,35,70,35,106,106,8,6,9,36,0,376,0.965425532
leopard2-c0-v2,systematic_encode,per_payload_byte,5,15,low_v1,binary_dyadic_exact,new_exact_profile,heuristic_optimistic_cross_block,8,5,32,20,20,12,3,9,1.6,gf8,gf8,false,false,16,52,36,107,87,5,4,12,35,0,334,1.086826347
leopard2-c0-v2,systematic_encode,per_payload_byte,5,15,low_v1,full_block_tail_exact,new_exact_profile,heuristic_conservative_dense_join,8,5,32,20,20,12,3,9,1.6,gf8,gf8,false,false,16,48,36,103,87,5,8,16,35,0,342,1.061403509
leopard2-c0-v2,systematic_encode,per_payload_byte,5,15,low_v1,direct_matrix_exact,new_exact_profile,exact_dense_generator_arithmetic,8,5,32,20,20,12,3,9,1.6,gf8,gf8,false,false,0,60,75,75,15,1,0,1,0,0,300,1.21
leopard2-c0-v2,systematic_encode,per_payload_byte,5,15,low_v1,subproduct_tree_exact,new_exact_profile,asymptotic_generic_polynomial_proxy,8,5,32,20,20,12,3,9,1.6,gf8,gf8,false,false,1500,1500,1500,3000,1500,80,5,15,0,0,9020,0.040243902
leopard2-c0-v2,systematic_encode,per_payload_byte,5,17,legacy_high_v1,padded_dyadic_parent,parent_preserving,exact_structural_radix2_dag,32,32,64,64,22,42,27,15,2.909090909,gf8,gf8,false,false,160,320,160,374,401,64,0,10,54,27,1415,1.0
leopard2-c0-v2,systematic_encode,per_payload_byte,5,17,legacy_high_v1,prefix_pruned_parent,parent_preserving,exact_structural_radix2_dag,32,32,64,64,22,42,27,15,2.909090909,gf8,gf8,false,false,115,230,115,284,284,64,1,10,54,0,1032,1.371124031
leopard2-c0-v2,systematic_encode,per_payload_byte,5,17,legacy_high_v1,dependency_pruned_parent,parent_preserving,exact_structural_radix2_dag,32,32,64,64,22,42,27,15,2.909090909,gf8,gf8,false,false,115,230,115,284,284,64,2,10,54,0,1036,1.365830116
leopard2-c0-v2,systematic_encode,per_payload_byte,5,17,legacy_high_v1,recursive_truncated_parent,parent_preserving,exact_arithmetic_lower_bound_scratch,32,32,64,64,22,42,27,15,2.909090909,gf8,gf8,false,false,115,230,115,284,284,32,10,10,54,0,1068,1.324906367
leopard2-c0-v2,systematic_encode,per_payload_byte,5,17,legacy_high_v1,binary_dyadic_exact,new_exact_profile,heuristic_optimistic_cross_block,32,17,64,22,22,42,27,15,2.909090909,gf8,gf8,false,false,64,162,98,235,201,17,2,10,39,0,802,1.764339152
leopard2-c0-v2,systematic_encode,per_payload_byte,5,17,legacy_high_v1,full_block_tail_exact,new_exact_profile,heuristic_conservative_dense_join,32,17,64,22,22,42,27,15,2.909090909,gf8,gf8,false,false,64,160,98,233,201,17,4,12,39,0,806,1.755583127
leopard2-c0-v2,systematic_encode,per_payload_byte,5,17,legacy_high_v1,direct_matrix_exact,new_exact_profile,exact_dense_generator_arithmetic,32,17,64,22,22,42,27,15,2.909090909,gf8,gf8,false,false,0,68,85,85,17,1,0,1,0,0,340,4.161764706
leopard2-c0-v2,systematic_encode,per_payload_byte,5,17,legacy_high_v1,subproduct_tree_exact,new_exact_profile,asymptotic_generic_polynomial_proxy,32,17,64,22,22,42,27,15,2.909090909,gf8,gf8,false,false,1650,1650,1650,3300,1650,88,5,15,0,0,9920,0.142641129
leopard2-c0-v2,systematic_encode,per_payload_byte,5,17,low_v1,padded_dyadic_parent,parent_preserving,exact_structural_radix2_dag,8,8,32,32,22,10,3,7,1.454545455,gf8,gf8,false,false,48,96,48,142,145,16,0,12,46,3,479,1.0
leopard2-c0-v2,systematic_encode,per_payload_byte,5,17,low_v1,prefix_pruned_parent,parent_preserving,exact_structural_radix2_dag,8,8,32,32,22,10,3,7,1.454545455,gf8,gf8,false,false,47,94,47,140,140,16,1,12,46,0,472,1.014830508
leopard2-c0-v2,systematic_encode,per_payload_byte,5,17,low_v1,dependency_pruned_parent,parent_preserving,exact_structural_radix2_dag,8,8,32,32,22,10,3,7,1.454545455,gf8,gf8,false,false,42,84,42,130,130,16,2,12,46,0,436,1.098623853
leopard2-c0-v2,systematic_encode,per_payload_byte,5,17,low_v1,recursive_truncated_parent,parent_preserving,exact_arithmetic_lower_bound_scratch,8,8,32,32,22,10,3,7,1.454545455,gf8,gf8,false,false,42,84,42,130,130,8,6,12,46,0,452,1.059734513
leopard2-c0-v2,systematic_encode,per_payload_byte,5,17,low_v1,binary_dyadic_exact,new_exact_profile,heuristic_optimistic_cross_block,8,5,32,22,22,10,3,7,1.454545455,gf8,gf8,false,false,20,65,45,132,107,5,5,15,42,0,414,1.157004831
leopard2-c0-v2,systematic_encode,per_payload_byte,5,17,low_v1,full_block_tail_exact,new_exact_profile,heuristic_conservative_dense_join,8,5,32,22,22,10,3,7,1.454545455,gf8,gf8,false,false,20,60,45,127,107,5,10,20,42,0,424,1.129716981
leopard2-c0-v2,systematic_encode,per_payload_byte,5,17,low_v1,direct_matrix_exact,new_exact_profile,exact_dense_generator_arithmetic,8,5,32,22,22,10,3,7,1.454545455,gf8,gf8,false,false,0,68,85,85,17,1,0,1,0,0,340,1.408823529
leopard2-c0-v2,systematic_encode,per_payload_byte,5,17,low_v1,subproduct_tree_exact,new_exact_profile,asymptotic_generic_polynomial_proxy,8,5,32,22,22,10,3,7,1.454545455,gf8,gf8,false,false,1650,1650,1650,3300,1650,88,5,15,0,0,9920,0.04828629
leopard2-c0-v2,systematic_encode,per_payload_byte,5,31,legacy_high_v1,padded_dyadic_parent,parent_preserving,exact_structural_radix2_dag,32,32,64,64,36,28,27,1,1.777777778,gf8,gf8,false,false,160,320,160,388,415,64,0,10,68,27,1443,1.0
leopard2-c0-v2,systematic_encode,per_payload_byte,5,31,legacy_high_v1,prefix_pruned_parent,parent_preserving,exact_structural_radix2_dag,32,32,64,64,36,28,27,1,1.777777778,gf8,gf8,false,false,115,230,115,298,298,64,1,10,68,0,1060,1.361320755
leopard2-c0-v2,systematic_encode,per_payload_byte,5,31,legacy_high_v1,dependency_pruned_parent,parent_preserving,exact_structural_radix2_dag,32,32,64,64,36,28,27,1,1.777777778,gf8,gf8,false,false,115,230,115,298,298,64,2,10,68,0,1064,1.356203008
leopard2-c0-v2,systematic_encode,per_payload_byte,5,31,legacy_high_v1,recursive_truncated_parent,parent_preserving,exact_arithmetic_lower_bound_scratch,32,32,64,64,36,28,27,1,1.777777778,gf8,gf8,false,false,115,230,115,298,298,32,10,10,68,0,1096,1.316605839
leopard2-c0-v2,systematic_encode,per_payload_byte,5,31,legacy_high_v1,binary_dyadic_exact,new_exact_profile,heuristic_optimistic_cross_block,32,31,64,36,36,28,27,1,1.777777778,gf8,gf8,false,false,98,444,346,759,511,31,8,28,67,0,2438,0.591878589
leopard2-c0-v2,systematic_encode,per_payload_byte,5,31,legacy_high_v1,full_block_tail_exact,new_exact_profile,heuristic_conservative_dense_join,32,31,64,36,36,28,27,1,1.777777778,gf8,gf8,false,false,64,1028,994,2025,705,31,4,12,67,0,5762,0.250433877
leopard2-c0-v2,systematic_encode,per_payload_byte,5,31,legacy_high_v1,direct_matrix_exact,new_exact_profile,exact_dense_generator_arithmetic,32,31,64,36,36,28,27,1,1.777777778,gf8,gf8,false,false,0,124,155,155,31,1,0,1,0,0,620,2.327419355
leopard2-c0-v2,systematic_encode,per_payload_byte,5,31,legacy_high_v1,subproduct_tree_exact,new_exact_profile,asymptotic_generic_polynomial_proxy,32,31,64,36,36,28,27,1,1.777777778,gf8,gf8,false,false,3888,3888,3888,7776,3888,144,6,18,0,0,23352,0.061793422
leopard2-c0-v2,systematic_encode,per_payload_byte,5,31,low_v1,padded_dyadic_parent,parent_preserving,exact_structural_radix2_dag,8,8,64,64,36,28,3,25,1.777777778,gf8,gf8,false,false,60,120,60,188,191,16,0,15,68,3,619,1.0
leopard2-c0-v2,systematic_encode,per_payload_byte,5,31,low_v1,prefix_pruned_parent,parent_preserving,exact_structural_radix2_dag,8,8,64,64,36,28,3,25,1.777777778,gf8,gf8,false,false,59,118,59,186,186,16,1,15,68,0,612,1.011437908
leopard2-c0-v2,systematic_encode,per_payload_byte,5,31,low_v1,dependency_pruned_parent,parent_preserving,exact_structural_radix2_dag,8,8,64,64,36,28,3,25,1.777777778,gf8,gf8,false,false,59,118,59,186,186,16,2,15,68,0,616,1.00487013
leopard2-c0-v2,systematic_encode,per_payload_byte,5,31,low_v1,recursive_truncated_parent,parent_preserving,exact_arithmetic_lower_bound_scratch,8,8,64,64,36,28,3,25,1.777777778,gf8,gf8,false,false,59,118,59,186,186,8,6,15,68,0,632,0.97943038
leopard2-c0-v2,systematic_encode,per_payload_byte,5,31,low_v1,binary_dyadic_exact,new_exact_profile,heuristic_optimistic_cross_block,8,5,64,36,36,28,3,25,1.777777778,gf8,gf8,false,false,32,104,72,215,175,5,8,24,71,0,670,0.923880597
leopard2-c0-v2,systematic_encode,per_payload_byte,5,31,low_v1,full_block_tail_exact,new_exact_profile,heuristic_conservative_dense_join,8,5,64,36,36,28,3,25,1.777777778,gf8,gf8,false,false,32,96,72,207,175,5,16,32,71,0,686,0.902332362
leopard2-c0-v2,systematic_encode,per_payload_byte,5,31,low_v1,direct_matrix_exact,new_exact_profile,exact_dense_generator_arithmetic,8,5,64,36,36,28,3,25,1.777777778,gf8,gf8,false,false,0,124,155,155,31,1,0,1,0,0,620,0.998387097
leopard2-c0-v2,systematic_encode,per_payload_byte,5,31,low_v1,subproduct_tree_exact,new_exact_profile,asymptotic_generic_polynomial_proxy,8,5,64,36,36,28,3,25,1.777777778,gf8,gf8,false,false,3888,3888,3888,7776,3888,144,6,18,0,0,23352,0.026507366
leopard2-c0-v2,systematic_encode,per_payload_byte,5,33,legacy_high_v1,padded_dyadic_parent,parent_preserving,exact_structural_radix2_dag,64,64,128,128,38,90,59,31,3.368421053,gf8,gf8,false,false,384,768,384,870,929,128,0,12,102,59,3335,1.0
leopard2-c0-v2,systematic_encode,per_payload_byte,5,33,legacy_high_v1,prefix_pruned_parent,parent_preserving,exact_structural_radix2_dag,64,64,128,128,38,90,59,31,3.368421053,gf8,gf8,false,false,259,518,259,620,620,128,1,12,102,0,2280,1.462719298
leopard2-c0-v2,systematic_encode,per_payload_byte,5,33,legacy_high_v1,dependency_pruned_parent,parent_preserving,exact_structural_radix2_dag,64,64,128,128,38,90,59,31,3.368421053,gf8,gf8,false,false,259,518,259,620,620,128,2,12,102,0,2284,1.460157618
leopard2-c0-v2,systematic_encode,per_payload_byte,5,33,legacy_high_v1,recursive_truncated_parent,parent_preserving,exact_arithmetic_lower_bound_scratch,64,64,128,128,38,90,59,31,3.368421053,gf8,gf8,false,false,259,518,259,620,620,64,12,12,102,0,2324,1.435025818
leopard2-c0-v2,systematic_encode,per_payload_byte,5,33,legacy_high_v1,binary_dyadic_exact,new_exact_profile,heuristic_optimistic_cross_block,64,33,128,38,38,90,59,31,3.368421053,gf8,gf8,false,false,160,386,226,523,457,33,2,12,71,0,1826,1.826396495
leopard2-c0-v2,systematic_encode,per_payload_byte,5,33,legacy_high_v1,full_block_tail_exact,new_exact_profile,heuristic_conservative_dense_join,64,33,128,38,38,90,59,31,3.368421053,gf8,gf8,false,false,160,384,226,521,457,33,4,14,71,0,1830,1.822404372
leopard2-c0-v2,systematic_encode,per_payload_byte,5,33,legacy_high_v1,direct_matrix_exact,new_exact_profile,exact_dense_generator_arithmetic,64,33,128,38,38,90,59,31,3.368421053,gf8,gf8,false,false,0,132,165,165,33,1,0,1,0,0,660,5.053030303
leopard2-c0-v2,systematic_encode,per_payload_byte,5,33,legacy_high_v1,subproduct_tree_exact,new_exact_profile,asymptotic_generic_polynomial_proxy,64,33,128,38,38,90,59,31,3.368421053,gf8,gf8,false,false,4104,4104,4104,8208,4104,152,6,18,0,0,24648,0.135305096
leopard2-c0-v2,systematic_encode,per_payload_byte,5,33,low_v1,padded_dyadic_parent,parent_preserving,exact_structural_radix2_dag,8,8,64,64,38,26,3,23,1.684210526,gf8,gf8,false,false,72,144,72,222,225,16,0,18,78,3,735,1.0
leopard2-c0-v2,systematic_encode,per_payload_byte,5,33,low_v1,prefix_pruned_parent,parent_preserving,exact_structural_radix2_dag,8,8,64,64,38,26,3,23,1.684210526,gf8,gf8,false,false,71,142,71,220,220,16,1,18,78,0,728,1.009615385
leopard2-c0-v2,systematic_encode,per_payload_byte,5,33,low_v1,dependency_pruned_parent,parent_preserving,exact_structural_radix2_dag,8,8,64,64,38,26,3,23,1.684210526,gf8,gf8,false,false,66,132,66,210,210,16,2,18,78,0,692,1.062138728
leopard2-c0-v2,systematic_encode,per_payload_byte,5,33,low_v1,recursive_truncated_parent,parent_preserving,exact_arithmetic_lower_bound_scratch,8,8,64,64,38,26,3,23,1.684210526,gf8,gf8,false,false,66,132,66,210,210,8,6,18,78,0,708,1.038135593
leopard2-c0-v2,systematic_encode,per_payload_byte,5,33,low_v1,binary_dyadic_exact,new_exact_profile,heuristic_optimistic_cross_block,8,5,64,38,38,26,3,23,1.684210526,gf8,gf8,false,false,32,104,72,217,177,5,8,24,73,0,674,1.090504451
leopard2-c0-v2,systematic_encode,per_payload_byte,5,33,low_v1,full_block_tail_exact,new_exact_profile,heuristic_conservative_dense_join,8,5,64,38,38,26,3,23,1.684210526,gf8,gf8,false,false,32,96,72,209,177,5,16,32,73,0,690,1.065217391
leopard2-c0-v2,systematic_encode,per_payload_byte,5,33,low_v1,direct_matrix_exact,new_exact_profile,exact_dense_generator_arithmetic,8,5,64,38,38,26,3,23,1.684210526,gf8,gf8,false,false,0,132,165,165,33,1,0,1,0,0,660,1.113636364
leopard2-c0-v2,systematic_encode,per_payload_byte,5,33,low_v1,subproduct_tree_exact,new_exact_profile,asymptotic_generic_polynomial_proxy,8,5,64,38,38,26,3,23,1.684210526,gf8,gf8,false,false,4104,4104,4104,8208,4104,152,6,18,0,0,24648,0.029819864
leopard2-c0-v2,systematic_encode,per_payload_byte,5,63,legacy_high_v1,padded_dyadic_parent,parent_preserving,exact_structural_radix2_dag,64,64,128,128,68,60,59,1,1.882352941,gf8,gf8,false,false,384,768,384,900,959,128,0,12,132,59,3395,1.0
leopard2-c0-v2,systematic_encode,per_payload_byte,5,63,legacy_high_v1,prefix_pruned_parent,parent_preserving,exact_structural_radix2_dag,64,64,128,128,68,60,59,1,1.882352941,gf8,gf8,false,false,259,518,259,650,650,128,1,12,132,0,2340,1.450854701
leopard2-c0-v2,systematic_encode,per_payload_byte,5,63,legacy_high_v1,dependency_pruned_parent,parent_preserving,exact_structural_radix2_dag,64,64,128,128,68,60,59,1,1.882352941,gf8,gf8,false,false,259,518,259,650,650,128,2,12,132,0,2344,1.44837884
leopard2-c0-v2,systematic_encode,per_payload_byte,5,63,legacy_high_v1,recursive_truncated_parent,parent_preserving,exact_arithmetic_lower_bound_scratch,64,64,128,128,68,60,59,1,1.882352941,gf8,gf8,false,false,259,518,259,650,650,64,12,12,132,0,2384,1.424077181
leopard2-c0-v2,systematic_encode,per_payload_byte,5,63,legacy_high_v1,binary_dyadic_exact,new_exact_profile,heuristic_optimistic_cross_block,64,63,128,68,68,60,59,1,1.882352941,gf8,gf8,false,false,258,1146,888,1907,1277,63,10,40,131,0,6146,0.5523918
leopard2-c0-v2,systematic_encode,per_payload_byte,5,63,legacy_high_v1,full_block_tail_exact,new_exact_profile,heuristic_conservative_dense_join,64,63,128,68,68,60,59,1,1.882352941,gf8,gf8,false,false,160,4164,4066,8201,2497,63,4,14,131,0,23010,0.147544546
leopard2-c0-v2,systematic_encode,per_payload_byte,5,63,legacy_high_v1,direct_matrix_exact,new_exact_profile,exact_dense_generator_arithmetic,64,63,128,68,68,60,59,1,1.882352941,gf8,gf8,false,false,0,252,315,315,63,1,0,1,0,0,1260,2.694444444
leopard2-c0-v2,systematic_encode,per_payload_byte,5,63,legacy_high_v1,subproduct_tree_exact,new_exact_profile,asymptotic_generic_polynomial_proxy,64,63,128,68,68,60,59,1,1.882352941,gf8,gf8,false,false,9996,9996,9996,19992,9996,272,7,21,0,0,60004,0.056579561
leopard2-c0-v2,systematic_encode,per_payload_byte,5,63,low_v1,padded_dyadic_parent,parent_preserving,exact_structural_radix2_dag,8,8,128,128,68,60,3,57,1.882352941,gf8,gf8,false,false,108,216,108,348,351,16,0,27,132,3,1131,1.0
leopard2-c0-v2,systematic_encode,per_payload_byte,5,63,low_v1,prefix_pruned_parent,parent_preserving,exact_structural_radix2_dag,8,8,128,128,68,60,3,57,1.882352941,gf8,gf8,false,false,107,214,107,346,346,16,1,27,132,0,1124,1.006227758
leopard2-c0-v2,systematic_encode,per_payload_byte,5,63,low_v1,dependency_pruned_parent,parent_preserving,exact_structural_radix2_dag,8,8,128,128,68,60,3,57,1.882352941,gf8,gf8,false,false,107,214,107,346,346,16,2,27,132,0,1128,1.002659574
leopard2-c0-v2,systematic_encode,per_payload_byte,5,63,low_v1,recursive_truncated_parent,parent_preserving,exact_arithmetic_lower_bound_scratch,8,8,128,128,68,60,3,57,1.882352941,gf8,gf8,false,false,107,214,107,346,346,8,6,27,132,0,1144,0.988636364
leopard2-c0-v2,systematic_encode,per_payload_byte,5,63,low_v1,binary_dyadic_exact,new_exact_profile,heuristic_optimistic_cross_block,8,5,128,68,68,60,3,57,1.882352941,gf8,gf8,false,false,56,182,126,385,315,5,14,42,133,0,1190,0.950420168
leopard2-c0-v2,systematic_encode,per_payload_byte,5,63,low_v1,full_block_tail_exact,new_exact_profile,heuristic_conservative_dense_join,8,5,128,68,68,60,3,57,1.882352941,gf8,gf8,false,false,56,168,126,371,315,5,28,56,133,0,1218,0.928571429
leopard2-c0-v2,systematic_encode,per_payload_byte,5,63,low_v1,direct_matrix_exact,new_exact_profile,exact_dense_generator_arithmetic,8,5,128,68,68,60,3,57,1.882352941,gf8,gf8,false,false,0,252,315,315,63,1,0,1,0,0,1260,0.897619048
leopard2-c0-v2,systematic_encode,per_payload_byte,5,63,low_v1,subproduct_tree_exact,new_exact_profile,asymptotic_generic_polynomial_proxy,8,5,128,68,68,60,3,57,1.882352941,gf8,gf8,false,false,9996,9996,9996,19992,9996,272,7,21,0,0,60004,0.018848743
leopard2-c0-v2,systematic_encode,per_payload_byte,5,65,legacy_high_v1,padded_dyadic_parent,parent_preserving,exact_structural_radix2_dag,128,128,256,256,70,186,123,63,3.657142857,gf8,gf8,false,false,896,1792,896,1990,2113,256,0,14,198,123,7687,1.0
leopard2-c0-v2,systematic_encode,per_payload_byte,5,65,legacy_high_v1,prefix_pruned_parent,parent_preserving,exact_structural_radix2_dag,128,128,256,256,70,186,123,63,3.657142857,gf8,gf8,false,false,579,1158,579,1356,1356,256,1,14,198,0,5032,1.527623211
leopard2-c0-v2,systematic_encode,per_payload_byte,5,65,legacy_high_v1,dependency_pruned_parent,parent_preserving,exact_structural_radix2_dag,128,128,256,256,70,186,123,63,3.657142857,gf8,gf8,false,false,579,1158,579,1356,1356,256,2,14,198,0,5036,1.526409849
leopard2-c0-v2,systematic_encode,per_payload_byte,5,65,legacy_high_v1,recursive_truncated_parent,parent_preserving,exact_arithmetic_lower_bound_scratch,128,128,256,256,70,186,123,63,3.657142857,gf8,gf8,false,false,579,1158,579,1356,1356,128,14,14,198,0,5084,1.511998426
leopard2-c0-v2,systematic_encode,per_payload_byte,5,65,legacy_high_v1,binary_dyadic_exact,new_exact_profile,heuristic_optimistic_cross_block,128,65,256,70,70,186,123,63,3.657142857,gf8,gf8,false,false,384,898,514,1163,1033,65,2,14,135,0,4130,1.86125908
leopard2-c0-v2,systematic_encode,per_payload_byte,5,65,legacy_high_v1,full_block_tail_exact,new_exact_profile,heuristic_conservative_dense_join,128,65,256,70,70,186,123,63,3.657142857,gf8,gf8,false,false,384,896,514,1161,1033,65,4,16,135,0,4134,1.859458152
leopard2-c0-v2,systematic_encode,per_payload_byte,5,65,legacy_high_v1,direct_matrix_exact,new_exact_profile,exact_dense_generator_arithmetic,128,65,256,70,70,186,123,63,3.657142857,gf8,gf8,false,false,0,260,325,325,65,1,0,1,0,0,1300,5.913076923
leopard2-c0-v2,systematic_encode,per_payload_byte,5,65,legacy_high_v1,subproduct_tree_exact,new_exact_profile,asymptotic_generic_polynomial_proxy,128,65,256,70,70,186,123,63,3.657142857,gf8,gf8,false,false,10290,10290,10290,20580,10290,280,7,21,0,0,61768,0.124449553
leopard2-c0-v2,systematic_encode,per_payload_byte,5,65,low_v1,padded_dyadic_parent,parent_preserving,exact_structural_radix2_dag,8,8,128,128,70,58,3,55,1.828571429,gf8,gf8,false,false,120,240,120,382,385,16,0,30,142,3,1247,1.0
leopard2-c0-v2,systematic_encode,per_payload_byte,5,65,low_v1,prefix_pruned_parent,parent_preserving,exact_structural_radix2_dag,8,8,128,128,70,58,3,55,1.828571429,gf8,gf8,false,false,119,238,119,380,380,16,1,30,142,0,1240,1.005645161
leopard2-c0-v2,systematic_encode,per_payload_byte,5,65,low_v1,dependency_pruned_parent,parent_preserving,exact_structural_radix2_dag,8,8,128,128,70,58,3,55,1.828571429,gf8,gf8,false,false,114,228,114,370,370,16,2,30,142,0,1204,1.035714286
leopard2-c0-v2,systematic_encode,per_payload_byte,5,65,low_v1,recursive_truncated_parent,parent_preserving,exact_arithmetic_lower_bound_scratch,8,8,128,128,70,58,3,55,1.828571429,gf8,gf8,false,false,114,228,114,370,370,8,6,30,142,0,1220,1.022131148
leopard2-c0-v2,systematic_encode,per_payload_byte,5,65,low_v1,binary_dyadic_exact,new_exact_profile,heuristic_optimistic_cross_block,8,5,128,70,70,58,3,55,1.828571429,gf8,gf8,false,false,56,182,126,387,317,5,14,42,135,0,1194,1.04438861
leopard2-c0-v2,systematic_encode,per_payload_byte,5,65,low_v1,full_block_tail_exact,new_exact_profile,heuristic_conservative_dense_join,8,5,128,70,70,58,3,55,1.828571429,gf8,gf8,false,false,56,168,126,373,317,5,28,56,135,0,1222,1.020458265
leopard2-c0-v2,systematic_encode,per_payload_byte,5,65,low_v1,direct_matrix_exact,new_exact_profile,exact_dense_generator_arithmetic,8,5,128,70,70,58,3,55,1.828571429,gf8,gf8,false,false,0,260,325,325,65,1,0,1,0,0,1300,0.959230769
leopard2-c0-v2,systematic_encode,per_payload_byte,5,65,low_v1,subproduct_tree_exact,new_exact_profile,asymptotic_generic_polynomial_proxy,8,5,128,70,70,58,3,55,1.828571429,gf8,gf8,false,false,10290,10290,10290,20580,10290,280,7,21,0,0,61768,0.020188447
leopard2-c0-v2,systematic_encode,per_payload_byte,5,127,legacy_high_v1,padded_dyadic_parent,parent_preserving,exact_structural_radix2_dag,128,128,256,256,132,124,123,1,1.939393939,gf8,gf8,false,false,896,1792,896,2052,2175,256,0,14,260,123,7811,1.0
leopard2-c0-v2,systematic_encode,per_payload_byte,5,127,legacy_high_v1,prefix_pruned_parent,parent_preserving,exact_structural_radix2_dag,128,128,256,256,132,124,123,1,1.939393939,gf8,gf8,false,false,579,1158,579,1418,1418,256,1,14,260,0,5156,1.514934057
leopard2-c0-v2,systematic_encode,per_payload_byte,5,127,legacy_high_v1,dependency_pruned_parent,parent_preserving,exact_structural_radix2_dag,128,128,256,256,132,124,123,1,1.939393939,gf8,gf8,false,false,579,1158,579,1418,1418,256,2,14,260,0,5160,1.51375969
leopard2-c0-v2,systematic_encode,per_payload_byte,5,127,legacy_high_v1,recursive_truncated_parent,parent_preserving,exact_arithmetic_lower_bound_scratch,128,128,256,256,132,124,123,1,1.939393939,gf8,gf8,false,false,579,1158,579,1418,1418,128,14,14,260,0,5208,1.499807988
leopard2-c0-v2,systematic_encode,per_payload_byte,5,127,legacy_high_v1,binary_dyadic_exact,new_exact_profile,heuristic_optimistic_cross_block,128,127,256,132,132,124,123,1,1.939393939,gf8,gf8,false,false,642,2808,2166,4591,3067,127,12,54,259,0,14846,0.526134986
leopard2-c0-v2,systematic_encode,per_payload_byte,5,127,legacy_high_v1,full_block_tail_exact,new_exact_profile,heuristic_conservative_dense_join,128,127,256,132,132,124,123,1,1.939393939,gf8,gf8,false,false,384,16644,16386,32905,9217,127,4,16,259,0,91554,0.08531577
leopard2-c0-v2,systematic_encode,per_payload_byte,5,127,legacy_high_v1,direct_matrix_exact,new_exact_profile,exact_dense_generator_arithmetic,128,127,256,132,132,124,123,1,1.939393939,gf8,gf8,false,false,0,508,635,635,127,1,0,1,0,0,2540,3.07519685
leopard2-c0-v2,systematic_encode,per_payload_byte,5,127,legacy_high_v1,subproduct_tree_exact,new_exact_profile,asymptotic_generic_polynomial_proxy,128,127,256,132,132,124,123,1,1.939393939,gf8,gf8,false,false,25344,25344,25344,50688,25344,528,8,24,0,0,152096,0.051355723
leopard2-c0-v2,systematic_encode,per_payload_byte,5,127,low_v1,padded_dyadic_parent,parent_preserving,exact_structural_radix2_dag,8,8,256,256,132,124,3,121,1.939393939,gf8,gf8,false,false,204,408,204,668,671,16,0,51,260,3,2155,1.0
leopard2-c0-v2,systematic_encode,per_payload_byte,5,127,low_v1,prefix_pruned_parent,parent_preserving,exact_structural_radix2_dag,8,8,256,256,132,124,3,121,1.939393939,gf8,gf8,false,false,203,406,203,666,666,16,1,51,260,0,2148,1.003258845
leopard2-c0-v2,systematic_encode,per_payload_byte,5,127,low_v1,dependency_pruned_parent,parent_preserving,exact_structural_radix2_dag,8,8,256,256,132,124,3,121,1.939393939,gf8,gf8,false,false,203,406,203,666,666,16,2,51,260,0,2152,1.001394052
leopard2-c0-v2,systematic_encode,per_payload_byte,5,127,low_v1,recursive_truncated_parent,parent_preserving,exact_arithmetic_lower_bound_scratch,8,8,256,256,132,124,3,121,1.939393939,gf8,gf8,false,false,203,406,203,666,666,8,6,51,260,0,2168,0.99400369
leopard2-c0-v2,systematic_encode,per_payload_byte,5,127,low_v1,binary_dyadic_exact,new_exact_profile,heuristic_optimistic_cross_block,8,5,256,132,132,124,3,121,1.939393939,gf8,gf8,false,false,108,351,243,748,613,5,27,81,262,0,2306,0.934518647
leopard2-c0-v2,systematic_encode,per_payload_byte,5,127,low_v1,full_block_tail_exact,new_exact_profile,heuristic_conservative_dense_join,8,5,256,132,132,124,3,121,1.939393939,gf8,gf8,false,false,108,324,243,721,613,5,54,108,262,0,2360,0.913135593
leopard2-c0-v2,systematic_encode,per_payload_byte,5,127,low_v1,direct_matrix_exact,new_exact_profile,exact_dense_generator_arithmetic,8,5,256,132,132,124,3,121,1.939393939,gf8,gf8,false,false,0,508,635,635,127,1,0,1,0,0,2540,0.848425197
leopard2-c0-v2,systematic_encode,per_payload_byte,5,127,low_v1,subproduct_tree_exact,new_exact_profile,asymptotic_generic_polynomial_proxy,8,5,256,132,132,124,3,121,1.939393939,gf8,gf8,false,false,25344,25344,25344,50688,25344,528,8,24,0,0,152096,0.014168683
leopard2-c0-v2,systematic_encode,per_payload_byte,5,129,legacy_high_v1,padded_dyadic_parent,parent_preserving,exact_structural_radix2_dag,256,256,512,512,134,378,251,127,3.820895522,gf16,gf16,true,false,2048,4096,2048,4486,4737,512,0,16,390,251,17415,1.0
leopard2-c0-v2,systematic_encode,per_payload_byte,5,129,legacy_high_v1,prefix_pruned_parent,parent_preserving,exact_structural_radix2_dag,256,256,512,512,134,378,251,127,3.820895522,gf16,gf16,true,false,1283,2566,1283,2956,2956,512,1,16,390,0,11048,1.576303403
leopard2-c0-v2,systematic_encode,per_payload_byte,5,129,legacy_high_v1,dependency_pruned_parent,parent_preserving,exact_structural_radix2_dag,256,256,512,512,134,378,251,127,3.820895522,gf16,gf16,true,false,1283,2566,1283,2956,2956,512,2,16,390,0,11052,1.575732899
leopard2-c0-v2,systematic_encode,per_payload_byte,5,129,legacy_high_v1,recursive_truncated_parent,parent_preserving,exact_arithmetic_lower_bound_scratch,256,256,512,512,134,378,251,127,3.820895522,gf16,gf16,true,false,1283,2566,1283,2956,2956,256,16,16,390,0,11108,1.567788981
leopard2-c0-v2,systematic_encode,per_payload_byte,5,129,legacy_high_v1,binary_dyadic_exact,new_exact_profile,heuristic_optimistic_cross_block,256,129,512,134,134,378,251,127,3.820895522,gf16,gf8,true,true,896,2050,1154,2571,2313,129,2,16,263,0,9250,1.882702703
leopard2-c0-v2,systematic_encode,per_payload_byte,5,129,legacy_high_v1,full_block_tail_exact,new_exact_profile,heuristic_conservative_dense_join,256,129,512,134,134,378,251,127,3.820895522,gf16,gf8,true,true,896,2048,1154,2569,2313,129,4,18,263,0,9254,1.881888913
leopard2-c0-v2,systematic_encode,per_payload_byte,5,129,legacy_high_v1,direct_matrix_exact,new_exact_profile,exact_dense_generator_arithmetic,256,129,512,134,134,378,251,127,3.820895522,gf16,gf8,true,true,0,516,645,645,129,1,0,1,0,0,2580,6.75
leopard2-c0-v2,systematic_encode,per_payload_byte,5,129,legacy_high_v1,subproduct_tree_exact,new_exact_profile,asymptotic_generic_polynomial_proxy,256,129,512,134,134,378,251,127,3.820895522,gf16,gf8,true,true,25728,25728,25728,51456,25728,536,8,24,0,0,154400,0.112791451
leopard2-c0-v2,systematic_encode,per_payload_byte,5,129,low_v1,padded_dyadic_parent,parent_preserving,exact_structural_radix2_dag,8,8,256,256,134,122,3,119,1.910447761,gf8,gf8,false,false,216,432,216,702,705,16,0,54,270,3,2271,1.0
leopard2-c0-v2,systematic_encode,per_payload_byte,5,129,low_v1,prefix_pruned_parent,parent_preserving,exact_structural_radix2_dag,8,8,256,256,134,122,3,119,1.910447761,gf8,gf8,false,false,215,430,215,700,700,16,1,54,270,0,2264,1.003091873
leopard2-c0-v2,systematic_encode,per_payload_byte,5,129,low_v1,dependency_pruned_parent,parent_preserving,exact_structural_radix2_dag,8,8,256,256,134,122,3,119,1.910447761,gf8,gf8,false,false,210,420,210,690,690,16,2,54,270,0,2228,1.01929982
leopard2-c0-v2,systematic_encode,per_payload_byte,5,129,low_v1,recursive_truncated_parent,parent_preserving,exact_arithmetic_lower_bound_scratch,8,8,256,256,134,122,3,119,1.910447761,gf8,gf8,false,false,210,420,210,690,690,8,6,54,270,0,2244,1.012032086
leopard2-c0-v2,systematic_encode,per_payload_byte,5,129,low_v1,binary_dyadic_exact,new_exact_profile,heuristic_optimistic_cross_block,8,5,256,134,134,122,3,119,1.910447761,gf8,gf8,false,false,108,351,243,750,615,5,27,81,264,0,2310,0.983116883
leopard2-c0-v2,systematic_encode,per_payload_byte,5,129,low_v1,full_block_tail_exact,new_exact_profile,heuristic_conservative_dense_join,8,5,256,134,134,122,3,119,1.910447761,gf8,gf8,false,false,108,324,243,723,615,5,54,108,264,0,2364,0.960659898
leopard2-c0-v2,systematic_encode,per_payload_byte,5,129,low_v1,direct_matrix_exact,new_exact_profile,exact_dense_generator_arithmetic,8,5,256,134,134,122,3,119,1.910447761,gf8,gf8,false,false,0,516,645,645,129,1,0,1,0,0,2580,0.880232558
leopard2-c0-v2,systematic_encode,per_payload_byte,5,129,low_v1,subproduct_tree_exact,new_exact_profile,asymptotic_generic_polynomial_proxy,8,5,256,134,134,122,3,119,1.910447761,gf8,gf8,false,false,25728,25728,25728,51456,25728,536,8,24,0,0,154400,0.014708549
leopard2-c0-v2,systematic_encode,per_payload_byte,5,255,legacy_high_v1,padded_dyadic_parent,parent_preserving,exact_structural_radix2_dag,256,256,512,512,260,252,251,1,1.969230769,gf16,gf16,false,false,2048,4096,2048,4612,4863,512,0,16,516,251,17667,1.0
leopard2-c0-v2,systematic_encode,per_payload_byte,5,255,legacy_high_v1,prefix_pruned_parent,parent_preserving,exact_structural_radix2_dag,256,256,512,512,260,252,251,1,1.969230769,gf16,gf16,false,false,1283,2566,1283,3082,3082,512,1,16,516,0,11300,1.563451327
leopard2-c0-v2,systematic_encode,per_payload_byte,5,255,legacy_high_v1,dependency_pruned_parent,parent_preserving,exact_structural_radix2_dag,256,256,512,512,260,252,251,1,1.969230769,gf16,gf16,false,false,1283,2566,1283,3082,3082,512,2,16,516,0,11304,1.562898089
leopard2-c0-v2,systematic_encode,per_payload_byte,5,255,legacy_high_v1,recursive_truncated_parent,parent_preserving,exact_arithmetic_lower_bound_scratch,256,256,512,512,260,252,251,1,1.969230769,gf16,gf16,false,false,1283,2566,1283,3082,3082,256,16,16,516,0,11360,1.555193662
leopard2-c0-v2,systematic_encode,per_payload_byte,5,255,legacy_high_v1,binary_dyadic_exact,new_exact_profile,heuristic_optimistic_cross_block,256,255,512,260,260,252,251,1,1.969230769,gf16,gf16,false,false,1538,6646,5108,10731,7161,255,14,70,515,0,34810,0.507526573
leopard2-c0-v2,systematic_encode,per_payload_byte,5,255,legacy_high_v1,full_block_tail_exact,new_exact_profile,heuristic_conservative_dense_join,256,255,512,260,260,252,251,1,1.969230769,gf16,gf16,false,false,896,66308,65666,131593,35073,255,4,18,515,0,364322,0.048492817
leopard2-c0-v2,systematic_encode,per_payload_byte,5,255,legacy_high_v1,direct_matrix_exact,new_exact_profile,exact_dense_generator_arithmetic,256,255,512,260,260,252,251,1,1.969230769,gf16,gf16,false,false,0,1020,1275,1275,255,1,0,1,0,0,5100,3.464117647
leopard2-c0-v2,systematic_encode,per_payload_byte,5,255,legacy_high_v1,subproduct_tree_exact,new_exact_profile,asymptotic_generic_polynomial_proxy,256,255,512,260,260,252,251,1,1.969230769,gf16,gf16,false,false,63180,63180,63180,126360,63180,1040,9,27,0,0,379116,0.046600513
leopard2-c0-v2,systematic_encode,per_payload_byte,5,255,low_v1,padded_dyadic_parent,parent_preserving,exact_structural_radix2_dag,8,8,512,512,260,252,3,249,1.969230769,gf16,gf16,false,false,396,792,396,1308,1311,16,0,99,516,3,4203,1.0
leopard2-c0-v2,systematic_encode,per_payload_byte,5,255,low_v1,prefix_pruned_parent,parent_preserving,exact_structural_radix2_dag,8,8,512,512,260,252,3,249,1.969230769,gf16,gf16,false,false,395,790,395,1306,1306,16,1,99,516,0,4196,1.001668255
leopard2-c0-v2,systematic_encode,per_payload_byte,5,255,low_v1,dependency_pruned_parent,parent_preserving,exact_structural_radix2_dag,8,8,512,512,260,252,3,249,1.969230769,gf16,gf16,false,false,395,790,395,1306,1306,16,2,99,516,0,4200,1.000714286
leopard2-c0-v2,systematic_encode,per_payload_byte,5,255,low_v1,recursive_truncated_parent,parent_preserving,exact_arithmetic_lower_bound_scratch,8,8,512,512,260,252,3,249,1.969230769,gf16,gf16,false,false,395,790,395,1306,1306,8,6,99,516,0,4216,0.996916509
leopard2-c0-v2,systematic_encode,per_payload_byte,5,255,low_v1,binary_dyadic_exact,new_exact_profile,heuristic_optimistic_cross_block,8,5,512,260,260,252,3,249,1.969230769,gf16,gf16,false,false,208,676,468,1451,1191,5,52,156,515,0,4462,0.941954281
leopard2-c0-v2,systematic_encode,per_payload_byte,5,255,low_v1,full_block_tail_exact,new_exact_profile,heuristic_conservative_dense_join,8,5,512,260,260,252,3,249,1.969230769,gf16,gf16,false,false,208,624,468,1399,1191,5,104,208,515,0,4566,0.920499343
leopard2-c0-v2,systematic_encode,per_payload_byte,5,255,low_v1,direct_matrix_exact,new_exact_profile,exact_dense_generator_arithmetic,8,5,512,260,260,252,3,249,1.969230769,gf16,gf16,false,false,0,1020,1275,1275,255,1,0,1,0,0,5100,0.824117647
leopard2-c0-v2,systematic_encode,per_payload_byte,5,255,low_v1,subproduct_tree_exact,new_exact_profile,asymptotic_generic_polynomial_proxy,8,5,512,260,260,252,3,249,1.969230769,gf16,gf16,false,false,63180,63180,63180,126360,63180,1040,9,27,0,0,379116,0.011086317
leopard2-c0-v2,systematic_encode,per_payload_byte,7,3,legacy_high_v1,padded_dyadic_parent,parent_preserving,exact_structural_radix2_dag,4,4,16,16,10,6,5,1,1.6,gf8,gf8,false,false,12,28,12,46,43,8,0,6,14,1,141,1.0
leopard2-c0-v2,systematic_encode,per_payload_byte,7,3,legacy_high_v1,prefix_pruned_parent,parent_preserving,exact_structural_radix2_dag,4,4,16,16,10,6,5,1,1.6,gf8,gf8,false,false,12,28,12,46,42,8,1,6,14,0,144,0.979166667
leopard2-c0-v2,systematic_encode,per_payload_byte,7,3,legacy_high_v1,dependency_pruned_parent,parent_preserving,exact_structural_radix2_dag,4,4,16,16,10,6,5,1,1.6,gf8,gf8,false,false,12,28,12,46,42,8,2,6,14,0,148,0.952702703
leopard2-c0-v2,systematic_encode,per_payload_byte,7,3,legacy_high_v1,recursive_truncated_parent,parent_preserving,exact_arithmetic_lower_bound_scratch,4,4,16,16,10,6,5,1,1.6,gf8,gf8,false,false,12,28,12,46,42,4,4,6,14,0,156,0.903846154
leopard2-c0-v2,systematic_encode,per_payload_byte,7,3,legacy_high_v1,binary_dyadic_exact,new_exact_profile,heuristic_optimistic_cross_block,4,3,16,10,10,6,5,1,1.6,gf8,gf8,false,false,4,26,16,57,39,3,4,8,13,0,170,0.829411765
leopard2-c0-v2,systematic_encode,per_payload_byte,7,3,legacy_high_v1,full_block_tail_exact,new_exact_profile,heuristic_conservative_dense_join,4,3,16,10,10,6,5,1,1.6,gf8,gf8,false,false,4,22,16,53,39,3,8,12,13,0,178,0.792134831
leopard2-c0-v2,systematic_encode,per_payload_byte,7,3,legacy_high_v1,direct_matrix_exact,new_exact_profile,exact_dense_generator_arithmetic,4,3,16,10,10,6,5,1,1.6,gf8,gf8,false,false,0,18,21,21,3,1,0,1,0,0,84,1.678571429
leopard2-c0-v2,systematic_encode,per_payload_byte,7,3,legacy_high_v1,subproduct_tree_exact,new_exact_profile,asymptotic_generic_polynomial_proxy,4,3,16,10,10,6,5,1,1.6,gf8,gf8,false,false,480,480,480,960,480,40,4,12,0,0,2896,0.048687845
leopard2-c0-v2,systematic_encode,per_payload_byte,7,3,low_v1,padded_dyadic_parent,parent_preserving,exact_structural_radix2_dag,8,8,16,16,10,6,1,5,1.6,gf8,gf8,false,false,24,48,24,66,67,16,0,6,18,1,229,1.0
leopard2-c0-v2,systematic_encode,per_payload_byte,7,3,low_v1,prefix_pruned_parent,parent_preserving,exact_structural_radix2_dag,8,8,16,16,10,6,1,5,1.6,gf8,gf8,false,false,24,48,24,66,66,16,1,6,18,0,232,0.987068966
leopard2-c0-v2,systematic_encode,per_payload_byte,7,3,low_v1,dependency_pruned_parent,parent_preserving,exact_structural_radix2_dag,8,8,16,16,10,6,1,5,1.6,gf8,gf8,false,false,23,46,23,64,64,16,2,6,18,0,228,1.004385965
leopard2-c0-v2,systematic_encode,per_payload_byte,7,3,low_v1,recursive_truncated_parent,parent_preserving,exact_arithmetic_lower_bound_scratch,8,8,16,16,10,6,1,5,1.6,gf8,gf8,false,false,23,46,23,64,64,8,6,6,18,0,244,0.93852459
leopard2-c0-v2,systematic_encode,per_payload_byte,7,3,low_v1,binary_dyadic_exact,new_exact_profile,heuristic_optimistic_cross_block,8,7,16,10,10,6,1,5,1.6,gf8,gf8,false,false,10,48,38,93,65,7,4,10,17,0,298,0.768456376
leopard2-c0-v2,systematic_encode,per_payload_byte,7,3,low_v1,full_block_tail_exact,new_exact_profile,heuristic_conservative_dense_join,8,7,16,10,10,6,1,5,1.6,gf8,gf8,false,false,8,52,50,111,63,7,4,8,17,0,342,0.669590643
leopard2-c0-v2,systematic_encode,per_payload_byte,7,3,low_v1,direct_matrix_exact,new_exact_profile,exact_dense_generator_arithmetic,8,7,16,10,10,6,1,5,1.6,gf8,gf8,false,false,0,18,21,21,3,1,0,1,0,0,84,2.726190476
leopard2-c0-v2,systematic_encode,per_payload_byte,7,3,low_v1,subproduct_tree_exact,new_exact_profile,asymptotic_generic_polynomial_proxy,8,7,16,10,10,6,1,5,1.6,gf8,gf8,false,false,480,480,480,960,480,40,4,12,0,0,2896,0.079074586
leopard2-c0-v2,systematic_encode,per_payload_byte,7,5,legacy_high_v1,padded_dyadic_parent,parent_preserving,exact_structural_radix2_dag,8,8,16,16,12,4,1,3,1.333333333,gf8,gf8,false,false,24,48,24,68,69,16,0,6,20,1,233,1.0
leopard2-c0-v2,systematic_encode,per_payload_byte,7,5,legacy_high_v1,prefix_pruned_parent,parent_preserving,exact_structural_radix2_dag,8,8,16,16,12,4,1,3,1.333333333,gf8,gf8,false,false,24,48,24,68,68,16,1,6,20,0,236,0.987288136
leopard2-c0-v2,systematic_encode,per_payload_byte,7,5,legacy_high_v1,dependency_pruned_parent,parent_preserving,exact_structural_radix2_dag,8,8,16,16,12,4,1,3,1.333333333,gf8,gf8,false,false,24,48,24,68,68,16,2,6,20,0,240,0.970833333
leopard2-c0-v2,systematic_encode,per_payload_byte,7,5,legacy_high_v1,recursive_truncated_parent,parent_preserving,exact_arithmetic_lower_bound_scratch,8,8,16,16,12,4,1,3,1.333333333,gf8,gf8,false,false,24,48,24,68,68,8,6,6,20,0,256,0.91015625
leopard2-c0-v2,systematic_encode,per_payload_byte,7,5,legacy_high_v1,binary_dyadic_exact,new_exact_profile,heuristic_optimistic_cross_block,8,5,16,12,12,4,1,3,1.333333333,gf8,gf8,false,false,12,44,27,81,61,5,3,9,17,0,252,0.924603175
leopard2-c0-v2,systematic_encode,per_payload_byte,7,5,legacy_high_v1,full_block_tail_exact,new_exact_profile,heuristic_conservative_dense_join,8,5,16,12,12,4,1,3,1.333333333,gf8,gf8,false,false,12,41,27,78,61,5,6,12,17,0,258,0.903100775
leopard2-c0-v2,systematic_encode,per_payload_byte,7,5,legacy_high_v1,direct_matrix_exact,new_exact_profile,exact_dense_generator_arithmetic,8,5,16,12,12,4,1,3,1.333333333,gf8,gf8,false,false,0,30,35,35,5,1,0,1,0,0,140,1.664285714
leopard2-c0-v2,systematic_encode,per_payload_byte,7,5,legacy_high_v1,subproduct_tree_exact,new_exact_profile,asymptotic_generic_polynomial_proxy,8,5,16,12,12,4,1,3,1.333333333,gf8,gf8,false,false,576,576,576,1152,576,48,4,12,0,0,3472,0.067108295
leopard2-c0-v2,systematic_encode,per_payload_byte,7,5,low_v1,padded_dyadic_parent,parent_preserving,exact_structural_radix2_dag,8,8,16,16,12,4,1,3,1.333333333,gf8,gf8,false,false,24,48,24,68,69,16,0,6,20,1,233,1.0
leopard2-c0-v2,systematic_encode,per_payload_byte,7,5,low_v1,prefix_pruned_parent,parent_preserving,exact_structural_radix2_dag,8,8,16,16,12,4,1,3,1.333333333,gf8,gf8,false,false,24,48,24,68,68,16,1,6,20,0,236,0.987288136
leopard2-c0-v2,systematic_encode,per_payload_byte,7,5,low_v1,dependency_pruned_parent,parent_preserving,exact_structural_radix2_dag,8,8,16,16,12,4,1,3,1.333333333,gf8,gf8,false,false,24,48,24,68,68,16,2,6,20,0,240,0.970833333
leopard2-c0-v2,systematic_encode,per_payload_byte,7,5,low_v1,recursive_truncated_parent,parent_preserving,exact_arithmetic_lower_bound_scratch,8,8,16,16,12,4,1,3,1.333333333,gf8,gf8,false,false,24,48,24,68,68,8,6,6,20,0,256,0.91015625
leopard2-c0-v2,systematic_encode,per_payload_byte,7,5,low_v1,binary_dyadic_exact,new_exact_profile,heuristic_optimistic_cross_block,8,7,16,12,12,4,1,3,1.333333333,gf8,gf8,false,false,10,48,38,95,67,7,4,10,19,0,302,0.771523179
leopard2-c0-v2,systematic_encode,per_payload_byte,7,5,low_v1,full_block_tail_exact,new_exact_profile,heuristic_conservative_dense_join,8,7,16,12,12,4,1,3,1.333333333,gf8,gf8,false,false,8,52,50,113,65,7,4,8,19,0,346,0.673410405
leopard2-c0-v2,systematic_encode,per_payload_byte,7,5,low_v1,direct_matrix_exact,new_exact_profile,exact_dense_generator_arithmetic,8,7,16,12,12,4,1,3,1.333333333,gf8,gf8,false,false,0,30,35,35,5,1,0,1,0,0,140,1.664285714
leopard2-c0-v2,systematic_encode,per_payload_byte,7,5,low_v1,subproduct_tree_exact,new_exact_profile,asymptotic_generic_polynomial_proxy,8,7,16,12,12,4,1,3,1.333333333,gf8,gf8,false,false,576,576,576,1152,576,48,4,12,0,0,3472,0.067108295
leopard2-c0-v2,systematic_encode,per_payload_byte,7,7,legacy_high_v1,padded_dyadic_parent,parent_preserving,exact_structural_radix2_dag,8,8,16,16,14,2,1,1,1.142857143,gf8,gf8,false,false,24,48,24,70,71,16,0,6,22,1,237,1.0
leopard2-c0-v2,systematic_encode,per_payload_byte,7,7,legacy_high_v1,prefix_pruned_parent,parent_preserving,exact_structural_radix2_dag,8,8,16,16,14,2,1,1,1.142857143,gf8,gf8,false,false,24,48,24,70,70,16,1,6,22,0,240,0.9875
leopard2-c0-v2,systematic_encode,per_payload_byte,7,7,legacy_high_v1,dependency_pruned_parent,parent_preserving,exact_structural_radix2_dag,8,8,16,16,14,2,1,1,1.142857143,gf8,gf8,false,false,24,48,24,70,70,16,2,6,22,0,244,0.971311475
leopard2-c0-v2,systematic_encode,per_payload_byte,7,7,legacy_high_v1,recursive_truncated_parent,parent_preserving,exact_arithmetic_lower_bound_scratch,8,8,16,16,14,2,1,1,1.142857143,gf8,gf8,false,false,24,48,24,70,70,8,6,6,22,0,260,0.911538462
leopard2-c0-v2,systematic_encode,per_payload_byte,7,7,legacy_high_v1,binary_dyadic_exact,new_exact_profile,heuristic_optimistic_cross_block,8,7,16,14,14,2,1,1,1.142857143,gf8,gf8,false,false,10,48,38,97,69,7,4,10,21,0,306,0.774509804
leopard2-c0-v2,systematic_encode,per_payload_byte,7,7,legacy_high_v1,full_block_tail_exact,new_exact_profile,heuristic_conservative_dense_join,8,7,16,14,14,2,1,1,1.142857143,gf8,gf8,false,false,8,52,50,115,67,7,4,8,21,0,350,0.677142857
leopard2-c0-v2,systematic_encode,per_payload_byte,7,7,legacy_high_v1,direct_matrix_exact,new_exact_profile,exact_dense_generator_arithmetic,8,7,16,14,14,2,1,1,1.142857143,gf8,gf8,false,false,0,42,49,49,7,1,0,1,0,0,196,1.209183673
leopard2-c0-v2,systematic_encode,per_payload_byte,7,7,legacy_high_v1,subproduct_tree_exact,new_exact_profile,asymptotic_generic_polynomial_proxy,8,7,16,14,14,2,1,1,1.142857143,gf8,gf8,false,false,672,672,672,1344,672,56,4,12,0,0,4048,0.058547431
leopard2-c0-v2,systematic_encode,per_payload_byte,7,7,low_v1,padded_dyadic_parent,parent_preserving,exact_structural_radix2_dag,8,8,16,16,14,2,1,1,1.142857143,gf8,gf8,false,false,24,48,24,70,71,16,0,6,22,1,237,1.0
leopard2-c0-v2,systematic_encode,per_payload_byte,7,7,low_v1,prefix_pruned_parent,parent_preserving,exact_structural_radix2_dag,8,8,16,16,14,2,1,1,1.142857143,gf8,gf8,false,false,24,48,24,70,70,16,1,6,22,0,240,0.9875
leopard2-c0-v2,systematic_encode,per_payload_byte,7,7,low_v1,dependency_pruned_parent,parent_preserving,exact_structural_radix2_dag,8,8,16,16,14,2,1,1,1.142857143,gf8,gf8,false,false,24,48,24,70,70,16,2,6,22,0,244,0.971311475
leopard2-c0-v2,systematic_encode,per_payload_byte,7,7,low_v1,recursive_truncated_parent,parent_preserving,exact_arithmetic_lower_bound_scratch,8,8,16,16,14,2,1,1,1.142857143,gf8,gf8,false,false,24,48,24,70,70,8,6,6,22,0,260,0.911538462
leopard2-c0-v2,systematic_encode,per_payload_byte,7,7,low_v1,binary_dyadic_exact,new_exact_profile,heuristic_optimistic_cross_block,8,7,16,14,14,2,1,1,1.142857143,gf8,gf8,false,false,10,48,38,97,69,7,4,10,21,0,306,0.774509804
leopard2-c0-v2,systematic_encode,per_payload_byte,7,7,low_v1,full_block_tail_exact,new_exact_profile,heuristic_conservative_dense_join,8,7,16,14,14,2,1,1,1.142857143,gf8,gf8,false,false,8,52,50,115,67,7,4,8,21,0,350,0.677142857
leopard2-c0-v2,systematic_encode,per_payload_byte,7,7,low_v1,direct_matrix_exact,new_exact_profile,exact_dense_generator_arithmetic,8,7,16,14,14,2,1,1,1.142857143,gf8,gf8,false,false,0,42,49,49,7,1,0,1,0,0,196,1.209183673
leopard2-c0-v2,systematic_encode,per_payload_byte,7,7,low_v1,subproduct_tree_exact,new_exact_profile,asymptotic_generic_polynomial_proxy,8,7,16,14,14,2,1,1,1.142857143,gf8,gf8,false,false,672,672,672,1344,672,56,4,12,0,0,4048,0.058547431
leopard2-c0-v2,systematic_encode,per_payload_byte,7,9,legacy_high_v1,padded_dyadic_parent,parent_preserving,exact_structural_radix2_dag,16,16,32,32,16,16,9,7,2.0,gf8,gf8,false,false,64,128,64,160,169,32,0,8,32,9,585,1.0
leopard2-c0-v2,systematic_encode,per_payload_byte,7,9,legacy_high_v1,prefix_pruned_parent,parent_preserving,exact_structural_radix2_dag,16,16,32,32,16,16,9,7,2.0,gf8,gf8,false,false,52,104,52,136,136,32,1,8,32,0,484,1.208677686
leopard2-c0-v2,systematic_encode,per_payload_byte,7,9,legacy_high_v1,dependency_pruned_parent,parent_preserving,exact_structural_radix2_dag,16,16,32,32,16,16,9,7,2.0,gf8,gf8,false,false,52,104,52,136,136,32,2,8,32,0,488,1.198770492
leopard2-c0-v2,systematic_encode,per_payload_byte,7,9,legacy_high_v1,recursive_truncated_parent,parent_preserving,exact_arithmetic_lower_bound_scratch,16,16,32,32,16,16,9,7,2.0,gf8,gf8,false,false,52,104,52,136,136,16,8,8,32,0,512,1.142578125
leopard2-c0-v2,systematic_encode,per_payload_byte,7,9,legacy_high_v1,binary_dyadic_exact,new_exact_profile,heuristic_optimistic_cross_block,16,9,32,16,16,16,9,7,2.0,gf8,gf8,false,false,24,66,42,109,91,9,2,8,25,0,358,1.634078212
leopard2-c0-v2,systematic_encode,per_payload_byte,7,9,legacy_high_v1,full_block_tail_exact,new_exact_profile,heuristic_conservative_dense_join,16,9,32,16,16,16,9,7,2.0,gf8,gf8,false,false,24,64,42,107,91,9,4,10,25,0,362,1.616022099
leopard2-c0-v2,systematic_encode,per_payload_byte,7,9,legacy_high_v1,direct_matrix_exact,new_exact_profile,exact_dense_generator_arithmetic,16,9,32,16,16,16,9,7,2.0,gf8,gf8,false,false,0,54,63,63,9,1,0,1,0,0,252,2.321428571
leopard2-c0-v2,systematic_encode,per_payload_byte,7,9,legacy_high_v1,subproduct_tree_exact,new_exact_profile,asymptotic_generic_polynomial_proxy,16,9,32,16,16,16,9,7,2.0,gf8,gf8,false,false,768,768,768,1536,768,64,4,12,0,0,4624,0.126513841
leopard2-c0-v2,systematic_encode,per_payload_byte,7,9,low_v1,padded_dyadic_parent,parent_preserving,exact_structural_radix2_dag,8,8,32,32,16,16,1,15,2.0,gf8,gf8,false,false,36,72,36,104,105,16,0,9,32,1,353,1.0
leopard2-c0-v2,systematic_encode,per_payload_byte,7,9,low_v1,prefix_pruned_parent,parent_preserving,exact_structural_radix2_dag,8,8,32,32,16,16,1,15,2.0,gf8,gf8,false,false,36,72,36,104,104,16,1,9,32,0,356,0.991573034
leopard2-c0-v2,systematic_encode,per_payload_byte,7,9,low_v1,dependency_pruned_parent,parent_preserving,exact_structural_radix2_dag,8,8,32,32,16,16,1,15,2.0,gf8,gf8,false,false,31,62,31,94,94,16,2,9,32,0,320,1.103125
leopard2-c0-v2,systematic_encode,per_payload_byte,7,9,low_v1,recursive_truncated_parent,parent_preserving,exact_arithmetic_lower_bound_scratch,8,8,32,32,16,16,1,15,2.0,gf8,gf8,false,false,31,62,31,94,94,8,6,9,32,0,336,1.050595238
leopard2-c0-v2,systematic_encode,per_payload_byte,7,9,low_v1,binary_dyadic_exact,new_exact_profile,heuristic_optimistic_cross_block,8,7,32,16,16,16,1,15,2.0,gf8,gf8,false,false,15,72,57,144,102,7,6,15,30,0,456,0.774122807
leopard2-c0-v2,systematic_encode,per_payload_byte,7,9,low_v1,full_block_tail_exact,new_exact_profile,heuristic_conservative_dense_join,8,7,32,16,16,16,1,15,2.0,gf8,gf8,false,false,12,78,75,171,99,7,6,12,30,0,522,0.676245211
leopard2-c0-v2,systematic_encode,per_payload_byte,7,9,low_v1,direct_matrix_exact,new_exact_profile,exact_dense_generator_arithmetic,8,7,32,16,16,16,1,15,2.0,gf8,gf8,false,false,0,54,63,63,9,1,0,1,0,0,252,1.400793651
leopard2-c0-v2,systematic_encode,per_payload_byte,7,9,low_v1,subproduct_tree_exact,new_exact_profile,asymptotic_generic_polynomial_proxy,8,7,32,16,16,16,1,15,2.0,gf8,gf8,false,false,768,768,768,1536,768,64,4,12,0,0,4624,0.07634083
leopard2-c0-v2,systematic_encode,per_payload_byte,7,15,legacy_high_v1,padded_dyadic_parent,parent_preserving,exact_structural_radix2_dag,16,16,32,32,22,10,9,1,1.454545455,gf8,gf8,false,false,64,128,64,166,175,32,0,8,38,9,597,1.0
leopard2-c0-v2,systematic_encode,per_payload_byte,7,15,legacy_high_v1,prefix_pruned_parent,parent_preserving,exact_structural_radix2_dag,16,16,32,32,22,10,9,1,1.454545455,gf8,gf8,false,false,52,104,52,142,142,32,1,8,38,0,496,1.203629032
leopard2-c0-v2,systematic_encode,per_payload_byte,7,15,legacy_high_v1,dependency_pruned_parent,parent_preserving,exact_structural_radix2_dag,16,16,32,32,22,10,9,1,1.454545455,gf8,gf8,false,false,52,104,52,142,142,32,2,8,38,0,500,1.194
leopard2-c0-v2,systematic_encode,per_payload_byte,7,15,legacy_high_v1,recursive_truncated_parent,parent_preserving,exact_arithmetic_lower_bound_scratch,16,16,32,32,22,10,9,1,1.454545455,gf8,gf8,false,false,52,104,52,142,142,16,8,8,38,0,524,1.139312977
leopard2-c0-v2,systematic_encode,per_payload_byte,7,15,legacy_high_v1,binary_dyadic_exact,new_exact_profile,heuristic_optimistic_cross_block,16,15,32,22,22,10,9,1,1.454545455,gf8,gf8,false,false,34,158,124,285,195,15,6,18,37,0,910,0.656043956
leopard2-c0-v2,systematic_encode,per_payload_byte,7,15,legacy_high_v1,full_block_tail_exact,new_exact_profile,heuristic_conservative_dense_join,16,15,32,22,22,10,9,1,1.454545455,gf8,gf8,false,false,24,244,234,491,211,15,4,10,37,0,1430,0.417482517
leopard2-c0-v2,systematic_encode,per_payload_byte,7,15,legacy_high_v1,direct_matrix_exact,new_exact_profile,exact_dense_generator_arithmetic,16,15,32,22,22,10,9,1,1.454545455,gf8,gf8,false,false,0,90,105,105,15,1,0,1,0,0,420,1.421428571
leopard2-c0-v2,systematic_encode,per_payload_byte,7,15,legacy_high_v1,subproduct_tree_exact,new_exact_profile,asymptotic_generic_polynomial_proxy,16,15,32,22,22,10,9,1,1.454545455,gf8,gf8,false,false,1650,1650,1650,3300,1650,88,5,15,0,0,9920,0.060181452
leopard2-c0-v2,systematic_encode,per_payload_byte,7,15,low_v1,padded_dyadic_parent,parent_preserving,exact_structural_radix2_dag,8,8,32,32,22,10,1,9,1.454545455,gf8,gf8,false,false,36,72,36,110,111,16,0,9,38,1,365,1.0
leopard2-c0-v2,systematic_encode,per_payload_byte,7,15,low_v1,prefix_pruned_parent,parent_preserving,exact_structural_radix2_dag,8,8,32,32,22,10,1,9,1.454545455,gf8,gf8,false,false,36,72,36,110,110,16,1,9,38,0,368,0.991847826
leopard2-c0-v2,systematic_encode,per_payload_byte,7,15,low_v1,dependency_pruned_parent,parent_preserving,exact_structural_radix2_dag,8,8,32,32,22,10,1,9,1.454545455,gf8,gf8,false,false,36,72,36,110,110,16,2,9,38,0,372,0.981182796
leopard2-c0-v2,systematic_encode,per_payload_byte,7,15,low_v1,recursive_truncated_parent,parent_preserving,exact_arithmetic_lower_bound_scratch,8,8,32,32,22,10,1,9,1.454545455,gf8,gf8,false,false,36,72,36,110,110,8,6,9,38,0,388,0.940721649
leopard2-c0-v2,systematic_encode,per_payload_byte,7,15,low_v1,binary_dyadic_exact,new_exact_profile,heuristic_optimistic_cross_block,8,7,32,22,22,10,1,9,1.454545455,gf8,gf8,false,false,20,96,76,195,139,7,8,20,43,0,614,0.594462541
leopard2-c0-v2,systematic_encode,per_payload_byte,7,15,low_v1,full_block_tail_exact,new_exact_profile,heuristic_conservative_dense_join,8,7,32,22,22,10,1,9,1.454545455,gf8,gf8,false,false,16,104,100,231,135,7,8,16,43,0,702,0.51994302
leopard2-c0-v2,systematic_encode,per_payload_byte,7,15,low_v1,direct_matrix_exact,new_exact_profile,exact_dense_generator_arithmetic,8,7,32,22,22,10,1,9,1.454545455,gf8,gf8,false,false,0,90,105,105,15,1,0,1,0,0,420,0.869047619
leopard2-c0-v2,systematic_encode,per_payload_byte,7,15,low_v1,subproduct_tree_exact,new_exact_profile,asymptotic_generic_polynomial_proxy,8,7,32,22,22,10,1,9,1.454545455,gf8,gf8,false,false,1650,1650,1650,3300,1650,88,5,15,0,0,9920,0.036794355
leopard2-c0-v2,systematic_encode,per_payload_byte,7,17,legacy_high_v1,padded_dyadic_parent,parent_preserving,exact_structural_radix2_dag,32,32,64,64,24,40,25,15,2.666666667,gf8,gf8,false,false,160,320,160,376,401,64,0,10,56,25,1417,1.0
leopard2-c0-v2,systematic_encode,per_payload_byte,7,17,legacy_high_v1,prefix_pruned_parent,parent_preserving,exact_structural_radix2_dag,32,32,64,64,24,40,25,15,2.666666667,gf8,gf8,false,false,116,232,116,288,288,64,1,10,56,0,1044,1.357279693
leopard2-c0-v2,systematic_encode,per_payload_byte,7,17,legacy_high_v1,dependency_pruned_parent,parent_preserving,exact_structural_radix2_dag,32,32,64,64,24,40,25,15,2.666666667,gf8,gf8,false,false,116,232,116,288,288,64,2,10,56,0,1048,1.352099237
leopard2-c0-v2,systematic_encode,per_payload_byte,7,17,legacy_high_v1,recursive_truncated_parent,parent_preserving,exact_arithmetic_lower_bound_scratch,32,32,64,64,24,40,25,15,2.666666667,gf8,gf8,false,false,116,232,116,288,288,32,10,10,56,0,1080,1.312037037
leopard2-c0-v2,systematic_encode,per_payload_byte,7,17,legacy_high_v1,binary_dyadic_exact,new_exact_profile,heuristic_optimistic_cross_block,32,17,64,24,24,40,25,15,2.666666667,gf8,gf8,false,false,64,162,98,237,203,17,2,10,41,0,806,1.758064516
leopard2-c0-v2,systematic_encode,per_payload_byte,7,17,legacy_high_v1,full_block_tail_exact,new_exact_profile,heuristic_conservative_dense_join,32,17,64,24,24,40,25,15,2.666666667,gf8,gf8,false,false,64,160,98,235,203,17,4,12,41,0,810,1.749382716
leopard2-c0-v2,systematic_encode,per_payload_byte,7,17,legacy_high_v1,direct_matrix_exact,new_exact_profile,exact_dense_generator_arithmetic,32,17,64,24,24,40,25,15,2.666666667,gf8,gf8,false,false,0,102,119,119,17,1,0,1,0,0,476,2.976890756
leopard2-c0-v2,systematic_encode,per_payload_byte,7,17,legacy_high_v1,subproduct_tree_exact,new_exact_profile,asymptotic_generic_polynomial_proxy,32,17,64,24,24,40,25,15,2.666666667,gf8,gf8,false,false,1800,1800,1800,3600,1800,96,5,15,0,0,10820,0.130961183
leopard2-c0-v2,systematic_encode,per_payload_byte,7,17,low_v1,padded_dyadic_parent,parent_preserving,exact_structural_radix2_dag,8,8,32,32,24,8,1,7,1.333333333,gf8,gf8,false,false,48,96,48,144,145,16,0,12,48,1,481,1.0
leopard2-c0-v2,systematic_encode,per_payload_byte,7,17,low_v1,prefix_pruned_parent,parent_preserving,exact_structural_radix2_dag,8,8,32,32,24,8,1,7,1.333333333,gf8,gf8,false,false,48,96,48,144,144,16,1,12,48,0,484,0.993801653
leopard2-c0-v2,systematic_encode,per_payload_byte,7,17,low_v1,dependency_pruned_parent,parent_preserving,exact_structural_radix2_dag,8,8,32,32,24,8,1,7,1.333333333,gf8,gf8,false,false,43,86,43,134,134,16,2,12,48,0,448,1.073660714
leopard2-c0-v2,systematic_encode,per_payload_byte,7,17,low_v1,recursive_truncated_parent,parent_preserving,exact_arithmetic_lower_bound_scratch,8,8,32,32,24,8,1,7,1.333333333,gf8,gf8,false,false,43,86,43,134,134,8,6,12,48,0,464,1.036637931
leopard2-c0-v2,systematic_encode,per_payload_byte,7,17,low_v1,binary_dyadic_exact,new_exact_profile,heuristic_optimistic_cross_block,8,7,32,24,24,8,1,7,1.333333333,gf8,gf8,false,false,20,96,76,197,141,7,8,20,45,0,618,0.778317152
leopard2-c0-v2,systematic_encode,per_payload_byte,7,17,low_v1,full_block_tail_exact,new_exact_profile,heuristic_conservative_dense_join,8,7,32,24,24,8,1,7,1.333333333,gf8,gf8,false,false,16,104,100,233,137,7,8,16,45,0,706,0.681303116
leopard2-c0-v2,systematic_encode,per_payload_byte,7,17,low_v1,direct_matrix_exact,new_exact_profile,exact_dense_generator_arithmetic,8,7,32,24,24,8,1,7,1.333333333,gf8,gf8,false,false,0,102,119,119,17,1,0,1,0,0,476,1.010504202
leopard2-c0-v2,systematic_encode,per_payload_byte,7,17,low_v1,subproduct_tree_exact,new_exact_profile,asymptotic_generic_polynomial_proxy,8,7,32,24,24,8,1,7,1.333333333,gf8,gf8,false,false,1800,1800,1800,3600,1800,96,5,15,0,0,10820,0.044454713
leopard2-c0-v2,systematic_encode,per_payload_byte,7,31,legacy_high_v1,padded_dyadic_parent,parent_preserving,exact_structural_radix2_dag,32,32,64,64,38,26,25,1,1.684210526,gf8,gf8,false,false,160,320,160,390,415,64,0,10,70,25,1445,1.0
leopard2-c0-v2,systematic_encode,per_payload_byte,7,31,legacy_high_v1,prefix_pruned_parent,parent_preserving,exact_structural_radix2_dag,32,32,64,64,38,26,25,1,1.684210526,gf8,gf8,false,false,116,232,116,302,302,64,1,10,70,0,1072,1.347947761
leopard2-c0-v2,systematic_encode,per_payload_byte,7,31,legacy_high_v1,dependency_pruned_parent,parent_preserving,exact_structural_radix2_dag,32,32,64,64,38,26,25,1,1.684210526,gf8,gf8,false,false,116,232,116,302,302,64,2,10,70,0,1076,1.342936803
leopard2-c0-v2,systematic_encode,per_payload_byte,7,31,legacy_high_v1,recursive_truncated_parent,parent_preserving,exact_arithmetic_lower_bound_scratch,32,32,64,64,38,26,25,1,1.684210526,gf8,gf8,false,false,116,232,116,302,302,32,10,10,70,0,1108,1.304151625
leopard2-c0-v2,systematic_encode,per_payload_byte,7,31,legacy_high_v1,binary_dyadic_exact,new_exact_profile,heuristic_optimistic_cross_block,32,31,64,38,38,26,25,1,1.684210526,gf8,gf8,false,false,98,444,346,761,513,31,8,28,69,0,2442,0.591728092
leopard2-c0-v2,systematic_encode,per_payload_byte,7,31,legacy_high_v1,full_block_tail_exact,new_exact_profile,heuristic_conservative_dense_join,32,31,64,38,38,26,25,1,1.684210526,gf8,gf8,false,false,64,1028,994,2027,707,31,4,12,69,0,5766,0.250607007
leopard2-c0-v2,systematic_encode,per_payload_byte,7,31,legacy_high_v1,direct_matrix_exact,new_exact_profile,exact_dense_generator_arithmetic,32,31,64,38,38,26,25,1,1.684210526,gf8,gf8,false,false,0,186,217,217,31,1,0,1,0,0,868,1.664746544
leopard2-c0-v2,systematic_encode,per_payload_byte,7,31,legacy_high_v1,subproduct_tree_exact,new_exact_profile,asymptotic_generic_polynomial_proxy,32,31,64,38,38,26,25,1,1.684210526,gf8,gf8,false,false,4104,4104,4104,8208,4104,152,6,18,0,0,24648,0.058625446
leopard2-c0-v2,systematic_encode,per_payload_byte,7,31,low_v1,padded_dyadic_parent,parent_preserving,exact_structural_radix2_dag,8,8,64,64,38,26,1,25,1.684210526,gf8,gf8,false,false,60,120,60,190,191,16,0,15,70,1,621,1.0
leopard2-c0-v2,systematic_encode,per_payload_byte,7,31,low_v1,prefix_pruned_parent,parent_preserving,exact_structural_radix2_dag,8,8,64,64,38,26,1,25,1.684210526,gf8,gf8,false,false,60,120,60,190,190,16,1,15,70,0,624,0.995192308
leopard2-c0-v2,systematic_encode,per_payload_byte,7,31,low_v1,dependency_pruned_parent,parent_preserving,exact_structural_radix2_dag,8,8,64,64,38,26,1,25,1.684210526,gf8,gf8,false,false,60,120,60,190,190,16,2,15,70,0,628,0.988853503
leopard2-c0-v2,systematic_encode,per_payload_byte,7,31,low_v1,recursive_truncated_parent,parent_preserving,exact_arithmetic_lower_bound_scratch,8,8,64,64,38,26,1,25,1.684210526,gf8,gf8,false,false,60,120,60,190,190,8,6,15,70,0,644,0.964285714
leopard2-c0-v2,systematic_encode,per_payload_byte,7,31,low_v1,binary_dyadic_exact,new_exact_profile,heuristic_optimistic_cross_block,8,7,64,38,38,26,1,25,1.684210526,gf8,gf8,false,false,30,144,114,301,217,7,12,30,73,0,938,0.662046908
leopard2-c0-v2,systematic_encode,per_payload_byte,7,31,low_v1,full_block_tail_exact,new_exact_profile,heuristic_conservative_dense_join,8,7,64,38,38,26,1,25,1.684210526,gf8,gf8,false,false,24,156,150,355,211,7,12,24,73,0,1070,0.580373832
leopard2-c0-v2,systematic_encode,per_payload_byte,7,31,low_v1,direct_matrix_exact,new_exact_profile,exact_dense_generator_arithmetic,8,7,64,38,38,26,1,25,1.684210526,gf8,gf8,false,false,0,186,217,217,31,1,0,1,0,0,868,0.715437788
leopard2-c0-v2,systematic_encode,per_payload_byte,7,31,low_v1,subproduct_tree_exact,new_exact_profile,asymptotic_generic_polynomial_proxy,8,7,64,38,38,26,1,25,1.684210526,gf8,gf8,false,false,4104,4104,4104,8208,4104,152,6,18,0,0,24648,0.025194742
leopard2-c0-v2,systematic_encode,per_payload_byte,7,33,legacy_high_v1,padded_dyadic_parent,parent_preserving,exact_structural_radix2_dag,64,64,128,128,40,88,57,31,3.2,gf8,gf8,false,false,384,768,384,872,929,128,0,12,104,57,3337,1.0
leopard2-c0-v2,systematic_encode,per_payload_byte,7,33,legacy_high_v1,prefix_pruned_parent,parent_preserving,exact_structural_radix2_dag,64,64,128,128,40,88,57,31,3.2,gf8,gf8,false,false,260,520,260,624,624,128,1,12,104,0,2292,1.455933682
leopard2-c0-v2,systematic_encode,per_payload_byte,7,33,legacy_high_v1,dependency_pruned_parent,parent_preserving,exact_structural_radix2_dag,64,64,128,128,40,88,57,31,3.2,gf8,gf8,false,false,260,520,260,624,624,128,2,12,104,0,2296,1.453397213
leopard2-c0-v2,systematic_encode,per_payload_byte,7,33,legacy_high_v1,recursive_truncated_parent,parent_preserving,exact_arithmetic_lower_bound_scratch,64,64,128,128,40,88,57,31,3.2,gf8,gf8,false,false,260,520,260,624,624,64,12,12,104,0,2336,1.428510274
leopard2-c0-v2,systematic_encode,per_payload_byte,7,33,legacy_high_v1,binary_dyadic_exact,new_exact_profile,heuristic_optimistic_cross_block,64,33,128,40,40,88,57,31,3.2,gf8,gf8,false,false,160,386,226,525,459,33,2,12,73,0,1830,1.823497268
leopard2-c0-v2,systematic_encode,per_payload_byte,7,33,legacy_high_v1,full_block_tail_exact,new_exact_profile,heuristic_conservative_dense_join,64,33,128,40,40,88,57,31,3.2,gf8,gf8,false,false,160,384,226,523,459,33,4,14,73,0,1834,1.819520174
leopard2-c0-v2,systematic_encode,per_payload_byte,7,33,legacy_high_v1,direct_matrix_exact,new_exact_profile,exact_dense_generator_arithmetic,64,33,128,40,40,88,57,31,3.2,gf8,gf8,false,false,0,198,231,231,33,1,0,1,0,0,924,3.611471861
leopard2-c0-v2,systematic_encode,per_payload_byte,7,33,legacy_high_v1,subproduct_tree_exact,new_exact_profile,asymptotic_generic_polynomial_proxy,64,33,128,40,40,88,57,31,3.2,gf8,gf8,false,false,4320,4320,4320,8640,4320,160,6,18,0,0,25944,0.128623188
leopard2-c0-v2,systematic_encode,per_payload_byte,7,33,low_v1,padded_dyadic_parent,parent_preserving,exact_structural_radix2_dag,8,8,64,64,40,24,1,23,1.6,gf8,gf8,false,false,72,144,72,224,225,16,0,18,80,1,737,1.0
leopard2-c0-v2,systematic_encode,per_payload_byte,7,33,low_v1,prefix_pruned_parent,parent_preserving,exact_structural_radix2_dag,8,8,64,64,40,24,1,23,1.6,gf8,gf8,false,false,72,144,72,224,224,16,1,18,80,0,740,0.995945946
leopard2-c0-v2,systematic_encode,per_payload_byte,7,33,low_v1,dependency_pruned_parent,parent_preserving,exact_structural_radix2_dag,8,8,64,64,40,24,1,23,1.6,gf8,gf8,false,false,67,134,67,214,214,16,2,18,80,0,704,1.046875
leopard2-c0-v2,systematic_encode,per_payload_byte,7,33,low_v1,recursive_truncated_parent,parent_preserving,exact_arithmetic_lower_bound_scratch,8,8,64,64,40,24,1,23,1.6,gf8,gf8,false,false,67,134,67,214,214,8,6,18,80,0,720,1.023611111
leopard2-c0-v2,systematic_encode,per_payload_byte,7,33,low_v1,binary_dyadic_exact,new_exact_profile,heuristic_optimistic_cross_block,8,7,64,40,40,24,1,23,1.6,gf8,gf8,false,false,30,144,114,303,219,7,12,30,75,0,942,0.782377919
leopard2-c0-v2,systematic_encode,per_payload_byte,7,33,low_v1,full_block_tail_exact,new_exact_profile,heuristic_conservative_dense_join,8,7,64,40,40,24,1,23,1.6,gf8,gf8,false,false,24,156,150,357,213,7,12,24,75,0,1074,0.686219739
leopard2-c0-v2,systematic_encode,per_payload_byte,7,33,low_v1,direct_matrix_exact,new_exact_profile,exact_dense_generator_arithmetic,8,7,64,40,40,24,1,23,1.6,gf8,gf8,false,false,0,198,231,231,33,1,0,1,0,0,924,0.797619048
leopard2-c0-v2,systematic_encode,per_payload_byte,7,33,low_v1,subproduct_tree_exact,new_exact_profile,asymptotic_generic_polynomial_proxy,8,7,64,40,40,24,1,23,1.6,gf8,gf8,false,false,4320,4320,4320,8640,4320,160,6,18,0,0,25944,0.028407339
leopard2-c0-v2,systematic_encode,per_payload_byte,7,63,legacy_high_v1,padded_dyadic_parent,parent_preserving,exact_structural_radix2_dag,64,64,128,128,70,58,57,1,1.828571429,gf8,gf8,false,false,384,768,384,902,959,128,0,12,134,57,3397,1.0
leopard2-c0-v2,systematic_encode,per_payload_byte,7,63,legacy_high_v1,prefix_pruned_parent,parent_preserving,exact_structural_radix2_dag,64,64,128,128,70,58,57,1,1.828571429,gf8,gf8,false,false,260,520,260,654,654,128,1,12,134,0,2352,1.444302721
leopard2-c0-v2,systematic_encode,per_payload_byte,7,63,legacy_high_v1,dependency_pruned_parent,parent_preserving,exact_structural_radix2_dag,64,64,128,128,70,58,57,1,1.828571429,gf8,gf8,false,false,260,520,260,654,654,128,2,12,134,0,2356,1.441850594
leopard2-c0-v2,systematic_encode,per_payload_byte,7,63,legacy_high_v1,recursive_truncated_parent,parent_preserving,exact_arithmetic_lower_bound_scratch,64,64,128,128,70,58,57,1,1.828571429,gf8,gf8,false,false,260,520,260,654,654,64,12,12,134,0,2396,1.417779633
leopard2-c0-v2,systematic_encode,per_payload_byte,7,63,legacy_high_v1,binary_dyadic_exact,new_exact_profile,heuristic_optimistic_cross_block,64,63,128,70,70,58,57,1,1.828571429,gf8,gf8,false,false,258,1146,888,1909,1279,63,10,40,133,0,6150,0.552357724
leopard2-c0-v2,systematic_encode,per_payload_byte,7,63,legacy_high_v1,full_block_tail_exact,new_exact_profile,heuristic_conservative_dense_join,64,63,128,70,70,58,57,1,1.828571429,gf8,gf8,false,false,160,4164,4066,8203,2499,63,4,14,133,0,23014,0.147605805
leopard2-c0-v2,systematic_encode,per_payload_byte,7,63,legacy_high_v1,direct_matrix_exact,new_exact_profile,exact_dense_generator_arithmetic,64,63,128,70,70,58,57,1,1.828571429,gf8,gf8,false,false,0,378,441,441,63,1,0,1,0,0,1764,1.925736961
leopard2-c0-v2,systematic_encode,per_payload_byte,7,63,legacy_high_v1,subproduct_tree_exact,new_exact_profile,asymptotic_generic_polynomial_proxy,64,63,128,70,70,58,57,1,1.828571429,gf8,gf8,false,false,10290,10290,10290,20580,10290,280,7,21,0,0,61768,0.054996114
leopard2-c0-v2,systematic_encode,per_payload_byte,7,63,low_v1,padded_dyadic_parent,parent_preserving,exact_structural_radix2_dag,8,8,128,128,70,58,1,57,1.828571429,gf8,gf8,false,false,108,216,108,350,351,16,0,27,134,1,1133,1.0
leopard2-c0-v2,systematic_encode,per_payload_byte,7,63,low_v1,prefix_pruned_parent,parent_preserving,exact_structural_radix2_dag,8,8,128,128,70,58,1,57,1.828571429,gf8,gf8,false,false,108,216,108,350,350,16,1,27,134,0,1136,0.997359155
leopard2-c0-v2,systematic_encode,per_payload_byte,7,63,low_v1,dependency_pruned_parent,parent_preserving,exact_structural_radix2_dag,8,8,128,128,70,58,1,57,1.828571429,gf8,gf8,false,false,108,216,108,350,350,16,2,27,134,0,1140,0.993859649
leopard2-c0-v2,systematic_encode,per_payload_byte,7,63,low_v1,recursive_truncated_parent,parent_preserving,exact_arithmetic_lower_bound_scratch,8,8,128,128,70,58,1,57,1.828571429,gf8,gf8,false,false,108,216,108,350,350,8,6,27,134,0,1156,0.980103806
leopard2-c0-v2,systematic_encode,per_payload_byte,7,63,low_v1,binary_dyadic_exact,new_exact_profile,heuristic_optimistic_cross_block,8,7,128,70,70,58,1,57,1.828571429,gf8,gf8,false,false,50,240,190,513,373,7,20,50,133,0,1586,0.714375788
leopard2-c0-v2,systematic_encode,per_payload_byte,7,63,low_v1,full_block_tail_exact,new_exact_profile,heuristic_conservative_dense_join,8,7,128,70,70,58,1,57,1.828571429,gf8,gf8,false,false,40,260,250,603,363,7,20,40,133,0,1806,0.627353267
leopard2-c0-v2,systematic_encode,per_payload_byte,7,63,low_v1,direct_matrix_exact,new_exact_profile,exact_dense_generator_arithmetic,8,7,128,70,70,58,1,57,1.828571429,gf8,gf8,false,false,0,378,441,441,63,1,0,1,0,0,1764,0.642290249
leopard2-c0-v2,systematic_encode,per_payload_byte,7,63,low_v1,subproduct_tree_exact,new_exact_profile,asymptotic_generic_polynomial_proxy,8,7,128,70,70,58,1,57,1.828571429,gf8,gf8,false,false,10290,10290,10290,20580,10290,280,7,21,0,0,61768,0.018342831
leopard2-c0-v2,systematic_encode,per_payload_byte,7,65,legacy_high_v1,padded_dyadic_parent,parent_preserving,exact_structural_radix2_dag,128,128,256,256,72,184,121,63,3.555555556,gf8,gf8,false,false,896,1792,896,1992,2113,256,0,14,200,121,7689,1.0
leopard2-c0-v2,systematic_encode,per_payload_byte,7,65,legacy_high_v1,prefix_pruned_parent,parent_preserving,exact_structural_radix2_dag,128,128,256,256,72,184,121,63,3.555555556,gf8,gf8,false,false,580,1160,580,1360,1360,256,1,14,200,0,5044,1.524385408
leopard2-c0-v2,systematic_encode,per_payload_byte,7,65,legacy_high_v1,dependency_pruned_parent,parent_preserving,exact_structural_radix2_dag,128,128,256,256,72,184,121,63,3.555555556,gf8,gf8,false,false,580,1160,580,1360,1360,256,2,14,200,0,5048,1.523177496
leopard2-c0-v2,systematic_encode,per_payload_byte,7,65,legacy_high_v1,recursive_truncated_parent,parent_preserving,exact_arithmetic_lower_bound_scratch,128,128,256,256,72,184,121,63,3.555555556,gf8,gf8,false,false,580,1160,580,1360,1360,128,14,14,200,0,5096,1.508830455
leopard2-c0-v2,systematic_encode,per_payload_byte,7,65,legacy_high_v1,binary_dyadic_exact,new_exact_profile,heuristic_optimistic_cross_block,128,65,256,72,72,184,121,63,3.555555556,gf8,gf8,false,false,384,898,514,1165,1035,65,2,14,137,0,4134,1.859941945
leopard2-c0-v2,systematic_encode,per_payload_byte,7,65,legacy_high_v1,full_block_tail_exact,new_exact_profile,heuristic_conservative_dense_join,128,65,256,72,72,184,121,63,3.555555556,gf8,gf8,false,false,384,896,514,1163,1035,65,4,16,137,0,4138,1.858144031
leopard2-c0-v2,systematic_encode,per_payload_byte,7,65,legacy_high_v1,direct_matrix_exact,new_exact_profile,exact_dense_generator_arithmetic,128,65,256,72,72,184,121,63,3.555555556,gf8,gf8,false,false,0,390,455,455,65,1,0,1,0,0,1820,4.224725275
leopard2-c0-v2,systematic_encode,per_payload_byte,7,65,legacy_high_v1,subproduct_tree_exact,new_exact_profile,asymptotic_generic_polynomial_proxy,128,65,256,72,72,184,121,63,3.555555556,gf8,gf8,false,false,10584,10584,10584,21168,10584,288,7,21,0,0,63532,0.121025625
leopard2-c0-v2,systematic_encode,per_payload_byte,7,65,low_v1,padded_dyadic_parent,parent_preserving,exact_structural_radix2_dag,8,8,128,128,72,56,1,55,1.777777778,gf8,gf8,false,false,120,240,120,384,385,16,0,30,144,1,1249,1.0
leopard2-c0-v2,systematic_encode,per_payload_byte,7,65,low_v1,prefix_pruned_parent,parent_preserving,exact_structural_radix2_dag,8,8,128,128,72,56,1,55,1.777777778,gf8,gf8,false,false,120,240,120,384,384,16,1,30,144,0,1252,0.997603834
leopard2-c0-v2,systematic_encode,per_payload_byte,7,65,low_v1,dependency_pruned_parent,parent_preserving,exact_structural_radix2_dag,8,8,128,128,72,56,1,55,1.777777778,gf8,gf8,false,false,115,230,115,374,374,16,2,30,144,0,1216,1.027138158
leopard2-c0-v2,systematic_encode,per_payload_byte,7,65,low_v1,recursive_truncated_parent,parent_preserving,exact_arithmetic_lower_bound_scratch,8,8,128,128,72,56,1,55,1.777777778,gf8,gf8,false,false,115,230,115,374,374,8,6,30,144,0,1232,1.013798701
leopard2-c0-v2,systematic_encode,per_payload_byte,7,65,low_v1,binary_dyadic_exact,new_exact_profile,heuristic_optimistic_cross_block,8,7,128,72,72,56,1,55,1.777777778,gf8,gf8,false,false,55,264,209,560,406,7,22,55,142,0,1736,0.719470046
leopard2-c0-v2,systematic_encode,per_payload_byte,7,65,low_v1,full_block_tail_exact,new_exact_profile,heuristic_conservative_dense_join,8,7,128,72,72,56,1,55,1.777777778,gf8,gf8,false,false,44,286,275,659,395,7,22,44,142,0,1978,0.631445905
leopard2-c0-v2,systematic_encode,per_payload_byte,7,65,low_v1,direct_matrix_exact,new_exact_profile,exact_dense_generator_arithmetic,8,7,128,72,72,56,1,55,1.777777778,gf8,gf8,false,false,0,390,455,455,65,1,0,1,0,0,1820,0.686263736
leopard2-c0-v2,systematic_encode,per_payload_byte,7,65,low_v1,subproduct_tree_exact,new_exact_profile,asymptotic_generic_polynomial_proxy,8,7,128,72,72,56,1,55,1.777777778,gf8,gf8,false,false,10584,10584,10584,21168,10584,288,7,21,0,0,63532,0.019659384
leopard2-c0-v2,systematic_encode,per_payload_byte,7,127,legacy_high_v1,padded_dyadic_parent,parent_preserving,exact_structural_radix2_dag,128,128,256,256,134,122,121,1,1.910447761,gf8,gf8,false,false,896,1792,896,2054,2175,256,0,14,262,121,7813,1.0
leopard2-c0-v2,systematic_encode,per_payload_byte,7,127,legacy_high_v1,prefix_pruned_parent,parent_preserving,exact_structural_radix2_dag,128,128,256,256,134,122,121,1,1.910447761,gf8,gf8,false,false,580,1160,580,1422,1422,256,1,14,262,0,5168,1.511803406
leopard2-c0-v2,systematic_encode,per_payload_byte,7,127,legacy_high_v1,dependency_pruned_parent,parent_preserving,exact_structural_radix2_dag,128,128,256,256,134,122,121,1,1.910447761,gf8,gf8,false,false,580,1160,580,1422,1422,256,2,14,262,0,5172,1.510634184
leopard2-c0-v2,systematic_encode,per_payload_byte,7,127,legacy_high_v1,recursive_truncated_parent,parent_preserving,exact_arithmetic_lower_bound_scratch,128,128,256,256,134,122,121,1,1.910447761,gf8,gf8,false,false,580,1160,580,1422,1422,128,14,14,262,0,5220,1.496743295
leopard2-c0-v2,systematic_encode,per_payload_byte,7,127,legacy_high_v1,binary_dyadic_exact,new_exact_profile,heuristic_optimistic_cross_block,128,127,256,134,134,122,121,1,1.910447761,gf8,gf8,false,false,642,2808,2166,4593,3069,127,12,54,261,0,14850,0.526127946
leopard2-c0-v2,systematic_encode,per_payload_byte,7,127,legacy_high_v1,full_block_tail_exact,new_exact_profile,heuristic_conservative_dense_join,128,127,256,134,134,122,121,1,1.910447761,gf8,gf8,false,false,384,16644,16386,32907,9219,127,4,16,261,0,91558,0.085333887
leopard2-c0-v2,systematic_encode,per_payload_byte,7,127,legacy_high_v1,direct_matrix_exact,new_exact_profile,exact_dense_generator_arithmetic,128,127,256,134,134,122,121,1,1.910447761,gf8,gf8,false,false,0,762,889,889,127,1,0,1,0,0,3556,2.197131609
leopard2-c0-v2,systematic_encode,per_payload_byte,7,127,legacy_high_v1,subproduct_tree_exact,new_exact_profile,asymptotic_generic_polynomial_proxy,128,127,256,134,134,122,121,1,1.910447761,gf8,gf8,false,false,25728,25728,25728,51456,25728,536,8,24,0,0,154400,0.050602332
leopard2-c0-v2,systematic_encode,per_payload_byte,7,127,low_v1,padded_dyadic_parent,parent_preserving,exact_structural_radix2_dag,8,8,256,256,134,122,1,121,1.910447761,gf8,gf8,false,false,204,408,204,670,671,16,0,51,262,1,2157,1.0
leopard2-c0-v2,systematic_encode,per_payload_byte,7,127,low_v1,prefix_pruned_parent,parent_preserving,exact_structural_radix2_dag,8,8,256,256,134,122,1,121,1.910447761,gf8,gf8,false,false,204,408,204,670,670,16,1,51,262,0,2160,0.998611111
leopard2-c0-v2,systematic_encode,per_payload_byte,7,127,low_v1,dependency_pruned_parent,parent_preserving,exact_structural_radix2_dag,8,8,256,256,134,122,1,121,1.910447761,gf8,gf8,false,false,204,408,204,670,670,16,2,51,262,0,2164,0.99676525
leopard2-c0-v2,systematic_encode,per_payload_byte,7,127,low_v1,recursive_truncated_parent,parent_preserving,exact_arithmetic_lower_bound_scratch,8,8,256,256,134,122,1,121,1.910447761,gf8,gf8,false,false,204,408,204,670,670,8,6,51,262,0,2180,0.989449541
leopard2-c0-v2,systematic_encode,per_payload_byte,7,127,low_v1,binary_dyadic_exact,new_exact_profile,heuristic_optimistic_cross_block,8,7,256,134,134,122,1,121,1.910447761,gf8,gf8,false,false,100,480,380,1027,747,7,40,100,267,0,3174,0.679584121
leopard2-c0-v2,systematic_encode,per_payload_byte,7,127,low_v1,full_block_tail_exact,new_exact_profile,heuristic_conservative_dense_join,8,7,256,134,134,122,1,121,1.910447761,gf8,gf8,false,false,80,520,500,1207,727,7,40,80,267,0,3614,0.5968456
leopard2-c0-v2,systematic_encode,per_payload_byte,7,127,low_v1,direct_matrix_exact,new_exact_profile,exact_dense_generator_arithmetic,8,7,256,134,134,122,1,121,1.910447761,gf8,gf8,false,false,0,762,889,889,127,1,0,1,0,0,3556,0.606580427
leopard2-c0-v2,systematic_encode,per_payload_byte,7,127,low_v1,subproduct_tree_exact,new_exact_profile,asymptotic_generic_polynomial_proxy,8,7,256,134,134,122,1,121,1.910447761,gf8,gf8,false,false,25728,25728,25728,51456,25728,536,8,24,0,0,154400,0.013970207
leopard2-c0-v2,systematic_encode,per_payload_byte,7,129,legacy_high_v1,padded_dyadic_parent,parent_preserving,exact_structural_radix2_dag,256,256,512,512,136,376,249,127,3.764705882,gf16,gf16,true,false,2048,4096,2048,4488,4737,512,0,16,392,249,17417,1.0
leopard2-c0-v2,systematic_encode,per_payload_byte,7,129,legacy_high_v1,prefix_pruned_parent,parent_preserving,exact_structural_radix2_dag,256,256,512,512,136,376,249,127,3.764705882,gf16,gf16,true,false,1284,2568,1284,2960,2960,512,1,16,392,0,11060,1.57477396
leopard2-c0-v2,systematic_encode,per_payload_byte,7,129,legacy_high_v1,dependency_pruned_parent,parent_preserving,exact_structural_radix2_dag,256,256,512,512,136,376,249,127,3.764705882,gf16,gf16,true,false,1284,2568,1284,2960,2960,512,2,16,392,0,11064,1.574204628
leopard2-c0-v2,systematic_encode,per_payload_byte,7,129,legacy_high_v1,recursive_truncated_parent,parent_preserving,exact_arithmetic_lower_bound_scratch,256,256,512,512,136,376,249,127,3.764705882,gf16,gf16,true,false,1284,2568,1284,2960,2960,256,16,16,392,0,11120,1.566276978
leopard2-c0-v2,systematic_encode,per_payload_byte,7,129,legacy_high_v1,binary_dyadic_exact,new_exact_profile,heuristic_optimistic_cross_block,256,129,512,136,136,376,249,127,3.764705882,gf16,gf8,true,true,896,2050,1154,2573,2315,129,2,16,265,0,9254,1.882105036
leopard2-c0-v2,systematic_encode,per_payload_byte,7,129,legacy_high_v1,full_block_tail_exact,new_exact_profile,heuristic_conservative_dense_join,256,129,512,136,136,376,249,127,3.764705882,gf16,gf8,true,true,896,2048,1154,2571,2315,129,4,18,265,0,9258,1.881291856
leopard2-c0-v2,systematic_encode,per_payload_byte,7,129,legacy_high_v1,direct_matrix_exact,new_exact_profile,exact_dense_generator_arithmetic,256,129,512,136,136,376,249,127,3.764705882,gf16,gf8,true,true,0,774,903,903,129,1,0,1,0,0,3612,4.821982281
leopard2-c0-v2,systematic_encode,per_payload_byte,7,129,legacy_high_v1,subproduct_tree_exact,new_exact_profile,asymptotic_generic_polynomial_proxy,256,129,512,136,136,376,249,127,3.764705882,gf16,gf8,true,true,26112,26112,26112,52224,26112,544,8,24,0,0,156704,0.111145855
leopard2-c0-v2,systematic_encode,per_payload_byte,7,129,low_v1,padded_dyadic_parent,parent_preserving,exact_structural_radix2_dag,8,8,256,256,136,120,1,119,1.882352941,gf8,gf8,false,false,216,432,216,704,705,16,0,54,272,1,2273,1.0
leopard2-c0-v2,systematic_encode,per_payload_byte,7,129,low_v1,prefix_pruned_parent,parent_preserving,exact_structural_radix2_dag,8,8,256,256,136,120,1,119,1.882352941,gf8,gf8,false,false,216,432,216,704,704,16,1,54,272,0,2276,0.998681898
leopard2-c0-v2,systematic_encode,per_payload_byte,7,129,low_v1,dependency_pruned_parent,parent_preserving,exact_structural_radix2_dag,8,8,256,256,136,120,1,119,1.882352941,gf8,gf8,false,false,211,422,211,694,694,16,2,54,272,0,2240,1.014732143
leopard2-c0-v2,systematic_encode,per_payload_byte,7,129,low_v1,recursive_truncated_parent,parent_preserving,exact_arithmetic_lower_bound_scratch,8,8,256,256,136,120,1,119,1.882352941,gf8,gf8,false,false,211,422,211,694,694,8,6,54,272,0,2256,1.007535461
leopard2-c0-v2,systematic_encode,per_payload_byte,7,129,low_v1,binary_dyadic_exact,new_exact_profile,heuristic_optimistic_cross_block,8,7,256,136,136,120,1,119,1.882352941,gf8,gf8,false,false,100,480,380,1029,749,7,40,100,269,0,3178,0.715229704
leopard2-c0-v2,systematic_encode,per_payload_byte,7,129,low_v1,full_block_tail_exact,new_exact_profile,heuristic_conservative_dense_join,8,7,256,136,136,120,1,119,1.882352941,gf8,gf8,false,false,80,520,500,1209,729,7,40,80,269,0,3618,0.628247651
leopard2-c0-v2,systematic_encode,per_payload_byte,7,129,low_v1,direct_matrix_exact,new_exact_profile,exact_dense_generator_arithmetic,8,7,256,136,136,120,1,119,1.882352941,gf8,gf8,false,false,0,774,903,903,129,1,0,1,0,0,3612,0.629291251
leopard2-c0-v2,systematic_encode,per_payload_byte,7,129,low_v1,subproduct_tree_exact,new_exact_profile,asymptotic_generic_polynomial_proxy,8,7,256,136,136,120,1,119,1.882352941,gf8,gf8,false,false,26112,26112,26112,52224,26112,544,8,24,0,0,156704,0.014505054
leopard2-c0-v2,systematic_encode,per_payload_byte,7,255,legacy_high_v1,padded_dyadic_parent,parent_preserving,exact_structural_radix2_dag,256,256,512,512,262,250,249,1,1.954198473,gf16,gf16,false,false,2048,4096,2048,4614,4863,512,0,16,518,249,17669,1.0
leopard2-c0-v2,systematic_encode,per_payload_byte,7,255,legacy_high_v1,prefix_pruned_parent,parent_preserving,exact_structural_radix2_dag,256,256,512,512,262,250,249,1,1.954198473,gf16,gf16,false,false,1284,2568,1284,3086,3086,512,1,16,518,0,11312,1.56196959
leopard2-c0-v2,systematic_encode,per_payload_byte,7,255,legacy_high_v1,dependency_pruned_parent,parent_preserving,exact_structural_radix2_dag,256,256,512,512,262,250,249,1,1.954198473,gf16,gf16,false,false,1284,2568,1284,3086,3086,512,2,16,518,0,11316,1.561417462
leopard2-c0-v2,systematic_encode,per_payload_byte,7,255,legacy_high_v1,recursive_truncated_parent,parent_preserving,exact_arithmetic_lower_bound_scratch,256,256,512,512,262,250,249,1,1.954198473,gf16,gf16,false,false,1284,2568,1284,3086,3086,256,16,16,518,0,11372,1.553728456
leopard2-c0-v2,systematic_encode,per_payload_byte,7,255,legacy_high_v1,binary_dyadic_exact,new_exact_profile,heuristic_optimistic_cross_block,256,255,512,262,262,250,249,1,1.954198473,gf16,gf16,false,false,1538,6646,5108,10733,7163,255,14,70,517,0,34814,0.507525708
leopard2-c0-v2,systematic_encode,per_payload_byte,7,255,legacy_high_v1,full_block_tail_exact,new_exact_profile,heuristic_conservative_dense_join,256,255,512,262,262,250,249,1,1.954198473,gf16,gf16,false,false,896,66308,65666,131595,35075,255,4,18,517,0,364326,0.048497774
leopard2-c0-v2,systematic_encode,per_payload_byte,7,255,legacy_high_v1,direct_matrix_exact,new_exact_profile,exact_dense_generator_arithmetic,256,255,512,262,262,250,249,1,1.954198473,gf16,gf16,false,false,0,1530,1785,1785,255,1,0,1,0,0,7140,2.47464986
leopard2-c0-v2,systematic_encode,per_payload_byte,7,255,legacy_high_v1,subproduct_tree_exact,new_exact_profile,asymptotic_generic_polynomial_proxy,256,255,512,262,262,250,249,1,1.954198473,gf16,gf16,false,false,63666,63666,63666,127332,63666,1048,9,27,0,0,382032,0.046250052
leopard2-c0-v2,systematic_encode,per_payload_byte,7,255,low_v1,padded_dyadic_parent,parent_preserving,exact_structural_radix2_dag,8,8,512,512,262,250,1,249,1.954198473,gf16,gf16,false,false,396,792,396,1310,1311,16,0,99,518,1,4205,1.0
leopard2-c0-v2,systematic_encode,per_payload_byte,7,255,low_v1,prefix_pruned_parent,parent_preserving,exact_structural_radix2_dag,8,8,512,512,262,250,1,249,1.954198473,gf16,gf16,false,false,396,792,396,1310,1310,16,1,99,518,0,4208,0.999287072
leopard2-c0-v2,systematic_encode,per_payload_byte,7,255,low_v1,dependency_pruned_parent,parent_preserving,exact_structural_radix2_dag,8,8,512,512,262,250,1,249,1.954198473,gf16,gf16,false,false,396,792,396,1310,1310,16,2,99,518,0,4212,0.998338082
leopard2-c0-v2,systematic_encode,per_payload_byte,7,255,low_v1,recursive_truncated_parent,parent_preserving,exact_arithmetic_lower_bound_scratch,8,8,512,512,262,250,1,249,1.954198473,gf16,gf16,false,false,396,792,396,1310,1310,8,6,99,518,0,4228,0.994560076
leopard2-c0-v2,systematic_encode,per_payload_byte,7,255,low_v1,binary_dyadic_exact,new_exact_profile,heuristic_optimistic_cross_block,8,7,512,262,262,250,1,249,1.954198473,gf16,gf16,false,false,190,912,722,1965,1433,7,76,190,521,0,6058,0.694123473
leopard2-c0-v2,systematic_encode,per_payload_byte,7,255,low_v1,full_block_tail_exact,new_exact_profile,heuristic_conservative_dense_join,8,7,512,262,262,250,1,249,1.954198473,gf16,gf16,false,false,152,988,950,2307,1395,7,76,152,521,0,6894,0.609950682
leopard2-c0-v2,systematic_encode,per_payload_byte,7,255,low_v1,direct_matrix_exact,new_exact_profile,exact_dense_generator_arithmetic,8,7,512,262,262,250,1,249,1.954198473,gf16,gf16,false,false,0,1530,1785,1785,255,1,0,1,0,0,7140,0.588935574
leopard2-c0-v2,systematic_encode,per_payload_byte,7,255,low_v1,subproduct_tree_exact,new_exact_profile,asymptotic_generic_polynomial_proxy,8,7,512,262,262,250,1,249,1.954198473,gf16,gf16,false,false,63666,63666,63666,127332,63666,1048,9,27,0,0,382032,0.011006931
leopard2-c0-v2,systematic_encode,per_payload_byte,9,3,legacy_high_v1,padded_dyadic_parent,parent_preserving,exact_structural_radix2_dag,4,4,16,16,12,4,3,1,1.333333333,gf8,gf8,false,false,16,40,16,64,59,8,0,8,16,3,195,1.0
leopard2-c0-v2,systematic_encode,per_payload_byte,9,3,legacy_high_v1,prefix_pruned_parent,parent_preserving,exact_structural_radix2_dag,4,4,16,16,12,4,3,1,1.333333333,gf8,gf8,false,false,15,38,15,62,54,8,1,8,16,0,188,1.037234043
leopard2-c0-v2,systematic_encode,per_payload_byte,9,3,legacy_high_v1,dependency_pruned_parent,parent_preserving,exact_structural_radix2_dag,4,4,16,16,12,4,3,1,1.333333333,gf8,gf8,false,false,15,38,15,62,54,8,2,8,16,0,192,1.015625
leopard2-c0-v2,systematic_encode,per_payload_byte,9,3,legacy_high_v1,recursive_truncated_parent,parent_preserving,exact_arithmetic_lower_bound_scratch,4,4,16,16,12,4,3,1,1.333333333,gf8,gf8,false,false,15,38,15,62,54,4,4,8,16,0,200,0.975
leopard2-c0-v2,systematic_encode,per_payload_byte,9,3,legacy_high_v1,binary_dyadic_exact,new_exact_profile,heuristic_optimistic_cross_block,4,3,16,12,12,4,3,1,1.333333333,gf8,gf8,false,false,4,26,16,59,41,3,4,8,15,0,174,1.120689655
leopard2-c0-v2,systematic_encode,per_payload_byte,9,3,legacy_high_v1,full_block_tail_exact,new_exact_profile,heuristic_conservative_dense_join,4,3,16,12,12,4,3,1,1.333333333,gf8,gf8,false,false,4,22,16,55,41,3,8,12,15,0,182,1.071428571
leopard2-c0-v2,systematic_encode,per_payload_byte,9,3,legacy_high_v1,direct_matrix_exact,new_exact_profile,exact_dense_generator_arithmetic,4,3,16,12,12,4,3,1,1.333333333,gf8,gf8,false,false,0,24,27,27,3,1,0,1,0,0,108,1.805555556
leopard2-c0-v2,systematic_encode,per_payload_byte,9,3,legacy_high_v1,subproduct_tree_exact,new_exact_profile,asymptotic_generic_polynomial_proxy,4,3,16,12,12,4,3,1,1.333333333,gf8,gf8,false,false,576,576,576,1152,576,48,4,12,0,0,3472,0.056163594
leopard2-c0-v2,systematic_encode,per_payload_byte,9,3,low_v1,padded_dyadic_parent,parent_preserving,exact_structural_radix2_dag,16,16,32,32,12,20,7,13,2.666666667,gf8,gf8,false,false,64,128,64,156,163,32,0,8,28,7,575,1.0
leopard2-c0-v2,systematic_encode,per_payload_byte,9,3,low_v1,prefix_pruned_parent,parent_preserving,exact_structural_radix2_dag,16,16,32,32,12,20,7,13,2.666666667,gf8,gf8,false,false,59,118,59,146,146,32,1,8,28,0,532,1.080827068
leopard2-c0-v2,systematic_encode,per_payload_byte,9,3,low_v1,dependency_pruned_parent,parent_preserving,exact_structural_radix2_dag,16,16,32,32,12,20,7,13,2.666666667,gf8,gf8,false,false,52,104,52,132,132,32,2,8,28,0,480,1.197916667
leopard2-c0-v2,systematic_encode,per_payload_byte,9,3,low_v1,recursive_truncated_parent,parent_preserving,exact_arithmetic_lower_bound_scratch,16,16,32,32,12,20,7,13,2.666666667,gf8,gf8,false,false,52,104,52,132,132,16,8,8,28,0,504,1.140873016
leopard2-c0-v2,systematic_encode,per_payload_byte,9,3,low_v1,binary_dyadic_exact,new_exact_profile,heuristic_optimistic_cross_block,16,9,32,12,12,20,7,13,2.666666667,gf8,gf8,false,false,24,66,42,105,87,9,2,8,21,0,350,1.642857143
leopard2-c0-v2,systematic_encode,per_payload_byte,9,3,low_v1,full_block_tail_exact,new_exact_profile,heuristic_conservative_dense_join,16,9,32,12,12,20,7,13,2.666666667,gf8,gf8,false,false,24,64,42,103,87,9,4,10,21,0,354,1.624293785
leopard2-c0-v2,systematic_encode,per_payload_byte,9,3,low_v1,direct_matrix_exact,new_exact_profile,exact_dense_generator_arithmetic,16,9,32,12,12,20,7,13,2.666666667,gf8,gf8,false,false,0,24,27,27,3,1,0,1,0,0,108,5.324074074
leopard2-c0-v2,systematic_encode,per_payload_byte,9,3,low_v1,subproduct_tree_exact,new_exact_profile,asymptotic_generic_polynomial_proxy,16,9,32,12,12,20,7,13,2.666666667,gf8,gf8,false,false,576,576,576,1152,576,48,4,12,0,0,3472,0.165610599
leopard2-c0-v2,systematic_encode,per_payload_byte,9,5,legacy_high_v1,padded_dyadic_parent,parent_preserving,exact_structural_radix2_dag,8,8,32,32,14,18,15,3,2.285714286,gf8,gf8,false,false,36,80,36,110,109,16,0,9,22,7,371,1.0
leopard2-c0-v2,systematic_encode,per_payload_byte,9,5,legacy_high_v1,prefix_pruned_parent,parent_preserving,exact_structural_radix2_dag,8,8,32,32,14,18,15,3,2.285714286,gf8,gf8,false,false,31,70,31,100,92,16,1,9,22,0,328,1.131097561
leopard2-c0-v2,systematic_encode,per_payload_byte,9,5,legacy_high_v1,dependency_pruned_parent,parent_preserving,exact_structural_radix2_dag,8,8,32,32,14,18,15,3,2.285714286,gf8,gf8,false,false,31,70,31,100,92,16,2,9,22,0,332,1.11746988
leopard2-c0-v2,systematic_encode,per_payload_byte,9,5,legacy_high_v1,recursive_truncated_parent,parent_preserving,exact_arithmetic_lower_bound_scratch,8,8,32,32,14,18,15,3,2.285714286,gf8,gf8,false,false,31,70,31,100,92,8,6,9,22,0,348,1.066091954
leopard2-c0-v2,systematic_encode,per_payload_byte,9,5,legacy_high_v1,binary_dyadic_exact,new_exact_profile,heuristic_optimistic_cross_block,8,5,32,14,14,18,15,3,2.285714286,gf8,gf8,false,false,12,44,27,83,63,5,3,9,19,0,256,1.44921875
leopard2-c0-v2,systematic_encode,per_payload_byte,9,5,legacy_high_v1,full_block_tail_exact,new_exact_profile,heuristic_conservative_dense_join,8,5,32,14,14,18,15,3,2.285714286,gf8,gf8,false,false,12,41,27,80,63,5,6,12,19,0,262,1.416030534
leopard2-c0-v2,systematic_encode,per_payload_byte,9,5,legacy_high_v1,direct_matrix_exact,new_exact_profile,exact_dense_generator_arithmetic,8,5,32,14,14,18,15,3,2.285714286,gf8,gf8,false,false,0,40,45,45,5,1,0,1,0,0,180,2.061111111
leopard2-c0-v2,systematic_encode,per_payload_byte,9,5,legacy_high_v1,subproduct_tree_exact,new_exact_profile,asymptotic_generic_polynomial_proxy,8,5,32,14,14,18,15,3,2.285714286,gf8,gf8,false,false,672,672,672,1344,672,56,4,12,0,0,4048,0.091650198
leopard2-c0-v2,systematic_encode,per_payload_byte,9,5,low_v1,padded_dyadic_parent,parent_preserving,exact_structural_radix2_dag,16,16,32,32,14,18,7,11,2.285714286,gf8,gf8,false,false,64,128,64,158,165,32,0,8,30,7,579,1.0
leopard2-c0-v2,systematic_encode,per_payload_byte,9,5,low_v1,prefix_pruned_parent,parent_preserving,exact_structural_radix2_dag,16,16,32,32,14,18,7,11,2.285714286,gf8,gf8,false,false,59,118,59,148,148,32,1,8,30,0,536,1.080223881
leopard2-c0-v2,systematic_encode,per_payload_byte,9,5,low_v1,dependency_pruned_parent,parent_preserving,exact_structural_radix2_dag,16,16,32,32,14,18,7,11,2.285714286,gf8,gf8,false,false,56,112,56,142,142,32,2,8,30,0,516,1.122093023
leopard2-c0-v2,systematic_encode,per_payload_byte,9,5,low_v1,recursive_truncated_parent,parent_preserving,exact_arithmetic_lower_bound_scratch,16,16,32,32,14,18,7,11,2.285714286,gf8,gf8,false,false,56,112,56,142,142,16,8,8,30,0,540,1.072222222
leopard2-c0-v2,systematic_encode,per_payload_byte,9,5,low_v1,binary_dyadic_exact,new_exact_profile,heuristic_optimistic_cross_block,16,9,32,14,14,18,7,11,2.285714286,gf8,gf8,false,false,24,66,42,107,89,9,2,8,23,0,354,1.63559322
leopard2-c0-v2,systematic_encode,per_payload_byte,9,5,low_v1,full_block_tail_exact,new_exact_profile,heuristic_conservative_dense_join,16,9,32,14,14,18,7,11,2.285714286,gf8,gf8,false,false,24,64,42,105,89,9,4,10,23,0,358,1.617318436
leopard2-c0-v2,systematic_encode,per_payload_byte,9,5,low_v1,direct_matrix_exact,new_exact_profile,exact_dense_generator_arithmetic,16,9,32,14,14,18,7,11,2.285714286,gf8,gf8,false,false,0,40,45,45,5,1,0,1,0,0,180,3.216666667
leopard2-c0-v2,systematic_encode,per_payload_byte,9,5,low_v1,subproduct_tree_exact,new_exact_profile,asymptotic_generic_polynomial_proxy,16,9,32,14,14,18,7,11,2.285714286,gf8,gf8,false,false,672,672,672,1344,672,56,4,12,0,0,4048,0.143033597
leopard2-c0-v2,systematic_encode,per_payload_byte,9,7,legacy_high_v1,padded_dyadic_parent,parent_preserving,exact_structural_radix2_dag,8,8,32,32,16,16,15,1,2.0,gf8,gf8,false,false,36,80,36,112,111,16,0,9,24,7,375,1.0
leopard2-c0-v2,systematic_encode,per_payload_byte,9,7,legacy_high_v1,prefix_pruned_parent,parent_preserving,exact_structural_radix2_dag,8,8,32,32,16,16,15,1,2.0,gf8,gf8,false,false,31,70,31,102,94,16,1,9,24,0,332,1.129518072
leopard2-c0-v2,systematic_encode,per_payload_byte,9,7,legacy_high_v1,dependency_pruned_parent,parent_preserving,exact_structural_radix2_dag,8,8,32,32,16,16,15,1,2.0,gf8,gf8,false,false,31,70,31,102,94,16,2,9,24,0,336,1.116071429
leopard2-c0-v2,systematic_encode,per_payload_byte,9,7,legacy_high_v1,recursive_truncated_parent,parent_preserving,exact_arithmetic_lower_bound_scratch,8,8,32,32,16,16,15,1,2.0,gf8,gf8,false,false,31,70,31,102,94,8,6,9,24,0,352,1.065340909
leopard2-c0-v2,systematic_encode,per_payload_byte,9,7,legacy_high_v1,binary_dyadic_exact,new_exact_profile,heuristic_optimistic_cross_block,8,7,32,16,16,16,15,1,2.0,gf8,gf8,false,false,15,79,57,151,102,7,6,15,23,0,470,0.79787234
leopard2-c0-v2,systematic_encode,per_payload_byte,9,7,legacy_high_v1,full_block_tail_exact,new_exact_profile,heuristic_conservative_dense_join,8,7,32,16,16,16,15,1,2.0,gf8,gf8,false,false,12,85,75,178,99,7,6,12,23,0,536,0.699626866
leopard2-c0-v2,systematic_encode,per_payload_byte,9,7,legacy_high_v1,direct_matrix_exact,new_exact_profile,exact_dense_generator_arithmetic,8,7,32,16,16,16,15,1,2.0,gf8,gf8,false,false,0,56,63,63,7,1,0,1,0,0,252,1.488095238
leopard2-c0-v2,systematic_encode,per_payload_byte,9,7,legacy_high_v1,subproduct_tree_exact,new_exact_profile,asymptotic_generic_polynomial_proxy,8,7,32,16,16,16,15,1,2.0,gf8,gf8,false,false,768,768,768,1536,768,64,4,12,0,0,4624,0.081098616
leopard2-c0-v2,systematic_encode,per_payload_byte,9,7,low_v1,padded_dyadic_parent,parent_preserving,exact_structural_radix2_dag,16,16,32,32,16,16,7,9,2.0,gf8,gf8,false,false,64,128,64,160,167,32,0,8,32,7,583,1.0
leopard2-c0-v2,systematic_encode,per_payload_byte,9,7,low_v1,prefix_pruned_parent,parent_preserving,exact_structural_radix2_dag,16,16,32,32,16,16,7,9,2.0,gf8,gf8,false,false,59,118,59,150,150,32,1,8,32,0,540,1.07962963
leopard2-c0-v2,systematic_encode,per_payload_byte,9,7,low_v1,dependency_pruned_parent,parent_preserving,exact_structural_radix2_dag,16,16,32,32,16,16,7,9,2.0,gf8,gf8,false,false,58,116,58,148,148,32,2,8,32,0,536,1.087686567
leopard2-c0-v2,systematic_encode,per_payload_byte,9,7,low_v1,recursive_truncated_parent,parent_preserving,exact_arithmetic_lower_bound_scratch,16,16,32,32,16,16,7,9,2.0,gf8,gf8,false,false,58,116,58,148,148,16,8,8,32,0,560,1.041071429
leopard2-c0-v2,systematic_encode,per_payload_byte,9,7,low_v1,binary_dyadic_exact,new_exact_profile,heuristic_optimistic_cross_block,16,9,32,16,16,16,7,9,2.0,gf8,gf8,false,false,24,66,42,109,91,9,2,8,25,0,358,1.62849162
leopard2-c0-v2,systematic_encode,per_payload_byte,9,7,low_v1,full_block_tail_exact,new_exact_profile,heuristic_conservative_dense_join,16,9,32,16,16,16,7,9,2.0,gf8,gf8,false,false,24,64,42,107,91,9,4,10,25,0,362,1.610497238
leopard2-c0-v2,systematic_encode,per_payload_byte,9,7,low_v1,direct_matrix_exact,new_exact_profile,exact_dense_generator_arithmetic,16,9,32,16,16,16,7,9,2.0,gf8,gf8,false,false,0,56,63,63,7,1,0,1,0,0,252,2.313492063
leopard2-c0-v2,systematic_encode,per_payload_byte,9,7,low_v1,subproduct_tree_exact,new_exact_profile,asymptotic_generic_polynomial_proxy,16,9,32,16,16,16,7,9,2.0,gf8,gf8,false,false,768,768,768,1536,768,64,4,12,0,0,4624,0.126081315
leopard2-c0-v2,systematic_encode,per_payload_byte,9,9,legacy_high_v1,padded_dyadic_parent,parent_preserving,exact_structural_radix2_dag,16,16,32,32,18,14,7,7,1.777777778,gf8,gf8,false,false,64,128,64,162,169,32,0,8,34,7,587,1.0
leopard2-c0-v2,systematic_encode,per_payload_byte,9,9,legacy_high_v1,prefix_pruned_parent,parent_preserving,exact_structural_radix2_dag,16,16,32,32,18,14,7,7,1.777777778,gf8,gf8,false,false,59,118,59,152,152,32,1,8,34,0,544,1.079044118
leopard2-c0-v2,systematic_encode,per_payload_byte,9,9,legacy_high_v1,dependency_pruned_parent,parent_preserving,exact_structural_radix2_dag,16,16,32,32,18,14,7,7,1.777777778,gf8,gf8,false,false,59,118,59,152,152,32,2,8,34,0,548,1.071167883
leopard2-c0-v2,systematic_encode,per_payload_byte,9,9,legacy_high_v1,recursive_truncated_parent,parent_preserving,exact_arithmetic_lower_bound_scratch,16,16,32,32,18,14,7,7,1.777777778,gf8,gf8,false,false,59,118,59,152,152,16,8,8,34,0,572,1.026223776
leopard2-c0-v2,systematic_encode,per_payload_byte,9,9,legacy_high_v1,binary_dyadic_exact,new_exact_profile,heuristic_optimistic_cross_block,16,9,32,18,18,14,7,7,1.777777778,gf8,gf8,false,false,24,66,42,111,93,9,2,8,27,0,362,1.621546961
leopard2-c0-v2,systematic_encode,per_payload_byte,9,9,legacy_high_v1,full_block_tail_exact,new_exact_profile,heuristic_conservative_dense_join,16,9,32,18,18,14,7,7,1.777777778,gf8,gf8,false,false,24,64,42,109,93,9,4,10,27,0,366,1.603825137
leopard2-c0-v2,systematic_encode,per_payload_byte,9,9,legacy_high_v1,direct_matrix_exact,new_exact_profile,exact_dense_generator_arithmetic,16,9,32,18,18,14,7,7,1.777777778,gf8,gf8,false,false,0,72,81,81,9,1,0,1,0,0,324,1.811728395
leopard2-c0-v2,systematic_encode,per_payload_byte,9,9,legacy_high_v1,subproduct_tree_exact,new_exact_profile,asymptotic_generic_polynomial_proxy,16,9,32,18,18,14,7,7,1.777777778,gf8,gf8,false,false,1350,1350,1350,2700,1350,72,5,15,0,0,8120,0.07229064
leopard2-c0-v2,systematic_encode,per_payload_byte,9,9,low_v1,padded_dyadic_parent,parent_preserving,exact_structural_radix2_dag,16,16,32,32,18,14,7,7,1.777777778,gf8,gf8,false,false,64,128,64,162,169,32,0,8,34,7,587,1.0
leopard2-c0-v2,systematic_encode,per_payload_byte,9,9,low_v1,prefix_pruned_parent,parent_preserving,exact_structural_radix2_dag,16,16,32,32,18,14,7,7,1.777777778,gf8,gf8,false,false,59,118,59,152,152,32,1,8,34,0,544,1.079044118
leopard2-c0-v2,systematic_encode,per_payload_byte,9,9,low_v1,dependency_pruned_parent,parent_preserving,exact_structural_radix2_dag,16,16,32,32,18,14,7,7,1.777777778,gf8,gf8,false,false,59,118,59,152,152,32,2,8,34,0,548,1.071167883
leopard2-c0-v2,systematic_encode,per_payload_byte,9,9,low_v1,recursive_truncated_parent,parent_preserving,exact_arithmetic_lower_bound_scratch,16,16,32,32,18,14,7,7,1.777777778,gf8,gf8,false,false,59,118,59,152,152,16,8,8,34,0,572,1.026223776
leopard2-c0-v2,systematic_encode,per_payload_byte,9,9,low_v1,binary_dyadic_exact,new_exact_profile,heuristic_optimistic_cross_block,16,9,32,18,18,14,7,7,1.777777778,gf8,gf8,false,false,24,66,42,111,93,9,2,8,27,0,362,1.621546961
leopard2-c0-v2,systematic_encode,per_payload_byte,9,9,low_v1,full_block_tail_exact,new_exact_profile,heuristic_conservative_dense_join,16,9,32,18,18,14,7,7,1.777777778,gf8,gf8,false,false,24,64,42,109,93,9,4,10,27,0,366,1.603825137
leopard2-c0-v2,systematic_encode,per_payload_byte,9,9,low_v1,direct_matrix_exact,new_exact_profile,exact_dense_generator_arithmetic,16,9,32,18,18,14,7,7,1.777777778,gf8,gf8,false,false,0,72,81,81,9,1,0,1,0,0,324,1.811728395
leopard2-c0-v2,systematic_encode,per_payload_byte,9,9,low_v1,subproduct_tree_exact,new_exact_profile,asymptotic_generic_polynomial_proxy,16,9,32,18,18,14,7,7,1.777777778,gf8,gf8,false,false,1350,1350,1350,2700,1350,72,5,15,0,0,8120,0.07229064
leopard2-c0-v2,systematic_encode,per_payload_byte,9,15,legacy_high_v1,padded_dyadic_parent,parent_preserving,exact_structural_radix2_dag,16,16,32,32,24,8,7,1,1.333333333,gf8,gf8,false,false,64,128,64,168,175,32,0,8,40,7,599,1.0
leopard2-c0-v2,systematic_encode,per_payload_byte,9,15,legacy_high_v1,prefix_pruned_parent,parent_preserving,exact_structural_radix2_dag,16,16,32,32,24,8,7,1,1.333333333,gf8,gf8,false,false,59,118,59,158,158,32,1,8,40,0,556,1.077338129
leopard2-c0-v2,systematic_encode,per_payload_byte,9,15,legacy_high_v1,dependency_pruned_parent,parent_preserving,exact_structural_radix2_dag,16,16,32,32,24,8,7,1,1.333333333,gf8,gf8,false,false,59,118,59,158,158,32,2,8,40,0,560,1.069642857
leopard2-c0-v2,systematic_encode,per_payload_byte,9,15,legacy_high_v1,recursive_truncated_parent,parent_preserving,exact_arithmetic_lower_bound_scratch,16,16,32,32,24,8,7,1,1.333333333,gf8,gf8,false,false,59,118,59,158,158,16,8,8,40,0,584,1.025684932
leopard2-c0-v2,systematic_encode,per_payload_byte,9,15,legacy_high_v1,binary_dyadic_exact,new_exact_profile,heuristic_optimistic_cross_block,16,15,32,24,24,8,7,1,1.333333333,gf8,gf8,false,false,34,158,124,287,197,15,6,18,39,0,914,0.65536105
leopard2-c0-v2,systematic_encode,per_payload_byte,9,15,legacy_high_v1,full_block_tail_exact,new_exact_profile,heuristic_conservative_dense_join,16,15,32,24,24,8,7,1,1.333333333,gf8,gf8,false,false,24,244,234,493,213,15,4,10,39,0,1434,0.417712692
leopard2-c0-v2,systematic_encode,per_payload_byte,9,15,legacy_high_v1,direct_matrix_exact,new_exact_profile,exact_dense_generator_arithmetic,16,15,32,24,24,8,7,1,1.333333333,gf8,gf8,false,false,0,120,135,135,15,1,0,1,0,0,540,1.109259259
leopard2-c0-v2,systematic_encode,per_payload_byte,9,15,legacy_high_v1,subproduct_tree_exact,new_exact_profile,asymptotic_generic_polynomial_proxy,16,15,32,24,24,8,7,1,1.333333333,gf8,gf8,false,false,1800,1800,1800,3600,1800,96,5,15,0,0,10820,0.055360444
leopard2-c0-v2,systematic_encode,per_payload_byte,9,15,low_v1,padded_dyadic_parent,parent_preserving,exact_structural_radix2_dag,16,16,32,32,24,8,7,1,1.333333333,gf8,gf8,false,false,64,128,64,168,175,32,0,8,40,7,599,1.0
leopard2-c0-v2,systematic_encode,per_payload_byte,9,15,low_v1,prefix_pruned_parent,parent_preserving,exact_structural_radix2_dag,16,16,32,32,24,8,7,1,1.333333333,gf8,gf8,false,false,59,118,59,158,158,32,1,8,40,0,556,1.077338129
leopard2-c0-v2,systematic_encode,per_payload_byte,9,15,low_v1,dependency_pruned_parent,parent_preserving,exact_structural_radix2_dag,16,16,32,32,24,8,7,1,1.333333333,gf8,gf8,false,false,59,118,59,158,158,32,2,8,40,0,560,1.069642857
leopard2-c0-v2,systematic_encode,per_payload_byte,9,15,low_v1,recursive_truncated_parent,parent_preserving,exact_arithmetic_lower_bound_scratch,16,16,32,32,24,8,7,1,1.333333333,gf8,gf8,false,false,59,118,59,158,158,16,8,8,40,0,584,1.025684932
leopard2-c0-v2,systematic_encode,per_payload_byte,9,15,low_v1,binary_dyadic_exact,new_exact_profile,heuristic_optimistic_cross_block,16,9,32,24,24,8,7,1,1.333333333,gf8,gf8,false,false,36,99,63,168,141,9,3,12,42,0,546,1.097069597
leopard2-c0-v2,systematic_encode,per_payload_byte,9,15,low_v1,full_block_tail_exact,new_exact_profile,heuristic_conservative_dense_join,16,9,32,24,24,8,7,1,1.333333333,gf8,gf8,false,false,36,96,63,165,141,9,6,15,42,0,552,1.085144928
leopard2-c0-v2,systematic_encode,per_payload_byte,9,15,low_v1,direct_matrix_exact,new_exact_profile,exact_dense_generator_arithmetic,16,9,32,24,24,8,7,1,1.333333333,gf8,gf8,false,false,0,120,135,135,15,1,0,1,0,0,540,1.109259259
leopard2-c0-v2,systematic_encode,per_payload_byte,9,15,low_v1,subproduct_tree_exact,new_exact_profile,asymptotic_generic_polynomial_proxy,16,9,32,24,24,8,7,1,1.333333333,gf8,gf8,false,false,1800,1800,1800,3600,1800,96,5,15,0,0,10820,0.055360444
leopard2-c0-v2,systematic_encode,per_payload_byte,9,17,legacy_high_v1,padded_dyadic_parent,parent_preserving,exact_structural_radix2_dag,32,32,64,64,26,38,23,15,2.461538462,gf8,gf8,false,false,160,320,160,378,401,64,0,10,58,23,1419,1.0
leopard2-c0-v2,systematic_encode,per_payload_byte,9,17,legacy_high_v1,prefix_pruned_parent,parent_preserving,exact_structural_radix2_dag,32,32,64,64,26,38,23,15,2.461538462,gf8,gf8,false,false,123,246,123,304,304,64,1,10,58,0,1104,1.285326087
leopard2-c0-v2,systematic_encode,per_payload_byte,9,17,legacy_high_v1,dependency_pruned_parent,parent_preserving,exact_structural_radix2_dag,32,32,64,64,26,38,23,15,2.461538462,gf8,gf8,false,false,123,246,123,304,304,64,2,10,58,0,1108,1.280685921
leopard2-c0-v2,systematic_encode,per_payload_byte,9,17,legacy_high_v1,recursive_truncated_parent,parent_preserving,exact_arithmetic_lower_bound_scratch,32,32,64,64,26,38,23,15,2.461538462,gf8,gf8,false,false,123,246,123,304,304,32,10,10,58,0,1140,1.244736842
leopard2-c0-v2,systematic_encode,per_payload_byte,9,17,legacy_high_v1,binary_dyadic_exact,new_exact_profile,heuristic_optimistic_cross_block,32,17,64,26,26,38,23,15,2.461538462,gf8,gf8,false,false,64,162,98,239,205,17,2,10,43,0,810,1.751851852
leopard2-c0-v2,systematic_encode,per_payload_byte,9,17,legacy_high_v1,full_block_tail_exact,new_exact_profile,heuristic_conservative_dense_join,32,17,64,26,26,38,23,15,2.461538462,gf8,gf8,false,false,64,160,98,237,205,17,4,12,43,0,814,1.743243243
leopard2-c0-v2,systematic_encode,per_payload_byte,9,17,legacy_high_v1,direct_matrix_exact,new_exact_profile,exact_dense_generator_arithmetic,32,17,64,26,26,38,23,15,2.461538462,gf8,gf8,false,false,0,136,153,153,17,1,0,1,0,0,612,2.318627451
leopard2-c0-v2,systematic_encode,per_payload_byte,9,17,legacy_high_v1,subproduct_tree_exact,new_exact_profile,asymptotic_generic_polynomial_proxy,32,17,64,26,26,38,23,15,2.461538462,gf8,gf8,false,false,1950,1950,1950,3900,1950,104,5,15,0,0,11720,0.121075085
leopard2-c0-v2,systematic_encode,per_payload_byte,9,17,low_v1,padded_dyadic_parent,parent_preserving,exact_structural_radix2_dag,16,16,64,64,26,38,7,31,2.461538462,gf8,gf8,false,false,96,192,96,250,257,32,0,12,58,7,891,1.0
leopard2-c0-v2,systematic_encode,per_payload_byte,9,17,low_v1,prefix_pruned_parent,parent_preserving,exact_structural_radix2_dag,16,16,64,64,26,38,7,31,2.461538462,gf8,gf8,false,false,91,182,91,240,240,32,1,12,58,0,848,1.050707547
leopard2-c0-v2,systematic_encode,per_payload_byte,9,17,low_v1,dependency_pruned_parent,parent_preserving,exact_structural_radix2_dag,16,16,64,64,26,38,7,31,2.461538462,gf8,gf8,false,false,74,148,74,206,206,32,2,12,58,0,716,1.244413408
leopard2-c0-v2,systematic_encode,per_payload_byte,9,17,low_v1,recursive_truncated_parent,parent_preserving,exact_arithmetic_lower_bound_scratch,16,16,64,64,26,38,7,31,2.461538462,gf8,gf8,false,false,74,148,74,206,206,16,8,12,58,0,740,1.204054054
leopard2-c0-v2,systematic_encode,per_payload_byte,9,17,low_v1,binary_dyadic_exact,new_exact_profile,heuristic_optimistic_cross_block,16,9,64,26,26,38,7,31,2.461538462,gf8,gf8,false,false,36,99,63,170,143,9,3,12,44,0,550,1.62
leopard2-c0-v2,systematic_encode,per_payload_byte,9,17,low_v1,full_block_tail_exact,new_exact_profile,heuristic_conservative_dense_join,16,9,64,26,26,38,7,31,2.461538462,gf8,gf8,false,false,36,96,63,167,143,9,6,15,44,0,556,1.602517986
leopard2-c0-v2,systematic_encode,per_payload_byte,9,17,low_v1,direct_matrix_exact,new_exact_profile,exact_dense_generator_arithmetic,16,9,64,26,26,38,7,31,2.461538462,gf8,gf8,false,false,0,136,153,153,17,1,0,1,0,0,612,1.455882353
leopard2-c0-v2,systematic_encode,per_payload_byte,9,17,low_v1,subproduct_tree_exact,new_exact_profile,asymptotic_generic_polynomial_proxy,16,9,64,26,26,38,7,31,2.461538462,gf8,gf8,false,false,1950,1950,1950,3900,1950,104,5,15,0,0,11720,0.076023891
leopard2-c0-v2,systematic_encode,per_payload_byte,9,31,legacy_high_v1,padded_dyadic_parent,parent_preserving,exact_structural_radix2_dag,32,32,64,64,40,24,23,1,1.6,gf8,gf8,false,false,160,320,160,392,415,64,0,10,72,23,1447,1.0
leopard2-c0-v2,systematic_encode,per_payload_byte,9,31,legacy_high_v1,prefix_pruned_parent,parent_preserving,exact_structural_radix2_dag,32,32,64,64,40,24,23,1,1.6,gf8,gf8,false,false,123,246,123,318,318,64,1,10,72,0,1132,1.278268551
leopard2-c0-v2,systematic_encode,per_payload_byte,9,31,legacy_high_v1,dependency_pruned_parent,parent_preserving,exact_structural_radix2_dag,32,32,64,64,40,24,23,1,1.6,gf8,gf8,false,false,123,246,123,318,318,64,2,10,72,0,1136,1.273767606
leopard2-c0-v2,systematic_encode,per_payload_byte,9,31,legacy_high_v1,recursive_truncated_parent,parent_preserving,exact_arithmetic_lower_bound_scratch,32,32,64,64,40,24,23,1,1.6,gf8,gf8,false,false,123,246,123,318,318,32,10,10,72,0,1168,1.238869863
leopard2-c0-v2,systematic_encode,per_payload_byte,9,31,legacy_high_v1,binary_dyadic_exact,new_exact_profile,heuristic_optimistic_cross_block,32,31,64,40,40,24,23,1,1.6,gf8,gf8,false,false,98,444,346,763,515,31,8,28,71,0,2446,0.591578087
leopard2-c0-v2,systematic_encode,per_payload_byte,9,31,legacy_high_v1,full_block_tail_exact,new_exact_profile,heuristic_conservative_dense_join,32,31,64,40,40,24,23,1,1.6,gf8,gf8,false,false,64,1028,994,2029,709,31,4,12,71,0,5770,0.250779896
leopard2-c0-v2,systematic_encode,per_payload_byte,9,31,legacy_high_v1,direct_matrix_exact,new_exact_profile,exact_dense_generator_arithmetic,32,31,64,40,40,24,23,1,1.6,gf8,gf8,false,false,0,248,279,279,31,1,0,1,0,0,1116,1.296594982
leopard2-c0-v2,systematic_encode,per_payload_byte,9,31,legacy_high_v1,subproduct_tree_exact,new_exact_profile,asymptotic_generic_polynomial_proxy,32,31,64,40,40,24,23,1,1.6,gf8,gf8,false,false,4320,4320,4320,8640,4320,160,6,18,0,0,25944,0.055773975
leopard2-c0-v2,systematic_encode,per_payload_byte,9,31,low_v1,padded_dyadic_parent,parent_preserving,exact_structural_radix2_dag,16,16,64,64,40,24,7,17,1.6,gf8,gf8,false,false,96,192,96,264,271,32,0,12,72,7,919,1.0
leopard2-c0-v2,systematic_encode,per_payload_byte,9,31,low_v1,prefix_pruned_parent,parent_preserving,exact_structural_radix2_dag,16,16,64,64,40,24,7,17,1.6,gf8,gf8,false,false,91,182,91,254,254,32,1,12,72,0,876,1.049086758
leopard2-c0-v2,systematic_encode,per_payload_byte,9,31,low_v1,dependency_pruned_parent,parent_preserving,exact_structural_radix2_dag,16,16,64,64,40,24,7,17,1.6,gf8,gf8,false,false,91,182,91,254,254,32,2,12,72,0,880,1.044318182
leopard2-c0-v2,systematic_encode,per_payload_byte,9,31,low_v1,recursive_truncated_parent,parent_preserving,exact_arithmetic_lower_bound_scratch,16,16,64,64,40,24,7,17,1.6,gf8,gf8,false,false,91,182,91,254,254,16,8,12,72,0,904,1.01659292
leopard2-c0-v2,systematic_encode,per_payload_byte,9,31,low_v1,binary_dyadic_exact,new_exact_profile,heuristic_optimistic_cross_block,16,9,64,40,40,24,7,17,1.6,gf8,gf8,false,false,60,165,105,286,241,9,5,20,76,0,922,0.996746204
leopard2-c0-v2,systematic_encode,per_payload_byte,9,31,low_v1,full_block_tail_exact,new_exact_profile,heuristic_conservative_dense_join,16,9,64,40,40,24,7,17,1.6,gf8,gf8,false,false,60,160,105,281,241,9,10,25,76,0,932,0.986051502
leopard2-c0-v2,systematic_encode,per_payload_byte,9,31,low_v1,direct_matrix_exact,new_exact_profile,exact_dense_generator_arithmetic,16,9,64,40,40,24,7,17,1.6,gf8,gf8,false,false,0,248,279,279,31,1,0,1,0,0,1116,0.823476703
leopard2-c0-v2,systematic_encode,per_payload_byte,9,31,low_v1,subproduct_tree_exact,new_exact_profile,asymptotic_generic_polynomial_proxy,16,9,64,40,40,24,7,17,1.6,gf8,gf8,false,false,4320,4320,4320,8640,4320,160,6,18,0,0,25944,0.035422448
leopard2-c0-v2,systematic_encode,per_payload_byte,9,33,legacy_high_v1,padded_dyadic_parent,parent_preserving,exact_structural_radix2_dag,64,64,128,128,42,86,55,31,3.047619048,gf8,gf8,false,false,384,768,384,874,929,128,0,12,106,55,3339,1.0
leopard2-c0-v2,systematic_encode,per_payload_byte,9,33,legacy_high_v1,prefix_pruned_parent,parent_preserving,exact_structural_radix2_dag,64,64,128,128,42,86,55,31,3.047619048,gf8,gf8,false,false,267,534,267,640,640,128,1,12,106,0,2352,1.419642857
leopard2-c0-v2,systematic_encode,per_payload_byte,9,33,legacy_high_v1,dependency_pruned_parent,parent_preserving,exact_structural_radix2_dag,64,64,128,128,42,86,55,31,3.047619048,gf8,gf8,false,false,267,534,267,640,640,128,2,12,106,0,2356,1.417232598
leopard2-c0-v2,systematic_encode,per_payload_byte,9,33,legacy_high_v1,recursive_truncated_parent,parent_preserving,exact_arithmetic_lower_bound_scratch,64,64,128,128,42,86,55,31,3.047619048,gf8,gf8,false,false,267,534,267,640,640,64,12,12,106,0,2396,1.393572621
leopard2-c0-v2,systematic_encode,per_payload_byte,9,33,legacy_high_v1,binary_dyadic_exact,new_exact_profile,heuristic_optimistic_cross_block,64,33,128,42,42,86,55,31,3.047619048,gf8,gf8,false,false,160,386,226,527,461,33,2,12,75,0,1834,1.820610687
leopard2-c0-v2,systematic_encode,per_payload_byte,9,33,legacy_high_v1,full_block_tail_exact,new_exact_profile,heuristic_conservative_dense_join,64,33,128,42,42,86,55,31,3.047619048,gf8,gf8,false,false,160,384,226,525,461,33,4,14,75,0,1838,1.816648531
leopard2-c0-v2,systematic_encode,per_payload_byte,9,33,legacy_high_v1,direct_matrix_exact,new_exact_profile,exact_dense_generator_arithmetic,64,33,128,42,42,86,55,31,3.047619048,gf8,gf8,false,false,0,264,297,297,33,1,0,1,0,0,1188,2.810606061
leopard2-c0-v2,systematic_encode,per_payload_byte,9,33,legacy_high_v1,subproduct_tree_exact,new_exact_profile,asymptotic_generic_polynomial_proxy,64,33,128,42,42,86,55,31,3.047619048,gf8,gf8,false,false,4536,4536,4536,9072,4536,168,6,18,0,0,27240,0.122577093
leopard2-c0-v2,systematic_encode,per_payload_byte,9,33,low_v1,padded_dyadic_parent,parent_preserving,exact_structural_radix2_dag,16,16,64,64,42,22,7,15,1.523809524,gf8,gf8,false,false,128,256,128,346,353,32,0,16,90,7,1211,1.0
leopard2-c0-v2,systematic_encode,per_payload_byte,9,33,low_v1,prefix_pruned_parent,parent_preserving,exact_structural_radix2_dag,16,16,64,64,42,22,7,15,1.523809524,gf8,gf8,false,false,123,246,123,336,336,32,1,16,90,0,1168,1.036815068
leopard2-c0-v2,systematic_encode,per_payload_byte,9,33,low_v1,dependency_pruned_parent,parent_preserving,exact_structural_radix2_dag,16,16,64,64,42,22,7,15,1.523809524,gf8,gf8,false,false,106,212,106,302,302,32,2,16,90,0,1036,1.168918919
leopard2-c0-v2,systematic_encode,per_payload_byte,9,33,low_v1,recursive_truncated_parent,parent_preserving,exact_arithmetic_lower_bound_scratch,16,16,64,64,42,22,7,15,1.523809524,gf8,gf8,false,false,106,212,106,302,302,16,8,16,90,0,1060,1.14245283
leopard2-c0-v2,systematic_encode,per_payload_byte,9,33,low_v1,binary_dyadic_exact,new_exact_profile,heuristic_optimistic_cross_block,16,9,64,42,42,22,7,15,1.523809524,gf8,gf8,false,false,60,165,105,288,243,9,5,20,78,0,926,1.307775378
leopard2-c0-v2,systematic_encode,per_payload_byte,9,33,low_v1,full_block_tail_exact,new_exact_profile,heuristic_conservative_dense_join,16,9,64,42,42,22,7,15,1.523809524,gf8,gf8,false,false,60,160,105,283,243,9,10,25,78,0,936,1.293803419
leopard2-c0-v2,systematic_encode,per_payload_byte,9,33,low_v1,direct_matrix_exact,new_exact_profile,exact_dense_generator_arithmetic,16,9,64,42,42,22,7,15,1.523809524,gf8,gf8,false,false,0,264,297,297,33,1,0,1,0,0,1188,1.019360269
leopard2-c0-v2,systematic_encode,per_payload_byte,9,33,low_v1,subproduct_tree_exact,new_exact_profile,asymptotic_generic_polynomial_proxy,16,9,64,42,42,22,7,15,1.523809524,gf8,gf8,false,false,4536,4536,4536,9072,4536,168,6,18,0,0,27240,0.044456681
leopard2-c0-v2,systematic_encode,per_payload_byte,9,63,legacy_high_v1,padded_dyadic_parent,parent_preserving,exact_structural_radix2_dag,64,64,128,128,72,56,55,1,1.777777778,gf8,gf8,false,false,384,768,384,904,959,128,0,12,136,55,3399,1.0
leopard2-c0-v2,systematic_encode,per_payload_byte,9,63,legacy_high_v1,prefix_pruned_parent,parent_preserving,exact_structural_radix2_dag,64,64,128,128,72,56,55,1,1.777777778,gf8,gf8,false,false,267,534,267,670,670,128,1,12,136,0,2412,1.40920398
leopard2-c0-v2,systematic_encode,per_payload_byte,9,63,legacy_high_v1,dependency_pruned_parent,parent_preserving,exact_structural_radix2_dag,64,64,128,128,72,56,55,1,1.777777778,gf8,gf8,false,false,267,534,267,670,670,128,2,12,136,0,2416,1.406870861
leopard2-c0-v2,systematic_encode,per_payload_byte,9,63,legacy_high_v1,recursive_truncated_parent,parent_preserving,exact_arithmetic_lower_bound_scratch,64,64,128,128,72,56,55,1,1.777777778,gf8,gf8,false,false,267,534,267,670,670,64,12,12,136,0,2456,1.383957655
leopard2-c0-v2,systematic_encode,per_payload_byte,9,63,legacy_high_v1,binary_dyadic_exact,new_exact_profile,heuristic_optimistic_cross_block,64,63,128,72,72,56,55,1,1.777777778,gf8,gf8,false,false,258,1146,888,1911,1281,63,10,40,135,0,6154,0.552323692
leopard2-c0-v2,systematic_encode,per_payload_byte,9,63,legacy_high_v1,full_block_tail_exact,new_exact_profile,heuristic_conservative_dense_join,64,63,128,72,72,56,55,1,1.777777778,gf8,gf8,false,false,160,4164,4066,8205,2501,63,4,14,135,0,23018,0.147667043
leopard2-c0-v2,systematic_encode,per_payload_byte,9,63,legacy_high_v1,direct_matrix_exact,new_exact_profile,exact_dense_generator_arithmetic,64,63,128,72,72,56,55,1,1.777777778,gf8,gf8,false,false,0,504,567,567,63,1,0,1,0,0,2268,1.498677249
leopard2-c0-v2,systematic_encode,per_payload_byte,9,63,legacy_high_v1,subproduct_tree_exact,new_exact_profile,asymptotic_generic_polynomial_proxy,64,63,128,72,72,56,55,1,1.777777778,gf8,gf8,false,false,10584,10584,10584,21168,10584,288,7,21,0,0,63532,0.053500598
leopard2-c0-v2,systematic_encode,per_payload_byte,9,63,low_v1,padded_dyadic_parent,parent_preserving,exact_structural_radix2_dag,16,16,128,128,72,56,7,49,1.777777778,gf8,gf8,false,false,160,320,160,456,463,32,0,20,136,7,1559,1.0
leopard2-c0-v2,systematic_encode,per_payload_byte,9,63,low_v1,prefix_pruned_parent,parent_preserving,exact_structural_radix2_dag,16,16,128,128,72,56,7,49,1.777777778,gf8,gf8,false,false,155,310,155,446,446,32,1,20,136,0,1516,1.028364116
leopard2-c0-v2,systematic_encode,per_payload_byte,9,63,low_v1,dependency_pruned_parent,parent_preserving,exact_structural_radix2_dag,16,16,128,128,72,56,7,49,1.777777778,gf8,gf8,false,false,155,310,155,446,446,32,2,20,136,0,1520,1.025657895
leopard2-c0-v2,systematic_encode,per_payload_byte,9,63,low_v1,recursive_truncated_parent,parent_preserving,exact_arithmetic_lower_bound_scratch,16,16,128,128,72,56,7,49,1.777777778,gf8,gf8,false,false,155,310,155,446,446,16,8,20,136,0,1544,1.009715026
leopard2-c0-v2,systematic_encode,per_payload_byte,9,63,low_v1,binary_dyadic_exact,new_exact_profile,heuristic_optimistic_cross_block,16,9,128,72,72,56,7,49,1.777777778,gf8,gf8,false,false,96,264,168,471,399,9,8,32,135,0,1502,1.037949401
leopard2-c0-v2,systematic_encode,per_payload_byte,9,63,low_v1,full_block_tail_exact,new_exact_profile,heuristic_conservative_dense_join,16,9,128,72,72,56,7,49,1.777777778,gf8,gf8,false,false,96,256,168,463,399,9,16,40,135,0,1518,1.027009223
leopard2-c0-v2,systematic_encode,per_payload_byte,9,63,low_v1,direct_matrix_exact,new_exact_profile,exact_dense_generator_arithmetic,16,9,128,72,72,56,7,49,1.777777778,gf8,gf8,false,false,0,504,567,567,63,1,0,1,0,0,2268,0.687389771
leopard2-c0-v2,systematic_encode,per_payload_byte,9,63,low_v1,subproduct_tree_exact,new_exact_profile,asymptotic_generic_polynomial_proxy,16,9,128,72,72,56,7,49,1.777777778,gf8,gf8,false,false,10584,10584,10584,21168,10584,288,7,21,0,0,63532,0.024538815
leopard2-c0-v2,systematic_encode,per_payload_byte,9,65,legacy_high_v1,padded_dyadic_parent,parent_preserving,exact_structural_radix2_dag,128,128,256,256,74,182,119,63,3.459459459,gf8,gf8,false,false,896,1792,896,1994,2113,256,0,14,202,119,7691,1.0
leopard2-c0-v2,systematic_encode,per_payload_byte,9,65,legacy_high_v1,prefix_pruned_parent,parent_preserving,exact_structural_radix2_dag,128,128,256,256,74,182,119,63,3.459459459,gf8,gf8,false,false,587,1174,587,1376,1376,256,1,14,202,0,5104,1.506857367
leopard2-c0-v2,systematic_encode,per_payload_byte,9,65,legacy_high_v1,dependency_pruned_parent,parent_preserving,exact_structural_radix2_dag,128,128,256,256,74,182,119,63,3.459459459,gf8,gf8,false,false,587,1174,587,1376,1376,256,2,14,202,0,5108,1.505677369
leopard2-c0-v2,systematic_encode,per_payload_byte,9,65,legacy_high_v1,recursive_truncated_parent,parent_preserving,exact_arithmetic_lower_bound_scratch,128,128,256,256,74,182,119,63,3.459459459,gf8,gf8,false,false,587,1174,587,1376,1376,128,14,14,202,0,5156,1.491660202
leopard2-c0-v2,systematic_encode,per_payload_byte,9,65,legacy_high_v1,binary_dyadic_exact,new_exact_profile,heuristic_optimistic_cross_block,128,65,256,74,74,182,119,63,3.459459459,gf8,gf8,false,false,384,898,514,1167,1037,65,2,14,139,0,4138,1.858627356
leopard2-c0-v2,systematic_encode,per_payload_byte,9,65,legacy_high_v1,full_block_tail_exact,new_exact_profile,heuristic_conservative_dense_join,128,65,256,74,74,182,119,63,3.459459459,gf8,gf8,false,false,384,896,514,1165,1037,65,4,16,139,0,4142,1.856832448
leopard2-c0-v2,systematic_encode,per_payload_byte,9,65,legacy_high_v1,direct_matrix_exact,new_exact_profile,exact_dense_generator_arithmetic,128,65,256,74,74,182,119,63,3.459459459,gf8,gf8,false,false,0,520,585,585,65,1,0,1,0,0,2340,3.286752137
leopard2-c0-v2,systematic_encode,per_payload_byte,9,65,legacy_high_v1,subproduct_tree_exact,new_exact_profile,asymptotic_generic_polynomial_proxy,128,65,256,74,74,182,119,63,3.459459459,gf8,gf8,false,false,10878,10878,10878,21756,10878,296,7,21,0,0,65296,0.117786694
leopard2-c0-v2,systematic_encode,per_payload_byte,9,65,low_v1,padded_dyadic_parent,parent_preserving,exact_structural_radix2_dag,16,16,128,128,74,54,7,47,1.72972973,gf8,gf8,false,false,192,384,192,538,545,32,0,24,154,7,1851,1.0
leopard2-c0-v2,systematic_encode,per_payload_byte,9,65,low_v1,prefix_pruned_parent,parent_preserving,exact_structural_radix2_dag,16,16,128,128,74,54,7,47,1.72972973,gf8,gf8,false,false,187,374,187,528,528,32,1,24,154,0,1808,1.023783186
leopard2-c0-v2,systematic_encode,per_payload_byte,9,65,low_v1,dependency_pruned_parent,parent_preserving,exact_structural_radix2_dag,16,16,128,128,74,54,7,47,1.72972973,gf8,gf8,false,false,170,340,170,494,494,32,2,24,154,0,1676,1.104415274
leopard2-c0-v2,systematic_encode,per_payload_byte,9,65,low_v1,recursive_truncated_parent,parent_preserving,exact_arithmetic_lower_bound_scratch,16,16,128,128,74,54,7,47,1.72972973,gf8,gf8,false,false,170,340,170,494,494,16,8,24,154,0,1700,1.088823529
leopard2-c0-v2,systematic_encode,per_payload_byte,9,65,low_v1,binary_dyadic_exact,new_exact_profile,heuristic_optimistic_cross_block,16,9,128,74,74,54,7,47,1.72972973,gf8,gf8,false,false,108,297,189,524,443,9,9,36,146,0,1678,1.103098927
leopard2-c0-v2,systematic_encode,per_payload_byte,9,65,low_v1,full_block_tail_exact,new_exact_profile,heuristic_conservative_dense_join,16,9,128,74,74,54,7,47,1.72972973,gf8,gf8,false,false,108,288,189,515,443,9,18,45,146,0,1696,1.091391509
leopard2-c0-v2,systematic_encode,per_payload_byte,9,65,low_v1,direct_matrix_exact,new_exact_profile,exact_dense_generator_arithmetic,16,9,128,74,74,54,7,47,1.72972973,gf8,gf8,false,false,0,520,585,585,65,1,0,1,0,0,2340,0.791025641
leopard2-c0-v2,systematic_encode,per_payload_byte,9,65,low_v1,subproduct_tree_exact,new_exact_profile,asymptotic_generic_polynomial_proxy,16,9,128,74,74,54,7,47,1.72972973,gf8,gf8,false,false,10878,10878,10878,21756,10878,296,7,21,0,0,65296,0.028347831
leopard2-c0-v2,systematic_encode,per_payload_byte,9,127,legacy_high_v1,padded_dyadic_parent,parent_preserving,exact_structural_radix2_dag,128,128,256,256,136,120,119,1,1.882352941,gf8,gf8,false,false,896,1792,896,2056,2175,256,0,14,264,119,7815,1.0
leopard2-c0-v2,systematic_encode,per_payload_byte,9,127,legacy_high_v1,prefix_pruned_parent,parent_preserving,exact_structural_radix2_dag,128,128,256,256,136,120,119,1,1.882352941,gf8,gf8,false,false,587,1174,587,1438,1438,256,1,14,264,0,5228,1.494835501
leopard2-c0-v2,systematic_encode,per_payload_byte,9,127,legacy_high_v1,dependency_pruned_parent,parent_preserving,exact_structural_radix2_dag,128,128,256,256,136,120,119,1,1.882352941,gf8,gf8,false,false,587,1174,587,1438,1438,256,2,14,264,0,5232,1.493692661
leopard2-c0-v2,systematic_encode,per_payload_byte,9,127,legacy_high_v1,recursive_truncated_parent,parent_preserving,exact_arithmetic_lower_bound_scratch,128,128,256,256,136,120,119,1,1.882352941,gf8,gf8,false,false,587,1174,587,1438,1438,128,14,14,264,0,5280,1.480113636
leopard2-c0-v2,systematic_encode,per_payload_byte,9,127,legacy_high_v1,binary_dyadic_exact,new_exact_profile,heuristic_optimistic_cross_block,128,127,256,136,136,120,119,1,1.882352941,gf8,gf8,false,false,642,2808,2166,4595,3071,127,12,54,263,0,14854,0.52612091
leopard2-c0-v2,systematic_encode,per_payload_byte,9,127,legacy_high_v1,full_block_tail_exact,new_exact_profile,heuristic_conservative_dense_join,128,127,256,136,136,120,119,1,1.882352941,gf8,gf8,false,false,384,16644,16386,32909,9221,127,4,16,263,0,91562,0.085352002
leopard2-c0-v2,systematic_encode,per_payload_byte,9,127,legacy_high_v1,direct_matrix_exact,new_exact_profile,exact_dense_generator_arithmetic,128,127,256,136,136,120,119,1,1.882352941,gf8,gf8,false,false,0,1016,1143,1143,127,1,0,1,0,0,4572,1.709317585
leopard2-c0-v2,systematic_encode,per_payload_byte,9,127,legacy_high_v1,subproduct_tree_exact,new_exact_profile,asymptotic_generic_polynomial_proxy,128,127,256,136,136,120,119,1,1.882352941,gf8,gf8,false,false,26112,26112,26112,52224,26112,544,8,24,0,0,156704,0.049871095
leopard2-c0-v2,systematic_encode,per_payload_byte,9,127,low_v1,padded_dyadic_parent,parent_preserving,exact_structural_radix2_dag,16,16,256,256,136,120,7,113,1.882352941,gf8,gf8,false,false,288,576,288,840,847,32,0,36,264,7,2839,1.0
leopard2-c0-v2,systematic_encode,per_payload_byte,9,127,low_v1,prefix_pruned_parent,parent_preserving,exact_structural_radix2_dag,16,16,256,256,136,120,7,113,1.882352941,gf8,gf8,false,false,283,566,283,830,830,32,1,36,264,0,2796,1.015379113
leopard2-c0-v2,systematic_encode,per_payload_byte,9,127,low_v1,dependency_pruned_parent,parent_preserving,exact_structural_radix2_dag,16,16,256,256,136,120,7,113,1.882352941,gf8,gf8,false,false,283,566,283,830,830,32,2,36,264,0,2800,1.013928571
leopard2-c0-v2,systematic_encode,per_payload_byte,9,127,low_v1,recursive_truncated_parent,parent_preserving,exact_arithmetic_lower_bound_scratch,16,16,256,256,136,120,7,113,1.882352941,gf8,gf8,false,false,283,566,283,830,830,16,8,36,264,0,2824,1.005311615
leopard2-c0-v2,systematic_encode,per_payload_byte,9,127,low_v1,binary_dyadic_exact,new_exact_profile,heuristic_optimistic_cross_block,16,9,256,136,136,120,7,113,1.882352941,gf8,gf8,false,false,192,528,336,943,799,9,16,64,271,0,3006,0.944444444
leopard2-c0-v2,systematic_encode,per_payload_byte,9,127,low_v1,full_block_tail_exact,new_exact_profile,heuristic_conservative_dense_join,16,9,256,136,136,120,7,113,1.882352941,gf8,gf8,false,false,192,512,336,927,799,9,32,80,271,0,3038,0.934496379
leopard2-c0-v2,systematic_encode,per_payload_byte,9,127,low_v1,direct_matrix_exact,new_exact_profile,exact_dense_generator_arithmetic,16,9,256,136,136,120,7,113,1.882352941,gf8,gf8,false,false,0,1016,1143,1143,127,1,0,1,0,0,4572,0.620953631
leopard2-c0-v2,systematic_encode,per_payload_byte,9,127,low_v1,subproduct_tree_exact,new_exact_profile,asymptotic_generic_polynomial_proxy,16,9,256,136,136,120,7,113,1.882352941,gf8,gf8,false,false,26112,26112,26112,52224,26112,544,8,24,0,0,156704,0.018116959
leopard2-c0-v2,systematic_encode,per_payload_byte,9,129,legacy_high_v1,padded_dyadic_parent,parent_preserving,exact_structural_radix2_dag,256,256,512,512,138,374,247,127,3.710144928,gf16,gf16,true,false,2048,4096,2048,4490,4737,512,0,16,394,247,17419,1.0
leopard2-c0-v2,systematic_encode,per_payload_byte,9,129,legacy_high_v1,prefix_pruned_parent,parent_preserving,exact_structural_radix2_dag,256,256,512,512,138,374,247,127,3.710144928,gf16,gf16,true,false,1291,2582,1291,2976,2976,512,1,16,394,0,11120,1.566456835
leopard2-c0-v2,systematic_encode,per_payload_byte,9,129,legacy_high_v1,dependency_pruned_parent,parent_preserving,exact_structural_radix2_dag,256,256,512,512,138,374,247,127,3.710144928,gf16,gf16,true,false,1291,2582,1291,2976,2976,512,2,16,394,0,11124,1.565893563
leopard2-c0-v2,systematic_encode,per_payload_byte,9,129,legacy_high_v1,recursive_truncated_parent,parent_preserving,exact_arithmetic_lower_bound_scratch,256,256,512,512,138,374,247,127,3.710144928,gf16,gf16,true,false,1291,2582,1291,2976,2976,256,16,16,394,0,11180,1.558050089
leopard2-c0-v2,systematic_encode,per_payload_byte,9,129,legacy_high_v1,binary_dyadic_exact,new_exact_profile,heuristic_optimistic_cross_block,256,129,512,138,138,374,247,127,3.710144928,gf16,gf8,true,true,896,2050,1154,2575,2317,129,2,16,267,0,9258,1.881507885
leopard2-c0-v2,systematic_encode,per_payload_byte,9,129,legacy_high_v1,full_block_tail_exact,new_exact_profile,heuristic_conservative_dense_join,256,129,512,138,138,374,247,127,3.710144928,gf16,gf8,true,true,896,2048,1154,2573,2317,129,4,18,267,0,9262,1.880695314
leopard2-c0-v2,systematic_encode,per_payload_byte,9,129,legacy_high_v1,direct_matrix_exact,new_exact_profile,exact_dense_generator_arithmetic,256,129,512,138,138,374,247,127,3.710144928,gf16,gf8,true,true,0,1032,1161,1161,129,1,0,1,0,0,4644,3.750861326
leopard2-c0-v2,systematic_encode,per_payload_byte,9,129,legacy_high_v1,subproduct_tree_exact,new_exact_profile,asymptotic_generic_polynomial_proxy,256,129,512,138,138,374,247,127,3.710144928,gf16,gf8,true,true,26496,26496,26496,52992,26496,552,8,24,0,0,159008,0.109547947
leopard2-c0-v2,systematic_encode,per_payload_byte,9,129,low_v1,padded_dyadic_parent,parent_preserving,exact_structural_radix2_dag,16,16,256,256,138,118,7,111,1.855072464,gf8,gf8,false,false,320,640,320,922,929,32,0,40,282,7,3131,1.0
leopard2-c0-v2,systematic_encode,per_payload_byte,9,129,low_v1,prefix_pruned_parent,parent_preserving,exact_structural_radix2_dag,16,16,256,256,138,118,7,111,1.855072464,gf8,gf8,false,false,315,630,315,912,912,32,1,40,282,0,3088,1.01392487
leopard2-c0-v2,systematic_encode,per_payload_byte,9,129,low_v1,dependency_pruned_parent,parent_preserving,exact_structural_radix2_dag,16,16,256,256,138,118,7,111,1.855072464,gf8,gf8,false,false,298,596,298,878,878,32,2,40,282,0,2956,1.059201624
leopard2-c0-v2,systematic_encode,per_payload_byte,9,129,low_v1,recursive_truncated_parent,parent_preserving,exact_arithmetic_lower_bound_scratch,16,16,256,256,138,118,7,111,1.855072464,gf8,gf8,false,false,298,596,298,878,878,16,8,40,282,0,2980,1.050671141
leopard2-c0-v2,systematic_encode,per_payload_byte,9,129,low_v1,binary_dyadic_exact,new_exact_profile,heuristic_optimistic_cross_block,16,9,256,138,138,118,7,111,1.855072464,gf8,gf8,false,false,192,528,336,945,801,9,16,64,273,0,3010,1.040199336
leopard2-c0-v2,systematic_encode,per_payload_byte,9,129,low_v1,full_block_tail_exact,new_exact_profile,heuristic_conservative_dense_join,16,9,256,138,138,118,7,111,1.855072464,gf8,gf8,false,false,192,512,336,929,801,9,32,80,273,0,3042,1.029257068
leopard2-c0-v2,systematic_encode,per_payload_byte,9,129,low_v1,direct_matrix_exact,new_exact_profile,exact_dense_generator_arithmetic,16,9,256,138,138,118,7,111,1.855072464,gf8,gf8,false,false,0,1032,1161,1161,129,1,0,1,0,0,4644,0.674203273
leopard2-c0-v2,systematic_encode,per_payload_byte,9,129,low_v1,subproduct_tree_exact,new_exact_profile,asymptotic_generic_polynomial_proxy,16,9,256,138,138,118,7,111,1.855072464,gf8,gf8,false,false,26496,26496,26496,52992,26496,552,8,24,0,0,159008,0.019690833
leopard2-c0-v2,systematic_encode,per_payload_byte,9,255,legacy_high_v1,padded_dyadic_parent,parent_preserving,exact_structural_radix2_dag,256,256,512,512,264,248,247,1,1.939393939,gf16,gf16,false,false,2048,4096,2048,4616,4863,512,0,16,520,247,17671,1.0
leopard2-c0-v2,systematic_encode,per_payload_byte,9,255,legacy_high_v1,prefix_pruned_parent,parent_preserving,exact_structural_radix2_dag,256,256,512,512,264,248,247,1,1.939393939,gf16,gf16,false,false,1291,2582,1291,3102,3102,512,1,16,520,0,11372,1.553904326
leopard2-c0-v2,systematic_encode,per_payload_byte,9,255,legacy_high_v1,dependency_pruned_parent,parent_preserving,exact_structural_radix2_dag,256,256,512,512,264,248,247,1,1.939393939,gf16,gf16,false,false,1291,2582,1291,3102,3102,512,2,16,520,0,11376,1.553357947
leopard2-c0-v2,systematic_encode,per_payload_byte,9,255,legacy_high_v1,recursive_truncated_parent,parent_preserving,exact_arithmetic_lower_bound_scratch,256,256,512,512,264,248,247,1,1.939393939,gf16,gf16,false,false,1291,2582,1291,3102,3102,256,16,16,520,0,11432,1.545748775
leopard2-c0-v2,systematic_encode,per_payload_byte,9,255,legacy_high_v1,binary_dyadic_exact,new_exact_profile,heuristic_optimistic_cross_block,256,255,512,264,264,248,247,1,1.939393939,gf16,gf16,false,false,1538,6646,5108,10735,7165,255,14,70,519,0,34818,0.507524843
leopard2-c0-v2,systematic_encode,per_payload_byte,9,255,legacy_high_v1,full_block_tail_exact,new_exact_profile,heuristic_conservative_dense_join,256,255,512,264,264,248,247,1,1.939393939,gf16,gf16,false,false,896,66308,65666,131597,35077,255,4,18,519,0,364330,0.048502731
leopard2-c0-v2,systematic_encode,per_payload_byte,9,255,legacy_high_v1,direct_matrix_exact,new_exact_profile,exact_dense_generator_arithmetic,256,255,512,264,264,248,247,1,1.939393939,gf16,gf16,false,false,0,2040,2295,2295,255,1,0,1,0,0,9180,1.924945534
leopard2-c0-v2,systematic_encode,per_payload_byte,9,255,legacy_high_v1,subproduct_tree_exact,new_exact_profile,asymptotic_generic_polynomial_proxy,256,255,512,264,264,248,247,1,1.939393939,gf16,gf16,false,false,64152,64152,64152,128304,64152,1056,9,27,0,0,384948,0.045904901
leopard2-c0-v2,systematic_encode,per_payload_byte,9,255,low_v1,padded_dyadic_parent,parent_preserving,exact_structural_radix2_dag,16,16,512,512,264,248,7,241,1.939393939,gf16,gf16,false,false,544,1088,544,1608,1615,32,0,68,520,7,5399,1.0
leopard2-c0-v2,systematic_encode,per_payload_byte,9,255,low_v1,prefix_pruned_parent,parent_preserving,exact_structural_radix2_dag,16,16,512,512,264,248,7,241,1.939393939,gf16,gf16,false,false,539,1078,539,1598,1598,32,1,68,520,0,5356,1.008028379
leopard2-c0-v2,systematic_encode,per_payload_byte,9,255,low_v1,dependency_pruned_parent,parent_preserving,exact_structural_radix2_dag,16,16,512,512,264,248,7,241,1.939393939,gf16,gf16,false,false,539,1078,539,1598,1598,32,2,68,520,0,5360,1.007276119
leopard2-c0-v2,systematic_encode,per_payload_byte,9,255,low_v1,recursive_truncated_parent,parent_preserving,exact_arithmetic_lower_bound_scratch,16,16,512,512,264,248,7,241,1.939393939,gf16,gf16,false,false,539,1078,539,1598,1598,16,8,68,520,0,5384,1.002786033
leopard2-c0-v2,systematic_encode,per_payload_byte,9,255,low_v1,binary_dyadic_exact,new_exact_profile,heuristic_optimistic_cross_block,16,9,512,264,264,248,7,241,1.939393939,gf16,gf16,false,false,360,990,630,1785,1515,9,30,120,525,0,5670,0.952204586
leopard2-c0-v2,systematic_encode,per_payload_byte,9,255,low_v1,full_block_tail_exact,new_exact_profile,heuristic_conservative_dense_join,16,9,512,264,264,248,7,241,1.939393939,gf16,gf16,false,false,360,960,630,1755,1515,9,60,150,525,0,5730,0.942233857
leopard2-c0-v2,systematic_encode,per_payload_byte,9,255,low_v1,direct_matrix_exact,new_exact_profile,exact_dense_generator_arithmetic,16,9,512,264,264,248,7,241,1.939393939,gf16,gf16,false,false,0,2040,2295,2295,255,1,0,1,0,0,9180,0.588126362
leopard2-c0-v2,systematic_encode,per_payload_byte,9,255,low_v1,subproduct_tree_exact,new_exact_profile,asymptotic_generic_polynomial_proxy,16,9,512,264,264,248,7,241,1.939393939,gf16,gf16,false,false,64152,64152,64152,128304,64152,1056,9,27,0,0,384948,0.014025271
leopard2-c0-v2,systematic_encode,per_payload_byte,15,3,legacy_high_v1,padded_dyadic_parent,parent_preserving,exact_structural_radix2_dag,4,4,32,32,18,14,13,1,1.777777778,gf8,gf8,false,false,20,52,20,86,75,8,0,10,22,1,253,1.0
leopard2-c0-v2,systematic_encode,per_payload_byte,15,3,legacy_high_v1,prefix_pruned_parent,parent_preserving,exact_structural_radix2_dag,4,4,32,32,18,14,13,1,1.777777778,gf8,gf8,false,false,20,52,20,86,74,8,1,10,22,0,256,0.98828125
leopard2-c0-v2,systematic_encode,per_payload_byte,15,3,legacy_high_v1,dependency_pruned_parent,parent_preserving,exact_structural_radix2_dag,4,4,32,32,18,14,13,1,1.777777778,gf8,gf8,false,false,20,52,20,86,74,8,2,10,22,0,260,0.973076923
leopard2-c0-v2,systematic_encode,per_payload_byte,15,3,legacy_high_v1,recursive_truncated_parent,parent_preserving,exact_arithmetic_lower_bound_scratch,4,4,32,32,18,14,13,1,1.777777778,gf8,gf8,false,false,20,52,20,86,74,4,4,10,22,0,268,0.944029851
leopard2-c0-v2,systematic_encode,per_payload_byte,15,3,legacy_high_v1,binary_dyadic_exact,new_exact_profile,heuristic_optimistic_cross_block,4,3,32,18,18,14,13,1,1.777777778,gf8,gf8,false,false,6,42,24,93,63,3,6,12,21,0,270,0.937037037
leopard2-c0-v2,systematic_encode,per_payload_byte,15,3,legacy_high_v1,full_block_tail_exact,new_exact_profile,heuristic_conservative_dense_join,4,3,32,18,18,14,13,1,1.777777778,gf8,gf8,false,false,6,36,24,87,63,3,12,18,21,0,282,0.897163121
leopard2-c0-v2,systematic_encode,per_payload_byte,15,3,legacy_high_v1,direct_matrix_exact,new_exact_profile,exact_dense_generator_arithmetic,4,3,32,18,18,14,13,1,1.777777778,gf8,gf8,false,false,0,42,45,45,3,1,0,1,0,0,180,1.405555556
leopard2-c0-v2,systematic_encode,per_payload_byte,15,3,legacy_high_v1,subproduct_tree_exact,new_exact_profile,asymptotic_generic_polynomial_proxy,4,3,32,18,18,14,13,1,1.777777778,gf8,gf8,false,false,1350,1350,1350,2700,1350,72,5,15,0,0,8120,0.031157635
leopard2-c0-v2,systematic_encode,per_payload_byte,15,3,low_v1,padded_dyadic_parent,parent_preserving,exact_structural_radix2_dag,16,16,32,32,18,14,1,13,1.777777778,gf8,gf8,false,false,64,128,64,162,163,32,0,8,34,1,581,1.0
leopard2-c0-v2,systematic_encode,per_payload_byte,15,3,low_v1,prefix_pruned_parent,parent_preserving,exact_structural_radix2_dag,16,16,32,32,18,14,1,13,1.777777778,gf8,gf8,false,false,64,128,64,162,162,32,1,8,34,0,584,0.994863014
leopard2-c0-v2,systematic_encode,per_payload_byte,15,3,low_v1,dependency_pruned_parent,parent_preserving,exact_structural_radix2_dag,16,16,32,32,18,14,1,13,1.777777778,gf8,gf8,false,false,57,114,57,148,148,32,2,8,34,0,532,1.092105263
leopard2-c0-v2,systematic_encode,per_payload_byte,15,3,low_v1,recursive_truncated_parent,parent_preserving,exact_arithmetic_lower_bound_scratch,16,16,32,32,18,14,1,13,1.777777778,gf8,gf8,false,false,57,114,57,148,148,16,8,8,34,0,556,1.044964029
leopard2-c0-v2,systematic_encode,per_payload_byte,15,3,low_v1,binary_dyadic_exact,new_exact_profile,heuristic_optimistic_cross_block,16,15,32,18,18,14,1,13,1.777777778,gf8,gf8,false,false,34,158,124,281,191,15,6,18,33,0,902,0.644124169
leopard2-c0-v2,systematic_encode,per_payload_byte,15,3,low_v1,full_block_tail_exact,new_exact_profile,heuristic_conservative_dense_join,16,15,32,18,18,14,1,13,1.777777778,gf8,gf8,false,false,24,244,234,487,207,15,4,10,33,0,1422,0.408579466
leopard2-c0-v2,systematic_encode,per_payload_byte,15,3,low_v1,direct_matrix_exact,new_exact_profile,exact_dense_generator_arithmetic,16,15,32,18,18,14,1,13,1.777777778,gf8,gf8,false,false,0,42,45,45,3,1,0,1,0,0,180,3.227777778
leopard2-c0-v2,systematic_encode,per_payload_byte,15,3,low_v1,subproduct_tree_exact,new_exact_profile,asymptotic_generic_polynomial_proxy,16,15,32,18,18,14,1,13,1.777777778,gf8,gf8,false,false,1350,1350,1350,2700,1350,72,5,15,0,0,8120,0.071551724
leopard2-c0-v2,systematic_encode,per_payload_byte,15,5,legacy_high_v1,padded_dyadic_parent,parent_preserving,exact_structural_radix2_dag,8,8,32,32,20,12,9,3,1.6,gf8,gf8,false,false,36,80,36,116,109,16,0,9,28,1,377,1.0
leopard2-c0-v2,systematic_encode,per_payload_byte,15,5,legacy_high_v1,prefix_pruned_parent,parent_preserving,exact_structural_radix2_dag,8,8,32,32,20,12,9,3,1.6,gf8,gf8,false,false,36,80,36,116,108,16,1,9,28,0,380,0.992105263
leopard2-c0-v2,systematic_encode,per_payload_byte,15,5,legacy_high_v1,dependency_pruned_parent,parent_preserving,exact_structural_radix2_dag,8,8,32,32,20,12,9,3,1.6,gf8,gf8,false,false,36,80,36,116,108,16,2,9,28,0,384,0.981770833
leopard2-c0-v2,systematic_encode,per_payload_byte,15,5,legacy_high_v1,recursive_truncated_parent,parent_preserving,exact_arithmetic_lower_bound_scratch,8,8,32,32,20,12,9,3,1.6,gf8,gf8,false,false,36,80,36,116,108,8,6,9,28,0,400,0.9425
leopard2-c0-v2,systematic_encode,per_payload_byte,15,5,legacy_high_v1,binary_dyadic_exact,new_exact_profile,heuristic_optimistic_cross_block,8,5,32,20,20,12,9,3,1.6,gf8,gf8,false,false,16,62,36,117,87,5,4,12,25,0,354,1.064971751
leopard2-c0-v2,systematic_encode,per_payload_byte,15,5,legacy_high_v1,full_block_tail_exact,new_exact_profile,heuristic_conservative_dense_join,8,5,32,20,20,12,9,3,1.6,gf8,gf8,false,false,16,58,36,113,87,5,8,16,25,0,362,1.041436464
leopard2-c0-v2,systematic_encode,per_payload_byte,15,5,legacy_high_v1,direct_matrix_exact,new_exact_profile,exact_dense_generator_arithmetic,8,5,32,20,20,12,9,3,1.6,gf8,gf8,false,false,0,70,75,75,5,1,0,1,0,0,300,1.256666667
leopard2-c0-v2,systematic_encode,per_payload_byte,15,5,legacy_high_v1,subproduct_tree_exact,new_exact_profile,asymptotic_generic_polynomial_proxy,8,5,32,20,20,12,9,3,1.6,gf8,gf8,false,false,1500,1500,1500,3000,1500,80,5,15,0,0,9020,0.041796009
leopard2-c0-v2,systematic_encode,per_payload_byte,15,5,low_v1,padded_dyadic_parent,parent_preserving,exact_structural_radix2_dag,16,16,32,32,20,12,1,11,1.6,gf8,gf8,false,false,64,128,64,164,165,32,0,8,36,1,585,1.0
leopard2-c0-v2,systematic_encode,per_payload_byte,15,5,low_v1,prefix_pruned_parent,parent_preserving,exact_structural_radix2_dag,16,16,32,32,20,12,1,11,1.6,gf8,gf8,false,false,64,128,64,164,164,32,1,8,36,0,588,0.994897959
leopard2-c0-v2,systematic_encode,per_payload_byte,15,5,low_v1,dependency_pruned_parent,parent_preserving,exact_structural_radix2_dag,16,16,32,32,20,12,1,11,1.6,gf8,gf8,false,false,61,122,61,158,158,32,2,8,36,0,568,1.029929577
leopard2-c0-v2,systematic_encode,per_payload_byte,15,5,low_v1,recursive_truncated_parent,parent_preserving,exact_arithmetic_lower_bound_scratch,16,16,32,32,20,12,1,11,1.6,gf8,gf8,false,false,61,122,61,158,158,16,8,8,36,0,592,0.988175676
leopard2-c0-v2,systematic_encode,per_payload_byte,15,5,low_v1,binary_dyadic_exact,new_exact_profile,heuristic_optimistic_cross_block,16,15,32,20,20,12,1,11,1.6,gf8,gf8,false,false,34,158,124,283,193,15,6,18,35,0,906,0.645695364
leopard2-c0-v2,systematic_encode,per_payload_byte,15,5,low_v1,full_block_tail_exact,new_exact_profile,heuristic_conservative_dense_join,16,15,32,20,20,12,1,11,1.6,gf8,gf8,false,false,24,244,234,489,209,15,4,10,35,0,1426,0.410238429
leopard2-c0-v2,systematic_encode,per_payload_byte,15,5,low_v1,direct_matrix_exact,new_exact_profile,exact_dense_generator_arithmetic,16,15,32,20,20,12,1,11,1.6,gf8,gf8,false,false,0,70,75,75,5,1,0,1,0,0,300,1.95
leopard2-c0-v2,systematic_encode,per_payload_byte,15,5,low_v1,subproduct_tree_exact,new_exact_profile,asymptotic_generic_polynomial_proxy,16,15,32,20,20,12,1,11,1.6,gf8,gf8,false,false,1500,1500,1500,3000,1500,80,5,15,0,0,9020,0.064855876
leopard2-c0-v2,systematic_encode,per_payload_byte,15,7,legacy_high_v1,padded_dyadic_parent,parent_preserving,exact_structural_radix2_dag,8,8,32,32,22,10,9,1,1.454545455,gf8,gf8,false,false,36,80,36,118,111,16,0,9,30,1,381,1.0
leopard2-c0-v2,systematic_encode,per_payload_byte,15,7,legacy_high_v1,prefix_pruned_parent,parent_preserving,exact_structural_radix2_dag,8,8,32,32,22,10,9,1,1.454545455,gf8,gf8,false,false,36,80,36,118,110,16,1,9,30,0,384,0.9921875
leopard2-c0-v2,systematic_encode,per_payload_byte,15,7,legacy_high_v1,dependency_pruned_parent,parent_preserving,exact_structural_radix2_dag,8,8,32,32,22,10,9,1,1.454545455,gf8,gf8,false,false,36,80,36,118,110,16,2,9,30,0,388,0.981958763
leopard2-c0-v2,systematic_encode,per_payload_byte,15,7,legacy_high_v1,recursive_truncated_parent,parent_preserving,exact_arithmetic_lower_bound_scratch,8,8,32,32,22,10,9,1,1.454545455,gf8,gf8,false,false,36,80,36,118,110,8,6,9,30,0,404,0.943069307
leopard2-c0-v2,systematic_encode,per_payload_byte,15,7,legacy_high_v1,binary_dyadic_exact,new_exact_profile,heuristic_optimistic_cross_block,8,7,32,22,22,10,9,1,1.454545455,gf8,gf8,false,false,20,110,76,209,139,7,8,20,29,0,642,0.593457944
leopard2-c0-v2,systematic_encode,per_payload_byte,15,7,legacy_high_v1,full_block_tail_exact,new_exact_profile,heuristic_conservative_dense_join,8,7,32,22,22,10,9,1,1.454545455,gf8,gf8,false,false,16,118,100,245,135,7,8,16,29,0,730,0.521917808
leopard2-c0-v2,systematic_encode,per_payload_byte,15,7,legacy_high_v1,direct_matrix_exact,new_exact_profile,exact_dense_generator_arithmetic,8,7,32,22,22,10,9,1,1.454545455,gf8,gf8,false,false,0,98,105,105,7,1,0,1,0,0,420,0.907142857
leopard2-c0-v2,systematic_encode,per_payload_byte,15,7,legacy_high_v1,subproduct_tree_exact,new_exact_profile,asymptotic_generic_polynomial_proxy,8,7,32,22,22,10,9,1,1.454545455,gf8,gf8,false,false,1650,1650,1650,3300,1650,88,5,15,0,0,9920,0.038407258
leopard2-c0-v2,systematic_encode,per_payload_byte,15,7,low_v1,padded_dyadic_parent,parent_preserving,exact_structural_radix2_dag,16,16,32,32,22,10,1,9,1.454545455,gf8,gf8,false,false,64,128,64,166,167,32,0,8,38,1,589,1.0
leopard2-c0-v2,systematic_encode,per_payload_byte,15,7,low_v1,prefix_pruned_parent,parent_preserving,exact_structural_radix2_dag,16,16,32,32,22,10,1,9,1.454545455,gf8,gf8,false,false,64,128,64,166,166,32,1,8,38,0,592,0.994932432
leopard2-c0-v2,systematic_encode,per_payload_byte,15,7,low_v1,dependency_pruned_parent,parent_preserving,exact_structural_radix2_dag,16,16,32,32,22,10,1,9,1.454545455,gf8,gf8,false,false,63,126,63,164,164,32,2,8,38,0,588,1.00170068
leopard2-c0-v2,systematic_encode,per_payload_byte,15,7,low_v1,recursive_truncated_parent,parent_preserving,exact_arithmetic_lower_bound_scratch,16,16,32,32,22,10,1,9,1.454545455,gf8,gf8,false,false,63,126,63,164,164,16,8,8,38,0,612,0.962418301
leopard2-c0-v2,systematic_encode,per_payload_byte,15,7,low_v1,binary_dyadic_exact,new_exact_profile,heuristic_optimistic_cross_block,16,15,32,22,22,10,1,9,1.454545455,gf8,gf8,false,false,34,158,124,285,195,15,6,18,37,0,910,0.647252747
leopard2-c0-v2,systematic_encode,per_payload_byte,15,7,low_v1,full_block_tail_exact,new_exact_profile,heuristic_conservative_dense_join,16,15,32,22,22,10,1,9,1.454545455,gf8,gf8,false,false,24,244,234,491,211,15,4,10,37,0,1430,0.411888112
leopard2-c0-v2,systematic_encode,per_payload_byte,15,7,low_v1,direct_matrix_exact,new_exact_profile,exact_dense_generator_arithmetic,16,15,32,22,22,10,1,9,1.454545455,gf8,gf8,false,false,0,98,105,105,7,1,0,1,0,0,420,1.402380952
leopard2-c0-v2,systematic_encode,per_payload_byte,15,7,low_v1,subproduct_tree_exact,new_exact_profile,asymptotic_generic_polynomial_proxy,16,15,32,22,22,10,1,9,1.454545455,gf8,gf8,false,false,1650,1650,1650,3300,1650,88,5,15,0,0,9920,0.059375
leopard2-c0-v2,systematic_encode,per_payload_byte,15,9,legacy_high_v1,padded_dyadic_parent,parent_preserving,exact_structural_radix2_dag,16,16,32,32,24,8,1,7,1.333333333,gf8,gf8,false,false,64,128,64,168,169,32,0,8,40,1,593,1.0
leopard2-c0-v2,systematic_encode,per_payload_byte,15,9,legacy_high_v1,prefix_pruned_parent,parent_preserving,exact_structural_radix2_dag,16,16,32,32,24,8,1,7,1.333333333,gf8,gf8,false,false,64,128,64,168,168,32,1,8,40,0,596,0.994966443
leopard2-c0-v2,systematic_encode,per_payload_byte,15,9,legacy_high_v1,dependency_pruned_parent,parent_preserving,exact_structural_radix2_dag,16,16,32,32,24,8,1,7,1.333333333,gf8,gf8,false,false,64,128,64,168,168,32,2,8,40,0,600,0.988333333
leopard2-c0-v2,systematic_encode,per_payload_byte,15,9,legacy_high_v1,recursive_truncated_parent,parent_preserving,exact_arithmetic_lower_bound_scratch,16,16,32,32,24,8,1,7,1.333333333,gf8,gf8,false,false,64,128,64,168,168,16,8,8,40,0,624,0.950320513
leopard2-c0-v2,systematic_encode,per_payload_byte,15,9,legacy_high_v1,binary_dyadic_exact,new_exact_profile,heuristic_optimistic_cross_block,16,9,32,24,24,8,1,7,1.333333333,gf8,gf8,false,false,36,108,63,177,141,9,3,12,33,0,564,1.05141844
leopard2-c0-v2,systematic_encode,per_payload_byte,15,9,legacy_high_v1,full_block_tail_exact,new_exact_profile,heuristic_conservative_dense_join,16,9,32,24,24,8,1,7,1.333333333,gf8,gf8,false,false,36,105,63,174,141,9,6,15,33,0,570,1.040350877
leopard2-c0-v2,systematic_encode,per_payload_byte,15,9,legacy_high_v1,direct_matrix_exact,new_exact_profile,exact_dense_generator_arithmetic,16,9,32,24,24,8,1,7,1.333333333,gf8,gf8,false,false,0,126,135,135,9,1,0,1,0,0,540,1.098148148
leopard2-c0-v2,systematic_encode,per_payload_byte,15,9,legacy_high_v1,subproduct_tree_exact,new_exact_profile,asymptotic_generic_polynomial_proxy,16,9,32,24,24,8,1,7,1.333333333,gf8,gf8,false,false,1800,1800,1800,3600,1800,96,5,15,0,0,10820,0.054805915
leopard2-c0-v2,systematic_encode,per_payload_byte,15,9,low_v1,padded_dyadic_parent,parent_preserving,exact_structural_radix2_dag,16,16,32,32,24,8,1,7,1.333333333,gf8,gf8,false,false,64,128,64,168,169,32,0,8,40,1,593,1.0
leopard2-c0-v2,systematic_encode,per_payload_byte,15,9,low_v1,prefix_pruned_parent,parent_preserving,exact_structural_radix2_dag,16,16,32,32,24,8,1,7,1.333333333,gf8,gf8,false,false,64,128,64,168,168,32,1,8,40,0,596,0.994966443
leopard2-c0-v2,systematic_encode,per_payload_byte,15,9,low_v1,dependency_pruned_parent,parent_preserving,exact_structural_radix2_dag,16,16,32,32,24,8,1,7,1.333333333,gf8,gf8,false,false,64,128,64,168,168,32,2,8,40,0,600,0.988333333
leopard2-c0-v2,systematic_encode,per_payload_byte,15,9,low_v1,recursive_truncated_parent,parent_preserving,exact_arithmetic_lower_bound_scratch,16,16,32,32,24,8,1,7,1.333333333,gf8,gf8,false,false,64,128,64,168,168,16,8,8,40,0,624,0.950320513
leopard2-c0-v2,systematic_encode,per_payload_byte,15,9,low_v1,binary_dyadic_exact,new_exact_profile,heuristic_optimistic_cross_block,16,15,32,24,24,8,1,7,1.333333333,gf8,gf8,false,false,34,158,124,287,197,15,6,18,39,0,914,0.648796499
leopard2-c0-v2,systematic_encode,per_payload_byte,15,9,low_v1,full_block_tail_exact,new_exact_profile,heuristic_conservative_dense_join,16,15,32,24,24,8,1,7,1.333333333,gf8,gf8,false,false,24,244,234,493,213,15,4,10,39,0,1434,0.413528591
leopard2-c0-v2,systematic_encode,per_payload_byte,15,9,low_v1,direct_matrix_exact,new_exact_profile,exact_dense_generator_arithmetic,16,15,32,24,24,8,1,7,1.333333333,gf8,gf8,false,false,0,126,135,135,9,1,0,1,0,0,540,1.098148148
leopard2-c0-v2,systematic_encode,per_payload_byte,15,9,low_v1,subproduct_tree_exact,new_exact_profile,asymptotic_generic_polynomial_proxy,16,15,32,24,24,8,1,7,1.333333333,gf8,gf8,false,false,1800,1800,1800,3600,1800,96,5,15,0,0,10820,0.054805915
leopard2-c0-v2,systematic_encode,per_payload_byte,15,15,legacy_high_v1,padded_dyadic_parent,parent_preserving,exact_structural_radix2_dag,16,16,32,32,30,2,1,1,1.066666667,gf8,gf8,false,false,64,128,64,174,175,32,0,8,46,1,605,1.0
leopard2-c0-v2,systematic_encode,per_payload_byte,15,15,legacy_high_v1,prefix_pruned_parent,parent_preserving,exact_structural_radix2_dag,16,16,32,32,30,2,1,1,1.066666667,gf8,gf8,false,false,64,128,64,174,174,32,1,8,46,0,608,0.995065789
leopard2-c0-v2,systematic_encode,per_payload_byte,15,15,legacy_high_v1,dependency_pruned_parent,parent_preserving,exact_structural_radix2_dag,16,16,32,32,30,2,1,1,1.066666667,gf8,gf8,false,false,64,128,64,174,174,32,2,8,46,0,612,0.988562092
leopard2-c0-v2,systematic_encode,per_payload_byte,15,15,legacy_high_v1,recursive_truncated_parent,parent_preserving,exact_arithmetic_lower_bound_scratch,16,16,32,32,30,2,1,1,1.066666667,gf8,gf8,false,false,64,128,64,174,174,16,8,8,46,0,636,0.951257862
leopard2-c0-v2,systematic_encode,per_payload_byte,15,15,legacy_high_v1,binary_dyadic_exact,new_exact_profile,heuristic_optimistic_cross_block,16,15,32,30,30,2,1,1,1.066666667,gf8,gf8,false,false,34,158,124,293,203,15,6,18,45,0,926,0.653347732
leopard2-c0-v2,systematic_encode,per_payload_byte,15,15,legacy_high_v1,full_block_tail_exact,new_exact_profile,heuristic_conservative_dense_join,16,15,32,30,30,2,1,1,1.066666667,gf8,gf8,false,false,24,244,234,499,219,15,4,10,45,0,1446,0.418395574
leopard2-c0-v2,systematic_encode,per_payload_byte,15,15,legacy_high_v1,direct_matrix_exact,new_exact_profile,exact_dense_generator_arithmetic,16,15,32,30,30,2,1,1,1.066666667,gf8,gf8,false,false,0,210,225,225,15,1,0,1,0,0,900,0.672222222
leopard2-c0-v2,systematic_encode,per_payload_byte,15,15,legacy_high_v1,subproduct_tree_exact,new_exact_profile,asymptotic_generic_polynomial_proxy,16,15,32,30,30,2,1,1,1.066666667,gf8,gf8,false,false,2250,2250,2250,4500,2250,120,5,15,0,0,13520,0.044748521
leopard2-c0-v2,systematic_encode,per_payload_byte,15,15,low_v1,padded_dyadic_parent,parent_preserving,exact_structural_radix2_dag,16,16,32,32,30,2,1,1,1.066666667,gf8,gf8,false,false,64,128,64,174,175,32,0,8,46,1,605,1.0
leopard2-c0-v2,systematic_encode,per_payload_byte,15,15,low_v1,prefix_pruned_parent,parent_preserving,exact_structural_radix2_dag,16,16,32,32,30,2,1,1,1.066666667,gf8,gf8,false,false,64,128,64,174,174,32,1,8,46,0,608,0.995065789
leopard2-c0-v2,systematic_encode,per_payload_byte,15,15,low_v1,dependency_pruned_parent,parent_preserving,exact_structural_radix2_dag,16,16,32,32,30,2,1,1,1.066666667,gf8,gf8,false,false,64,128,64,174,174,32,2,8,46,0,612,0.988562092
leopard2-c0-v2,systematic_encode,per_payload_byte,15,15,low_v1,recursive_truncated_parent,parent_preserving,exact_arithmetic_lower_bound_scratch,16,16,32,32,30,2,1,1,1.066666667,gf8,gf8,false,false,64,128,64,174,174,16,8,8,46,0,636,0.951257862
leopard2-c0-v2,systematic_encode,per_payload_byte,15,15,low_v1,binary_dyadic_exact,new_exact_profile,heuristic_optimistic_cross_block,16,15,32,30,30,2,1,1,1.066666667,gf8,gf8,false,false,34,158,124,293,203,15,6,18,45,0,926,0.653347732
leopard2-c0-v2,systematic_encode,per_payload_byte,15,15,low_v1,full_block_tail_exact,new_exact_profile,heuristic_conservative_dense_join,16,15,32,30,30,2,1,1,1.066666667,gf8,gf8,false,false,24,244,234,499,219,15,4,10,45,0,1446,0.418395574
leopard2-c0-v2,systematic_encode,per_payload_byte,15,15,low_v1,direct_matrix_exact,new_exact_profile,exact_dense_generator_arithmetic,16,15,32,30,30,2,1,1,1.066666667,gf8,gf8,false,false,0,210,225,225,15,1,0,1,0,0,900,0.672222222
leopard2-c0-v2,systematic_encode,per_payload_byte,15,15,low_v1,subproduct_tree_exact,new_exact_profile,asymptotic_generic_polynomial_proxy,16,15,32,30,30,2,1,1,1.066666667,gf8,gf8,false,false,2250,2250,2250,4500,2250,120,5,15,0,0,13520,0.044748521
leopard2-c0-v2,systematic_encode,per_payload_byte,15,17,legacy_high_v1,padded_dyadic_parent,parent_preserving,exact_structural_radix2_dag,32,32,64,64,32,32,17,15,2.0,gf8,gf8,false,false,160,320,160,384,401,64,0,10,64,17,1425,1.0
leopard2-c0-v2,systematic_encode,per_payload_byte,15,17,legacy_high_v1,prefix_pruned_parent,parent_preserving,exact_structural_radix2_dag,32,32,64,64,32,32,17,15,2.0,gf8,gf8,false,false,128,256,128,320,320,64,1,10,64,0,1156,1.232698962
leopard2-c0-v2,systematic_encode,per_payload_byte,15,17,legacy_high_v1,dependency_pruned_parent,parent_preserving,exact_structural_radix2_dag,32,32,64,64,32,32,17,15,2.0,gf8,gf8,false,false,128,256,128,320,320,64,2,10,64,0,1160,1.228448276
leopard2-c0-v2,systematic_encode,per_payload_byte,15,17,legacy_high_v1,recursive_truncated_parent,parent_preserving,exact_arithmetic_lower_bound_scratch,32,32,64,64,32,32,17,15,2.0,gf8,gf8,false,false,128,256,128,320,320,32,10,10,64,0,1192,1.195469799
leopard2-c0-v2,systematic_encode,per_payload_byte,15,17,legacy_high_v1,binary_dyadic_exact,new_exact_profile,heuristic_optimistic_cross_block,32,17,64,32,32,32,17,15,2.0,gf8,gf8,false,false,64,162,98,245,211,17,2,10,49,0,822,1.733576642
leopard2-c0-v2,systematic_encode,per_payload_byte,15,17,legacy_high_v1,full_block_tail_exact,new_exact_profile,heuristic_conservative_dense_join,32,17,64,32,32,32,17,15,2.0,gf8,gf8,false,false,64,160,98,243,211,17,4,12,49,0,826,1.725181598
leopard2-c0-v2,systematic_encode,per_payload_byte,15,17,legacy_high_v1,direct_matrix_exact,new_exact_profile,exact_dense_generator_arithmetic,32,17,64,32,32,32,17,15,2.0,gf8,gf8,false,false,0,238,255,255,17,1,0,1,0,0,1020,1.397058824
leopard2-c0-v2,systematic_encode,per_payload_byte,15,17,legacy_high_v1,subproduct_tree_exact,new_exact_profile,asymptotic_generic_polynomial_proxy,32,17,64,32,32,32,17,15,2.0,gf8,gf8,false,false,2400,2400,2400,4800,2400,128,5,15,0,0,14420,0.098821082
leopard2-c0-v2,systematic_encode,per_payload_byte,15,17,low_v1,padded_dyadic_parent,parent_preserving,exact_structural_radix2_dag,16,16,64,64,32,32,1,31,2.0,gf8,gf8,false,false,96,192,96,256,257,32,0,12,64,1,897,1.0
leopard2-c0-v2,systematic_encode,per_payload_byte,15,17,low_v1,prefix_pruned_parent,parent_preserving,exact_structural_radix2_dag,16,16,64,64,32,32,1,31,2.0,gf8,gf8,false,false,96,192,96,256,256,32,1,12,64,0,900,0.996666667
leopard2-c0-v2,systematic_encode,per_payload_byte,15,17,low_v1,dependency_pruned_parent,parent_preserving,exact_structural_radix2_dag,16,16,64,64,32,32,1,31,2.0,gf8,gf8,false,false,79,158,79,222,222,32,2,12,64,0,768,1.16796875
leopard2-c0-v2,systematic_encode,per_payload_byte,15,17,low_v1,recursive_truncated_parent,parent_preserving,exact_arithmetic_lower_bound_scratch,16,16,64,64,32,32,1,31,2.0,gf8,gf8,false,false,79,158,79,222,222,16,8,12,64,0,792,1.132575758
leopard2-c0-v2,systematic_encode,per_payload_byte,15,17,low_v1,binary_dyadic_exact,new_exact_profile,heuristic_optimistic_cross_block,16,15,64,32,32,32,1,31,2.0,gf8,gf8,false,false,51,237,186,434,299,15,9,27,62,0,1378,0.650943396
leopard2-c0-v2,systematic_encode,per_payload_byte,15,17,low_v1,full_block_tail_exact,new_exact_profile,heuristic_conservative_dense_join,16,15,64,32,32,32,1,31,2.0,gf8,gf8,false,false,36,366,351,743,323,15,6,15,62,0,2158,0.415662651
leopard2-c0-v2,systematic_encode,per_payload_byte,15,17,low_v1,direct_matrix_exact,new_exact_profile,exact_dense_generator_arithmetic,16,15,64,32,32,32,1,31,2.0,gf8,gf8,false,false,0,238,255,255,17,1,0,1,0,0,1020,0.879411765
leopard2-c0-v2,systematic_encode,per_payload_byte,15,17,low_v1,subproduct_tree_exact,new_exact_profile,asymptotic_generic_polynomial_proxy,16,15,64,32,32,32,1,31,2.0,gf8,gf8,false,false,2400,2400,2400,4800,2400,128,5,15,0,0,14420,0.06220527
leopard2-c0-v2,systematic_encode,per_payload_byte,15,31,legacy_high_v1,padded_dyadic_parent,parent_preserving,exact_structural_radix2_dag,32,32,64,64,46,18,17,1,1.391304348,gf8,gf8,false,false,160,320,160,398,415,64,0,10,78,17,1453,1.0
leopard2-c0-v2,systematic_encode,per_payload_byte,15,31,legacy_high_v1,prefix_pruned_parent,parent_preserving,exact_structural_radix2_dag,32,32,64,64,46,18,17,1,1.391304348,gf8,gf8,false,false,128,256,128,334,334,64,1,10,78,0,1184,1.227195946
leopard2-c0-v2,systematic_encode,per_payload_byte,15,31,legacy_high_v1,dependency_pruned_parent,parent_preserving,exact_structural_radix2_dag,32,32,64,64,46,18,17,1,1.391304348,gf8,gf8,false,false,128,256,128,334,334,64,2,10,78,0,1188,1.223063973
leopard2-c0-v2,systematic_encode,per_payload_byte,15,31,legacy_high_v1,recursive_truncated_parent,parent_preserving,exact_arithmetic_lower_bound_scratch,32,32,64,64,46,18,17,1,1.391304348,gf8,gf8,false,false,128,256,128,334,334,32,10,10,78,0,1220,1.190983607
leopard2-c0-v2,systematic_encode,per_payload_byte,15,31,legacy_high_v1,binary_dyadic_exact,new_exact_profile,heuristic_optimistic_cross_block,32,31,64,46,46,18,17,1,1.391304348,gf8,gf8,false,false,98,444,346,769,521,31,8,28,77,0,2458,0.591131001
leopard2-c0-v2,systematic_encode,per_payload_byte,15,31,legacy_high_v1,full_block_tail_exact,new_exact_profile,heuristic_conservative_dense_join,32,31,64,46,46,18,17,1,1.391304348,gf8,gf8,false,false,64,1028,994,2035,715,31,4,12,77,0,5782,0.251297129
leopard2-c0-v2,systematic_encode,per_payload_byte,15,31,legacy_high_v1,direct_matrix_exact,new_exact_profile,exact_dense_generator_arithmetic,32,31,64,46,46,18,17,1,1.391304348,gf8,gf8,false,false,0,434,465,465,31,1,0,1,0,0,1860,0.781182796
leopard2-c0-v2,systematic_encode,per_payload_byte,15,31,legacy_high_v1,subproduct_tree_exact,new_exact_profile,asymptotic_generic_polynomial_proxy,32,31,64,46,46,18,17,1,1.391304348,gf8,gf8,false,false,4968,4968,4968,9936,4968,184,6,18,0,0,29832,0.048706087
leopard2-c0-v2,systematic_encode,per_payload_byte,15,31,low_v1,padded_dyadic_parent,parent_preserving,exact_structural_radix2_dag,16,16,64,64,46,18,1,17,1.391304348,gf8,gf8,false,false,96,192,96,270,271,32,0,12,78,1,925,1.0
leopard2-c0-v2,systematic_encode,per_payload_byte,15,31,low_v1,prefix_pruned_parent,parent_preserving,exact_structural_radix2_dag,16,16,64,64,46,18,1,17,1.391304348,gf8,gf8,false,false,96,192,96,270,270,32,1,12,78,0,928,0.996767241
leopard2-c0-v2,systematic_encode,per_payload_byte,15,31,low_v1,dependency_pruned_parent,parent_preserving,exact_structural_radix2_dag,16,16,64,64,46,18,1,17,1.391304348,gf8,gf8,false,false,96,192,96,270,270,32,2,12,78,0,932,0.99248927
leopard2-c0-v2,systematic_encode,per_payload_byte,15,31,low_v1,recursive_truncated_parent,parent_preserving,exact_arithmetic_lower_bound_scratch,16,16,64,64,46,18,1,17,1.391304348,gf8,gf8,false,false,96,192,96,270,270,16,8,12,78,0,956,0.967573222
leopard2-c0-v2,systematic_encode,per_payload_byte,15,31,low_v1,binary_dyadic_exact,new_exact_profile,heuristic_optimistic_cross_block,16,15,64,46,46,18,1,17,1.391304348,gf8,gf8,false,false,68,316,248,587,407,15,12,36,91,0,1854,0.498921251
leopard2-c0-v2,systematic_encode,per_payload_byte,15,31,low_v1,full_block_tail_exact,new_exact_profile,heuristic_conservative_dense_join,16,15,64,46,46,18,1,17,1.391304348,gf8,gf8,false,false,48,488,468,999,439,15,8,20,91,0,2894,0.319626814
leopard2-c0-v2,systematic_encode,per_payload_byte,15,31,low_v1,direct_matrix_exact,new_exact_profile,exact_dense_generator_arithmetic,16,15,64,46,46,18,1,17,1.391304348,gf8,gf8,false,false,0,434,465,465,31,1,0,1,0,0,1860,0.497311828
leopard2-c0-v2,systematic_encode,per_payload_byte,15,31,low_v1,subproduct_tree_exact,new_exact_profile,asymptotic_generic_polynomial_proxy,16,15,64,46,46,18,1,17,1.391304348,gf8,gf8,false,false,4968,4968,4968,9936,4968,184,6,18,0,0,29832,0.031006972
leopard2-c0-v2,systematic_encode,per_payload_byte,15,33,legacy_high_v1,padded_dyadic_parent,parent_preserving,exact_structural_radix2_dag,64,64,128,128,48,80,49,31,2.666666667,gf8,gf8,false,false,384,768,384,880,929,128,0,12,112,49,3345,1.0
leopard2-c0-v2,systematic_encode,per_payload_byte,15,33,legacy_high_v1,prefix_pruned_parent,parent_preserving,exact_structural_radix2_dag,64,64,128,128,48,80,49,31,2.666666667,gf8,gf8,false,false,272,544,272,656,656,128,1,12,112,0,2404,1.391430948
leopard2-c0-v2,systematic_encode,per_payload_byte,15,33,legacy_high_v1,dependency_pruned_parent,parent_preserving,exact_structural_radix2_dag,64,64,128,128,48,80,49,31,2.666666667,gf8,gf8,false,false,272,544,272,656,656,128,2,12,112,0,2408,1.389119601
leopard2-c0-v2,systematic_encode,per_payload_byte,15,33,legacy_high_v1,recursive_truncated_parent,parent_preserving,exact_arithmetic_lower_bound_scratch,64,64,128,128,48,80,49,31,2.666666667,gf8,gf8,false,false,272,544,272,656,656,64,12,12,112,0,2448,1.366421569
leopard2-c0-v2,systematic_encode,per_payload_byte,15,33,legacy_high_v1,binary_dyadic_exact,new_exact_profile,heuristic_optimistic_cross_block,64,33,128,48,48,80,49,31,2.666666667,gf8,gf8,false,false,160,386,226,533,467,33,2,12,81,0,1846,1.812026002
leopard2-c0-v2,systematic_encode,per_payload_byte,15,33,legacy_high_v1,full_block_tail_exact,new_exact_profile,heuristic_conservative_dense_join,64,33,128,48,48,80,49,31,2.666666667,gf8,gf8,false,false,160,384,226,531,467,33,4,14,81,0,1850,1.808108108
leopard2-c0-v2,systematic_encode,per_payload_byte,15,33,legacy_high_v1,direct_matrix_exact,new_exact_profile,exact_dense_generator_arithmetic,64,33,128,48,48,80,49,31,2.666666667,gf8,gf8,false,false,0,462,495,495,33,1,0,1,0,0,1980,1.689393939
leopard2-c0-v2,systematic_encode,per_payload_byte,15,33,legacy_high_v1,subproduct_tree_exact,new_exact_profile,asymptotic_generic_polynomial_proxy,64,33,128,48,48,80,49,31,2.666666667,gf8,gf8,false,false,5184,5184,5184,10368,5184,192,6,18,0,0,31128,0.107459522
leopard2-c0-v2,systematic_encode,per_payload_byte,15,33,low_v1,padded_dyadic_parent,parent_preserving,exact_structural_radix2_dag,16,16,64,64,48,16,1,15,1.333333333,gf8,gf8,false,false,128,256,128,352,353,32,0,16,96,1,1217,1.0
leopard2-c0-v2,systematic_encode,per_payload_byte,15,33,low_v1,prefix_pruned_parent,parent_preserving,exact_structural_radix2_dag,16,16,64,64,48,16,1,15,1.333333333,gf8,gf8,false,false,128,256,128,352,352,32,1,16,96,0,1220,0.997540984
leopard2-c0-v2,systematic_encode,per_payload_byte,15,33,low_v1,dependency_pruned_parent,parent_preserving,exact_structural_radix2_dag,16,16,64,64,48,16,1,15,1.333333333,gf8,gf8,false,false,111,222,111,318,318,32,2,16,96,0,1088,1.118566176
leopard2-c0-v2,systematic_encode,per_payload_byte,15,33,low_v1,recursive_truncated_parent,parent_preserving,exact_arithmetic_lower_bound_scratch,16,16,64,64,48,16,1,15,1.333333333,gf8,gf8,false,false,111,222,111,318,318,16,8,16,96,0,1112,1.09442446
leopard2-c0-v2,systematic_encode,per_payload_byte,15,33,low_v1,binary_dyadic_exact,new_exact_profile,heuristic_optimistic_cross_block,16,15,64,48,48,16,1,15,1.333333333,gf8,gf8,false,false,68,316,248,589,409,15,12,36,93,0,1858,0.655005382
leopard2-c0-v2,systematic_encode,per_payload_byte,15,33,low_v1,full_block_tail_exact,new_exact_profile,heuristic_conservative_dense_join,16,15,64,48,48,16,1,15,1.333333333,gf8,gf8,false,false,48,488,468,1001,441,15,8,20,93,0,2898,0.41994479
leopard2-c0-v2,systematic_encode,per_payload_byte,15,33,low_v1,direct_matrix_exact,new_exact_profile,exact_dense_generator_arithmetic,16,15,64,48,48,16,1,15,1.333333333,gf8,gf8,false,false,0,462,495,495,33,1,0,1,0,0,1980,0.614646465
leopard2-c0-v2,systematic_encode,per_payload_byte,15,33,low_v1,subproduct_tree_exact,new_exact_profile,asymptotic_generic_polynomial_proxy,16,15,64,48,48,16,1,15,1.333333333,gf8,gf8,false,false,5184,5184,5184,10368,5184,192,6,18,0,0,31128,0.039096633
leopard2-c0-v2,systematic_encode,per_payload_byte,15,63,legacy_high_v1,padded_dyadic_parent,parent_preserving,exact_structural_radix2_dag,64,64,128,128,78,50,49,1,1.641025641,gf8,gf8,false,false,384,768,384,910,959,128,0,12,142,49,3405,1.0
leopard2-c0-v2,systematic_encode,per_payload_byte,15,63,legacy_high_v1,prefix_pruned_parent,parent_preserving,exact_structural_radix2_dag,64,64,128,128,78,50,49,1,1.641025641,gf8,gf8,false,false,272,544,272,686,686,128,1,12,142,0,2464,1.381899351
leopard2-c0-v2,systematic_encode,per_payload_byte,15,63,legacy_high_v1,dependency_pruned_parent,parent_preserving,exact_structural_radix2_dag,64,64,128,128,78,50,49,1,1.641025641,gf8,gf8,false,false,272,544,272,686,686,128,2,12,142,0,2468,1.379659643
leopard2-c0-v2,systematic_encode,per_payload_byte,15,63,legacy_high_v1,recursive_truncated_parent,parent_preserving,exact_arithmetic_lower_bound_scratch,64,64,128,128,78,50,49,1,1.641025641,gf8,gf8,false,false,272,544,272,686,686,64,12,12,142,0,2508,1.357655502
leopard2-c0-v2,systematic_encode,per_payload_byte,15,63,legacy_high_v1,binary_dyadic_exact,new_exact_profile,heuristic_optimistic_cross_block,64,63,128,78,78,50,49,1,1.641025641,gf8,gf8,false,false,258,1146,888,1917,1287,63,10,40,141,0,6166,0.552221862
leopard2-c0-v2,systematic_encode,per_payload_byte,15,63,legacy_high_v1,full_block_tail_exact,new_exact_profile,heuristic_conservative_dense_join,64,63,128,78,78,50,49,1,1.641025641,gf8,gf8,false,false,160,4164,4066,8211,2507,63,4,14,141,0,23030,0.14785063
leopard2-c0-v2,systematic_encode,per_payload_byte,15,63,legacy_high_v1,direct_matrix_exact,new_exact_profile,exact_dense_generator_arithmetic,64,63,128,78,78,50,49,1,1.641025641,gf8,gf8,false,false,0,882,945,945,63,1,0,1,0,0,3780,0.900793651
leopard2-c0-v2,systematic_encode,per_payload_byte,15,63,legacy_high_v1,subproduct_tree_exact,new_exact_profile,asymptotic_generic_polynomial_proxy,64,63,128,78,78,50,49,1,1.641025641,gf8,gf8,false,false,11466,11466,11466,22932,11466,312,7,21,0,0,68824,0.049474021
leopard2-c0-v2,systematic_encode,per_payload_byte,15,63,low_v1,padded_dyadic_parent,parent_preserving,exact_structural_radix2_dag,16,16,128,128,78,50,1,49,1.641025641,gf8,gf8,false,false,160,320,160,462,463,32,0,20,142,1,1565,1.0
leopard2-c0-v2,systematic_encode,per_payload_byte,15,63,low_v1,prefix_pruned_parent,parent_preserving,exact_structural_radix2_dag,16,16,128,128,78,50,1,49,1.641025641,gf8,gf8,false,false,160,320,160,462,462,32,1,20,142,0,1568,0.998086735
leopard2-c0-v2,systematic_encode,per_payload_byte,15,63,low_v1,dependency_pruned_parent,parent_preserving,exact_structural_radix2_dag,16,16,128,128,78,50,1,49,1.641025641,gf8,gf8,false,false,160,320,160,462,462,32,2,20,142,0,1572,0.995547074
leopard2-c0-v2,systematic_encode,per_payload_byte,15,63,low_v1,recursive_truncated_parent,parent_preserving,exact_arithmetic_lower_bound_scratch,16,16,128,128,78,50,1,49,1.641025641,gf8,gf8,false,false,160,320,160,462,462,16,8,20,142,0,1596,0.980576441
leopard2-c0-v2,systematic_encode,per_payload_byte,15,63,low_v1,binary_dyadic_exact,new_exact_profile,heuristic_optimistic_cross_block,16,15,128,78,78,50,1,49,1.641025641,gf8,gf8,false,false,102,474,372,897,627,15,18,54,153,0,2814,0.556147832
leopard2-c0-v2,systematic_encode,per_payload_byte,15,63,low_v1,full_block_tail_exact,new_exact_profile,heuristic_conservative_dense_join,16,15,128,78,78,50,1,49,1.641025641,gf8,gf8,false,false,72,732,702,1515,675,15,12,30,153,0,4374,0.357796068
leopard2-c0-v2,systematic_encode,per_payload_byte,15,63,low_v1,direct_matrix_exact,new_exact_profile,exact_dense_generator_arithmetic,16,15,128,78,78,50,1,49,1.641025641,gf8,gf8,false,false,0,882,945,945,63,1,0,1,0,0,3780,0.414021164
leopard2-c0-v2,systematic_encode,per_payload_byte,15,63,low_v1,subproduct_tree_exact,new_exact_profile,asymptotic_generic_polynomial_proxy,16,15,128,78,78,50,1,49,1.641025641,gf8,gf8,false,false,11466,11466,11466,22932,11466,312,7,21,0,0,68824,0.022739161
leopard2-c0-v2,systematic_encode,per_payload_byte,15,65,legacy_high_v1,padded_dyadic_parent,parent_preserving,exact_structural_radix2_dag,128,128,256,256,80,176,113,63,3.2,gf8,gf8,false,false,896,1792,896,2000,2113,256,0,14,208,113,7697,1.0
leopard2-c0-v2,systematic_encode,per_payload_byte,15,65,legacy_high_v1,prefix_pruned_parent,parent_preserving,exact_structural_radix2_dag,128,128,256,256,80,176,113,63,3.2,gf8,gf8,false,false,592,1184,592,1392,1392,256,1,14,208,0,5156,1.492823894
leopard2-c0-v2,systematic_encode,per_payload_byte,15,65,legacy_high_v1,dependency_pruned_parent,parent_preserving,exact_structural_radix2_dag,128,128,256,256,80,176,113,63,3.2,gf8,gf8,false,false,592,1184,592,1392,1392,256,2,14,208,0,5160,1.491666667
leopard2-c0-v2,systematic_encode,per_payload_byte,15,65,legacy_high_v1,recursive_truncated_parent,parent_preserving,exact_arithmetic_lower_bound_scratch,128,128,256,256,80,176,113,63,3.2,gf8,gf8,false,false,592,1184,592,1392,1392,128,14,14,208,0,5208,1.477918587
leopard2-c0-v2,systematic_encode,per_payload_byte,15,65,legacy_high_v1,binary_dyadic_exact,new_exact_profile,heuristic_optimistic_cross_block,128,65,256,80,80,176,113,63,3.2,gf8,gf8,false,false,384,898,514,1173,1043,65,2,14,145,0,4150,1.854698795
leopard2-c0-v2,systematic_encode,per_payload_byte,15,65,legacy_high_v1,full_block_tail_exact,new_exact_profile,heuristic_conservative_dense_join,128,65,256,80,80,176,113,63,3.2,gf8,gf8,false,false,384,896,514,1171,1043,65,4,16,145,0,4154,1.852912855
leopard2-c0-v2,systematic_encode,per_payload_byte,15,65,legacy_high_v1,direct_matrix_exact,new_exact_profile,exact_dense_generator_arithmetic,128,65,256,80,80,176,113,63,3.2,gf8,gf8,false,false,0,910,975,975,65,1,0,1,0,0,3900,1.973589744
leopard2-c0-v2,systematic_encode,per_payload_byte,15,65,legacy_high_v1,subproduct_tree_exact,new_exact_profile,asymptotic_generic_polynomial_proxy,128,65,256,80,80,176,113,63,3.2,gf8,gf8,false,false,11760,11760,11760,23520,11760,320,7,21,0,0,70588,0.109041197
leopard2-c0-v2,systematic_encode,per_payload_byte,15,65,low_v1,padded_dyadic_parent,parent_preserving,exact_structural_radix2_dag,16,16,128,128,80,48,1,47,1.6,gf8,gf8,false,false,192,384,192,544,545,32,0,24,160,1,1857,1.0
leopard2-c0-v2,systematic_encode,per_payload_byte,15,65,low_v1,prefix_pruned_parent,parent_preserving,exact_structural_radix2_dag,16,16,128,128,80,48,1,47,1.6,gf8,gf8,false,false,192,384,192,544,544,32,1,24,160,0,1860,0.998387097
leopard2-c0-v2,systematic_encode,per_payload_byte,15,65,low_v1,dependency_pruned_parent,parent_preserving,exact_structural_radix2_dag,16,16,128,128,80,48,1,47,1.6,gf8,gf8,false,false,175,350,175,510,510,32,2,24,160,0,1728,1.074652778
leopard2-c0-v2,systematic_encode,per_payload_byte,15,65,low_v1,recursive_truncated_parent,parent_preserving,exact_arithmetic_lower_bound_scratch,16,16,128,128,80,48,1,47,1.6,gf8,gf8,false,false,175,350,175,510,510,16,8,24,160,0,1752,1.059931507
leopard2-c0-v2,systematic_encode,per_payload_byte,15,65,low_v1,binary_dyadic_exact,new_exact_profile,heuristic_optimistic_cross_block,16,15,128,80,80,48,1,47,1.6,gf8,gf8,false,false,102,474,372,899,629,15,18,54,155,0,2818,0.658977999
leopard2-c0-v2,systematic_encode,per_payload_byte,15,65,low_v1,full_block_tail_exact,new_exact_profile,heuristic_conservative_dense_join,16,15,128,80,80,48,1,47,1.6,gf8,gf8,false,false,72,732,702,1517,677,15,12,30,155,0,4378,0.424166286
leopard2-c0-v2,systematic_encode,per_payload_byte,15,65,low_v1,direct_matrix_exact,new_exact_profile,exact_dense_generator_arithmetic,16,15,128,80,80,48,1,47,1.6,gf8,gf8,false,false,0,910,975,975,65,1,0,1,0,0,3900,0.476153846
leopard2-c0-v2,systematic_encode,per_payload_byte,15,65,low_v1,subproduct_tree_exact,new_exact_profile,asymptotic_generic_polynomial_proxy,16,15,128,80,80,48,1,47,1.6,gf8,gf8,false,false,11760,11760,11760,23520,11760,320,7,21,0,0,70588,0.026307588
leopard2-c0-v2,systematic_encode,per_payload_byte,15,127,legacy_high_v1,padded_dyadic_parent,parent_preserving,exact_structural_radix2_dag,128,128,256,256,142,114,113,1,1.802816901,gf8,gf8,false,false,896,1792,896,2062,2175,256,0,14,270,113,7821,1.0
leopard2-c0-v2,systematic_encode,per_payload_byte,15,127,legacy_high_v1,prefix_pruned_parent,parent_preserving,exact_structural_radix2_dag,128,128,256,256,142,114,113,1,1.802816901,gf8,gf8,false,false,592,1184,592,1454,1454,256,1,14,270,0,5280,1.48125
leopard2-c0-v2,systematic_encode,per_payload_byte,15,127,legacy_high_v1,dependency_pruned_parent,parent_preserving,exact_structural_radix2_dag,128,128,256,256,142,114,113,1,1.802816901,gf8,gf8,false,false,592,1184,592,1454,1454,256,2,14,270,0,5284,1.48012869
leopard2-c0-v2,systematic_encode,per_payload_byte,15,127,legacy_high_v1,recursive_truncated_parent,parent_preserving,exact_arithmetic_lower_bound_scratch,128,128,256,256,142,114,113,1,1.802816901,gf8,gf8,false,false,592,1184,592,1454,1454,128,14,14,270,0,5332,1.466804201
leopard2-c0-v2,systematic_encode,per_payload_byte,15,127,legacy_high_v1,binary_dyadic_exact,new_exact_profile,heuristic_optimistic_cross_block,128,127,256,142,142,114,113,1,1.802816901,gf8,gf8,false,false,642,2808,2166,4601,3077,127,12,54,269,0,14866,0.526099825
leopard2-c0-v2,systematic_encode,per_payload_byte,15,127,legacy_high_v1,full_block_tail_exact,new_exact_profile,heuristic_conservative_dense_join,128,127,256,142,142,114,113,1,1.802816901,gf8,gf8,false,false,384,16644,16386,32915,9227,127,4,16,269,0,91574,0.085406338
leopard2-c0-v2,systematic_encode,per_payload_byte,15,127,legacy_high_v1,direct_matrix_exact,new_exact_profile,exact_dense_generator_arithmetic,128,127,256,142,142,114,113,1,1.802816901,gf8,gf8,false,false,0,1778,1905,1905,127,1,0,1,0,0,7620,1.026377953
leopard2-c0-v2,systematic_encode,per_payload_byte,15,127,legacy_high_v1,subproduct_tree_exact,new_exact_profile,asymptotic_generic_polynomial_proxy,128,127,256,142,142,114,113,1,1.802816901,gf8,gf8,false,false,27264,27264,27264,54528,27264,568,8,24,0,0,163616,0.047800949
leopard2-c0-v2,systematic_encode,per_payload_byte,15,127,low_v1,padded_dyadic_parent,parent_preserving,exact_structural_radix2_dag,16,16,256,256,142,114,1,113,1.802816901,gf8,gf8,false,false,288,576,288,846,847,32,0,36,270,1,2845,1.0
leopard2-c0-v2,systematic_encode,per_payload_byte,15,127,low_v1,prefix_pruned_parent,parent_preserving,exact_structural_radix2_dag,16,16,256,256,142,114,1,113,1.802816901,gf8,gf8,false,false,288,576,288,846,846,32,1,36,270,0,2848,0.998946629
leopard2-c0-v2,systematic_encode,per_payload_byte,15,127,low_v1,dependency_pruned_parent,parent_preserving,exact_structural_radix2_dag,16,16,256,256,142,114,1,113,1.802816901,gf8,gf8,false,false,288,576,288,846,846,32,2,36,270,0,2852,0.997545582
leopard2-c0-v2,systematic_encode,per_payload_byte,15,127,low_v1,recursive_truncated_parent,parent_preserving,exact_arithmetic_lower_bound_scratch,16,16,256,256,142,114,1,113,1.802816901,gf8,gf8,false,false,288,576,288,846,846,16,8,36,270,0,2876,0.98922114
leopard2-c0-v2,systematic_encode,per_payload_byte,15,127,low_v1,binary_dyadic_exact,new_exact_profile,heuristic_optimistic_cross_block,16,15,256,142,142,114,1,113,1.802816901,gf8,gf8,false,false,170,790,620,1517,1067,15,30,90,277,0,4734,0.600971694
leopard2-c0-v2,systematic_encode,per_payload_byte,15,127,low_v1,full_block_tail_exact,new_exact_profile,heuristic_conservative_dense_join,16,15,256,142,142,114,1,113,1.802816901,gf8,gf8,false,false,120,1220,1170,2547,1147,15,20,50,277,0,7334,0.38791928
leopard2-c0-v2,systematic_encode,per_payload_byte,15,127,low_v1,direct_matrix_exact,new_exact_profile,exact_dense_generator_arithmetic,16,15,256,142,142,114,1,113,1.802816901,gf8,gf8,false,false,0,1778,1905,1905,127,1,0,1,0,0,7620,0.37335958
leopard2-c0-v2,systematic_encode,per_payload_byte,15,127,low_v1,subproduct_tree_exact,new_exact_profile,asymptotic_generic_polynomial_proxy,16,15,256,142,142,114,1,113,1.802816901,gf8,gf8,false,false,27264,27264,27264,54528,27264,568,8,24,0,0,163616,0.017388275
leopard2-c0-v2,systematic_encode,per_payload_byte,15,129,legacy_high_v1,padded_dyadic_parent,parent_preserving,exact_structural_radix2_dag,256,256,512,512,144,368,241,127,3.555555556,gf16,gf16,true,false,2048,4096,2048,4496,4737,512,0,16,400,241,17425,1.0
leopard2-c0-v2,systematic_encode,per_payload_byte,15,129,legacy_high_v1,prefix_pruned_parent,parent_preserving,exact_structural_radix2_dag,256,256,512,512,144,368,241,127,3.555555556,gf16,gf16,true,false,1296,2592,1296,2992,2992,512,1,16,400,0,11172,1.559702828
leopard2-c0-v2,systematic_encode,per_payload_byte,15,129,legacy_high_v1,dependency_pruned_parent,parent_preserving,exact_structural_radix2_dag,256,256,512,512,144,368,241,127,3.555555556,gf16,gf16,true,false,1296,2592,1296,2992,2992,512,2,16,400,0,11176,1.559144596
leopard2-c0-v2,systematic_encode,per_payload_byte,15,129,legacy_high_v1,recursive_truncated_parent,parent_preserving,exact_arithmetic_lower_bound_scratch,256,256,512,512,144,368,241,127,3.555555556,gf16,gf16,true,false,1296,2592,1296,2992,2992,256,16,16,400,0,11232,1.551371083
leopard2-c0-v2,systematic_encode,per_payload_byte,15,129,legacy_high_v1,binary_dyadic_exact,new_exact_profile,heuristic_optimistic_cross_block,256,129,512,144,144,368,241,127,3.555555556,gf16,gf8,true,true,896,2050,1154,2581,2323,129,2,16,273,0,9270,1.879719525
leopard2-c0-v2,systematic_encode,per_payload_byte,15,129,legacy_high_v1,full_block_tail_exact,new_exact_profile,heuristic_conservative_dense_join,256,129,512,144,144,368,241,127,3.555555556,gf16,gf8,true,true,896,2048,1154,2579,2323,129,4,18,273,0,9274,1.878908777
leopard2-c0-v2,systematic_encode,per_payload_byte,15,129,legacy_high_v1,direct_matrix_exact,new_exact_profile,exact_dense_generator_arithmetic,256,129,512,144,144,368,241,127,3.555555556,gf16,gf8,true,true,0,1806,1935,1935,129,1,0,1,0,0,7740,2.25129199
leopard2-c0-v2,systematic_encode,per_payload_byte,15,129,legacy_high_v1,subproduct_tree_exact,new_exact_profile,asymptotic_generic_polynomial_proxy,256,129,512,144,144,368,241,127,3.555555556,gf16,gf8,true,true,27648,27648,27648,55296,27648,576,8,24,0,0,165920,0.105020492
leopard2-c0-v2,systematic_encode,per_payload_byte,15,129,low_v1,padded_dyadic_parent,parent_preserving,exact_structural_radix2_dag,16,16,256,256,144,112,1,111,1.777777778,gf8,gf8,false,false,320,640,320,928,929,32,0,40,288,1,3137,1.0
leopard2-c0-v2,systematic_encode,per_payload_byte,15,129,low_v1,prefix_pruned_parent,parent_preserving,exact_structural_radix2_dag,16,16,256,256,144,112,1,111,1.777777778,gf8,gf8,false,false,320,640,320,928,928,32,1,40,288,0,3140,0.999044586
leopard2-c0-v2,systematic_encode,per_payload_byte,15,129,low_v1,dependency_pruned_parent,parent_preserving,exact_structural_radix2_dag,16,16,256,256,144,112,1,111,1.777777778,gf8,gf8,false,false,303,606,303,894,894,32,2,40,288,0,3008,1.042885638
leopard2-c0-v2,systematic_encode,per_payload_byte,15,129,low_v1,recursive_truncated_parent,parent_preserving,exact_arithmetic_lower_bound_scratch,16,16,256,256,144,112,1,111,1.777777778,gf8,gf8,false,false,303,606,303,894,894,16,8,40,288,0,3032,1.034630607
leopard2-c0-v2,systematic_encode,per_payload_byte,15,129,low_v1,binary_dyadic_exact,new_exact_profile,heuristic_optimistic_cross_block,16,15,256,144,144,112,1,111,1.777777778,gf8,gf8,false,false,170,790,620,1519,1069,15,30,90,279,0,4738,0.66209371
leopard2-c0-v2,systematic_encode,per_payload_byte,15,129,low_v1,full_block_tail_exact,new_exact_profile,heuristic_conservative_dense_join,16,15,256,144,144,112,1,111,1.777777778,gf8,gf8,false,false,120,1220,1170,2549,1149,15,20,50,279,0,7338,0.427500681
leopard2-c0-v2,systematic_encode,per_payload_byte,15,129,low_v1,direct_matrix_exact,new_exact_profile,exact_dense_generator_arithmetic,16,15,256,144,144,112,1,111,1.777777778,gf8,gf8,false,false,0,1806,1935,1935,129,1,0,1,0,0,7740,0.405297158
leopard2-c0-v2,systematic_encode,per_payload_byte,15,129,low_v1,subproduct_tree_exact,new_exact_profile,asymptotic_generic_polynomial_proxy,16,15,256,144,144,112,1,111,1.777777778,gf8,gf8,false,false,27648,27648,27648,55296,27648,576,8,24,0,0,165920,0.018906702
leopard2-c0-v2,systematic_encode,per_payload_byte,15,255,legacy_high_v1,padded_dyadic_parent,parent_preserving,exact_structural_radix2_dag,256,256,512,512,270,242,241,1,1.896296296,gf16,gf16,false,false,2048,4096,2048,4622,4863,512,0,16,526,241,17677,1.0
leopard2-c0-v2,systematic_encode,per_payload_byte,15,255,legacy_high_v1,prefix_pruned_parent,parent_preserving,exact_structural_radix2_dag,256,256,512,512,270,242,241,1,1.896296296,gf16,gf16,false,false,1296,2592,1296,3118,3118,512,1,16,526,0,11424,1.547356443
leopard2-c0-v2,systematic_encode,per_payload_byte,15,255,legacy_high_v1,dependency_pruned_parent,parent_preserving,exact_structural_radix2_dag,256,256,512,512,270,242,241,1,1.896296296,gf16,gf16,false,false,1296,2592,1296,3118,3118,512,2,16,526,0,11428,1.546814841
leopard2-c0-v2,systematic_encode,per_payload_byte,15,255,legacy_high_v1,recursive_truncated_parent,parent_preserving,exact_arithmetic_lower_bound_scratch,256,256,512,512,270,242,241,1,1.896296296,gf16,gf16,false,false,1296,2592,1296,3118,3118,256,16,16,526,0,11484,1.539272031
leopard2-c0-v2,systematic_encode,per_payload_byte,15,255,legacy_high_v1,binary_dyadic_exact,new_exact_profile,heuristic_optimistic_cross_block,256,255,512,270,270,242,241,1,1.896296296,gf16,gf16,false,false,1538,6646,5108,10741,7171,255,14,70,525,0,34830,0.507522251
leopard2-c0-v2,systematic_encode,per_payload_byte,15,255,legacy_high_v1,full_block_tail_exact,new_exact_profile,heuristic_conservative_dense_join,256,255,512,270,270,242,241,1,1.896296296,gf16,gf16,false,false,896,66308,65666,131603,35083,255,4,18,525,0,364342,0.048517602
leopard2-c0-v2,systematic_encode,per_payload_byte,15,255,legacy_high_v1,direct_matrix_exact,new_exact_profile,exact_dense_generator_arithmetic,256,255,512,270,270,242,241,1,1.896296296,gf16,gf16,false,false,0,3570,3825,3825,255,1,0,1,0,0,15300,1.155359477
leopard2-c0-v2,systematic_encode,per_payload_byte,15,255,legacy_high_v1,subproduct_tree_exact,new_exact_profile,asymptotic_generic_polynomial_proxy,256,255,512,270,270,242,241,1,1.896296296,gf16,gf16,false,false,65610,65610,65610,131220,65610,1080,9,27,0,0,393696,0.044900126
leopard2-c0-v2,systematic_encode,per_payload_byte,15,255,low_v1,padded_dyadic_parent,parent_preserving,exact_structural_radix2_dag,16,16,512,512,270,242,1,241,1.896296296,gf16,gf16,false,false,544,1088,544,1614,1615,32,0,68,526,1,5405,1.0
leopard2-c0-v2,systematic_encode,per_payload_byte,15,255,low_v1,prefix_pruned_parent,parent_preserving,exact_structural_radix2_dag,16,16,512,512,270,242,1,241,1.896296296,gf16,gf16,false,false,544,1088,544,1614,1614,32,1,68,526,0,5408,0.999445266
leopard2-c0-v2,systematic_encode,per_payload_byte,15,255,low_v1,dependency_pruned_parent,parent_preserving,exact_structural_radix2_dag,16,16,512,512,270,242,1,241,1.896296296,gf16,gf16,false,false,544,1088,544,1614,1614,32,2,68,526,0,5412,0.998706578
leopard2-c0-v2,systematic_encode,per_payload_byte,15,255,low_v1,recursive_truncated_parent,parent_preserving,exact_arithmetic_lower_bound_scratch,16,16,512,512,270,242,1,241,1.896296296,gf16,gf16,false,false,544,1088,544,1614,1614,16,8,68,526,0,5436,0.994297277
leopard2-c0-v2,systematic_encode,per_payload_byte,15,255,low_v1,binary_dyadic_exact,new_exact_profile,heuristic_optimistic_cross_block,16,15,512,270,270,242,1,241,1.896296296,gf16,gf16,false,false,306,1422,1116,2757,1947,15,54,162,525,0,8574,0.630394215
leopard2-c0-v2,systematic_encode,per_payload_byte,15,255,low_v1,full_block_tail_exact,new_exact_profile,heuristic_conservative_dense_join,16,15,512,270,270,242,1,241,1.896296296,gf16,gf16,false,false,216,2196,2106,4611,2091,15,36,90,525,0,13254,0.407801418
leopard2-c0-v2,systematic_encode,per_payload_byte,15,255,low_v1,direct_matrix_exact,new_exact_profile,exact_dense_generator_arithmetic,16,15,512,270,270,242,1,241,1.896296296,gf16,gf16,false,false,0,3570,3825,3825,255,1,0,1,0,0,15300,0.353267974
leopard2-c0-v2,systematic_encode,per_payload_byte,15,255,low_v1,subproduct_tree_exact,new_exact_profile,asymptotic_generic_polynomial_proxy,16,15,512,270,270,242,1,241,1.896296296,gf16,gf16,false,false,65610,65610,65610,131220,65610,1080,9,27,0,0,393696,0.013728867
leopard2-c0-v2,systematic_encode,per_payload_byte,17,3,legacy_high_v1,padded_dyadic_parent,parent_preserving,exact_structural_radix2_dag,4,4,32,32,20,12,11,1,1.6,gf8,gf8,false,false,24,64,24,104,91,8,0,12,24,3,307,1.0
leopard2-c0-v2,systematic_encode,per_payload_byte,17,3,legacy_high_v1,prefix_pruned_parent,parent_preserving,exact_structural_radix2_dag,4,4,32,32,20,12,11,1,1.6,gf8,gf8,false,false,23,62,23,102,86,8,1,12,24,0,300,1.023333333
leopard2-c0-v2,systematic_encode,per_payload_byte,17,3,legacy_high_v1,dependency_pruned_parent,parent_preserving,exact_structural_radix2_dag,4,4,32,32,20,12,11,1,1.6,gf8,gf8,false,false,23,62,23,102,86,8,2,12,24,0,304,1.009868421
leopard2-c0-v2,systematic_encode,per_payload_byte,17,3,legacy_high_v1,recursive_truncated_parent,parent_preserving,exact_arithmetic_lower_bound_scratch,4,4,32,32,20,12,11,1,1.6,gf8,gf8,false,false,23,62,23,102,86,4,4,12,24,0,312,0.983974359
leopard2-c0-v2,systematic_encode,per_payload_byte,17,3,legacy_high_v1,binary_dyadic_exact,new_exact_profile,heuristic_optimistic_cross_block,4,3,32,20,20,12,11,1,1.6,gf8,gf8,false,false,7,50,28,109,73,3,7,14,23,0,316,0.971518987
leopard2-c0-v2,systematic_encode,per_payload_byte,17,3,legacy_high_v1,full_block_tail_exact,new_exact_profile,heuristic_conservative_dense_join,4,3,32,20,20,12,11,1,1.6,gf8,gf8,false,false,7,43,28,102,73,3,14,21,23,0,330,0.93030303
leopard2-c0-v2,systematic_encode,per_payload_byte,17,3,legacy_high_v1,direct_matrix_exact,new_exact_profile,exact_dense_generator_arithmetic,4,3,32,20,20,12,11,1,1.6,gf8,gf8,false,false,0,48,51,51,3,1,0,1,0,0,204,1.504901961
leopard2-c0-v2,systematic_encode,per_payload_byte,17,3,legacy_high_v1,subproduct_tree_exact,new_exact_profile,asymptotic_generic_polynomial_proxy,4,3,32,20,20,12,11,1,1.6,gf8,gf8,false,false,1500,1500,1500,3000,1500,80,5,15,0,0,9020,0.034035477
leopard2-c0-v2,systematic_encode,per_payload_byte,17,3,low_v1,padded_dyadic_parent,parent_preserving,exact_structural_radix2_dag,32,32,64,64,20,44,15,29,3.2,gf8,gf8,false,false,160,320,160,372,387,64,0,10,52,15,1399,1.0
leopard2-c0-v2,systematic_encode,per_payload_byte,17,3,low_v1,prefix_pruned_parent,parent_preserving,exact_structural_radix2_dag,32,32,64,64,20,44,15,29,3.2,gf8,gf8,false,false,143,286,143,338,338,64,1,10,52,0,1252,1.117412141
leopard2-c0-v2,systematic_encode,per_payload_byte,17,3,low_v1,dependency_pruned_parent,parent_preserving,exact_structural_radix2_dag,32,32,64,64,20,44,15,29,3.2,gf8,gf8,false,false,116,232,116,284,284,64,2,10,52,0,1040,1.345192308
leopard2-c0-v2,systematic_encode,per_payload_byte,17,3,low_v1,recursive_truncated_parent,parent_preserving,exact_arithmetic_lower_bound_scratch,32,32,64,64,20,44,15,29,3.2,gf8,gf8,false,false,116,232,116,284,284,32,10,10,52,0,1072,1.305037313
leopard2-c0-v2,systematic_encode,per_payload_byte,17,3,low_v1,binary_dyadic_exact,new_exact_profile,heuristic_optimistic_cross_block,32,17,64,20,20,44,15,29,3.2,gf8,gf8,false,false,64,162,98,233,199,17,2,10,37,0,798,1.753132832
leopard2-c0-v2,systematic_encode,per_payload_byte,17,3,low_v1,full_block_tail_exact,new_exact_profile,heuristic_conservative_dense_join,32,17,64,20,20,44,15,29,3.2,gf8,gf8,false,false,64,160,98,231,199,17,4,12,37,0,802,1.744389027
leopard2-c0-v2,systematic_encode,per_payload_byte,17,3,low_v1,direct_matrix_exact,new_exact_profile,exact_dense_generator_arithmetic,32,17,64,20,20,44,15,29,3.2,gf8,gf8,false,false,0,48,51,51,3,1,0,1,0,0,204,6.857843137
leopard2-c0-v2,systematic_encode,per_payload_byte,17,3,low_v1,subproduct_tree_exact,new_exact_profile,asymptotic_generic_polynomial_proxy,32,17,64,20,20,44,15,29,3.2,gf8,gf8,false,false,1500,1500,1500,3000,1500,80,5,15,0,0,9020,0.155099778
leopard2-c0-v2,systematic_encode,per_payload_byte,17,5,legacy_high_v1,padded_dyadic_parent,parent_preserving,exact_structural_radix2_dag,8,8,32,32,22,10,7,3,1.454545455,gf8,gf8,false,false,48,112,48,158,149,16,0,12,30,7,515,1.0
leopard2-c0-v2,systematic_encode,per_payload_byte,17,5,legacy_high_v1,prefix_pruned_parent,parent_preserving,exact_structural_radix2_dag,8,8,32,32,22,10,7,3,1.454545455,gf8,gf8,false,false,43,102,43,148,132,16,1,12,30,0,472,1.091101695
leopard2-c0-v2,systematic_encode,per_payload_byte,17,5,legacy_high_v1,dependency_pruned_parent,parent_preserving,exact_structural_radix2_dag,8,8,32,32,22,10,7,3,1.454545455,gf8,gf8,false,false,43,102,43,148,132,16,2,12,30,0,476,1.081932773
leopard2-c0-v2,systematic_encode,per_payload_byte,17,5,legacy_high_v1,recursive_truncated_parent,parent_preserving,exact_arithmetic_lower_bound_scratch,8,8,32,32,22,10,7,3,1.454545455,gf8,gf8,false,false,43,102,43,148,132,8,6,12,30,0,492,1.046747967
leopard2-c0-v2,systematic_encode,per_payload_byte,17,5,legacy_high_v1,binary_dyadic_exact,new_exact_profile,heuristic_optimistic_cross_block,8,5,32,22,22,10,7,3,1.454545455,gf8,gf8,false,false,20,80,45,147,107,5,5,15,27,0,444,1.15990991
leopard2-c0-v2,systematic_encode,per_payload_byte,17,5,legacy_high_v1,full_block_tail_exact,new_exact_profile,heuristic_conservative_dense_join,8,5,32,22,22,10,7,3,1.454545455,gf8,gf8,false,false,20,75,45,142,107,5,10,20,27,0,454,1.134361233
leopard2-c0-v2,systematic_encode,per_payload_byte,17,5,legacy_high_v1,direct_matrix_exact,new_exact_profile,exact_dense_generator_arithmetic,8,5,32,22,22,10,7,3,1.454545455,gf8,gf8,false,false,0,80,85,85,5,1,0,1,0,0,340,1.514705882
leopard2-c0-v2,systematic_encode,per_payload_byte,17,5,legacy_high_v1,subproduct_tree_exact,new_exact_profile,asymptotic_generic_polynomial_proxy,8,5,32,22,22,10,7,3,1.454545455,gf8,gf8,false,false,1650,1650,1650,3300,1650,88,5,15,0,0,9920,0.051915323
leopard2-c0-v2,systematic_encode,per_payload_byte,17,5,low_v1,padded_dyadic_parent,parent_preserving,exact_structural_radix2_dag,32,32,64,64,22,42,15,27,2.909090909,gf8,gf8,false,false,160,320,160,374,389,64,0,10,54,15,1403,1.0
leopard2-c0-v2,systematic_encode,per_payload_byte,17,5,low_v1,prefix_pruned_parent,parent_preserving,exact_structural_radix2_dag,32,32,64,64,22,42,15,27,2.909090909,gf8,gf8,false,false,143,286,143,340,340,64,1,10,54,0,1256,1.117038217
leopard2-c0-v2,systematic_encode,per_payload_byte,17,5,low_v1,dependency_pruned_parent,parent_preserving,exact_structural_radix2_dag,32,32,64,64,22,42,15,27,2.909090909,gf8,gf8,false,false,126,252,126,306,306,64,2,10,54,0,1124,1.248220641
leopard2-c0-v2,systematic_encode,per_payload_byte,17,5,low_v1,recursive_truncated_parent,parent_preserving,exact_arithmetic_lower_bound_scratch,32,32,64,64,22,42,15,27,2.909090909,gf8,gf8,false,false,126,252,126,306,306,32,10,10,54,0,1156,1.21366782
leopard2-c0-v2,systematic_encode,per_payload_byte,17,5,low_v1,binary_dyadic_exact,new_exact_profile,heuristic_optimistic_cross_block,32,17,64,22,22,42,15,27,2.909090909,gf8,gf8,false,false,64,162,98,235,201,17,2,10,39,0,802,1.749376559
leopard2-c0-v2,systematic_encode,per_payload_byte,17,5,low_v1,full_block_tail_exact,new_exact_profile,heuristic_conservative_dense_join,32,17,64,22,22,42,15,27,2.909090909,gf8,gf8,false,false,64,160,98,233,201,17,4,12,39,0,806,1.740694789
leopard2-c0-v2,systematic_encode,per_payload_byte,17,5,low_v1,direct_matrix_exact,new_exact_profile,exact_dense_generator_arithmetic,32,17,64,22,22,42,15,27,2.909090909,gf8,gf8,false,false,0,80,85,85,5,1,0,1,0,0,340,4.126470588
leopard2-c0-v2,systematic_encode,per_payload_byte,17,5,low_v1,subproduct_tree_exact,new_exact_profile,asymptotic_generic_polynomial_proxy,32,17,64,22,22,42,15,27,2.909090909,gf8,gf8,false,false,1650,1650,1650,3300,1650,88,5,15,0,0,9920,0.141431452
leopard2-c0-v2,systematic_encode,per_payload_byte,17,7,legacy_high_v1,padded_dyadic_parent,parent_preserving,exact_structural_radix2_dag,8,8,32,32,24,8,7,1,1.333333333,gf8,gf8,false,false,48,112,48,160,151,16,0,12,32,7,519,1.0
leopard2-c0-v2,systematic_encode,per_payload_byte,17,7,legacy_high_v1,prefix_pruned_parent,parent_preserving,exact_structural_radix2_dag,8,8,32,32,24,8,7,1,1.333333333,gf8,gf8,false,false,43,102,43,150,134,16,1,12,32,0,476,1.090336134
leopard2-c0-v2,systematic_encode,per_payload_byte,17,7,legacy_high_v1,dependency_pruned_parent,parent_preserving,exact_structural_radix2_dag,8,8,32,32,24,8,7,1,1.333333333,gf8,gf8,false,false,43,102,43,150,134,16,2,12,32,0,480,1.08125
leopard2-c0-v2,systematic_encode,per_payload_byte,17,7,legacy_high_v1,recursive_truncated_parent,parent_preserving,exact_arithmetic_lower_bound_scratch,8,8,32,32,24,8,7,1,1.333333333,gf8,gf8,false,false,43,102,43,150,134,8,6,12,32,0,496,1.046370968
leopard2-c0-v2,systematic_encode,per_payload_byte,17,7,legacy_high_v1,binary_dyadic_exact,new_exact_profile,heuristic_optimistic_cross_block,8,7,32,24,24,8,7,1,1.333333333,gf8,gf8,false,false,20,110,76,211,141,7,8,20,31,0,646,0.803405573
leopard2-c0-v2,systematic_encode,per_payload_byte,17,7,legacy_high_v1,full_block_tail_exact,new_exact_profile,heuristic_conservative_dense_join,8,7,32,24,24,8,7,1,1.333333333,gf8,gf8,false,false,16,118,100,247,137,7,8,16,31,0,734,0.707084469
leopard2-c0-v2,systematic_encode,per_payload_byte,17,7,legacy_high_v1,direct_matrix_exact,new_exact_profile,exact_dense_generator_arithmetic,8,7,32,24,24,8,7,1,1.333333333,gf8,gf8,false,false,0,112,119,119,7,1,0,1,0,0,476,1.090336134
leopard2-c0-v2,systematic_encode,per_payload_byte,17,7,legacy_high_v1,subproduct_tree_exact,new_exact_profile,asymptotic_generic_polynomial_proxy,8,7,32,24,24,8,7,1,1.333333333,gf8,gf8,false,false,1800,1800,1800,3600,1800,96,5,15,0,0,10820,0.047966728
leopard2-c0-v2,systematic_encode,per_payload_byte,17,7,low_v1,padded_dyadic_parent,parent_preserving,exact_structural_radix2_dag,32,32,64,64,24,40,15,25,2.666666667,gf8,gf8,false,false,160,320,160,376,391,64,0,10,56,15,1407,1.0
leopard2-c0-v2,systematic_encode,per_payload_byte,17,7,low_v1,prefix_pruned_parent,parent_preserving,exact_structural_radix2_dag,32,32,64,64,24,40,15,25,2.666666667,gf8,gf8,false,false,143,286,143,342,342,64,1,10,56,0,1260,1.116666667
leopard2-c0-v2,systematic_encode,per_payload_byte,17,7,low_v1,dependency_pruned_parent,parent_preserving,exact_structural_radix2_dag,32,32,64,64,24,40,15,25,2.666666667,gf8,gf8,false,false,132,264,132,320,320,64,2,10,56,0,1176,1.196428571
leopard2-c0-v2,systematic_encode,per_payload_byte,17,7,low_v1,recursive_truncated_parent,parent_preserving,exact_arithmetic_lower_bound_scratch,32,32,64,64,24,40,15,25,2.666666667,gf8,gf8,false,false,132,264,132,320,320,32,10,10,56,0,1208,1.164735099
leopard2-c0-v2,systematic_encode,per_payload_byte,17,7,low_v1,binary_dyadic_exact,new_exact_profile,heuristic_optimistic_cross_block,32,17,64,24,24,40,15,25,2.666666667,gf8,gf8,false,false,64,162,98,237,203,17,2,10,41,0,806,1.745657568
leopard2-c0-v2,systematic_encode,per_payload_byte,17,7,low_v1,full_block_tail_exact,new_exact_profile,heuristic_conservative_dense_join,32,17,64,24,24,40,15,25,2.666666667,gf8,gf8,false,false,64,160,98,235,203,17,4,12,41,0,810,1.737037037
leopard2-c0-v2,systematic_encode,per_payload_byte,17,7,low_v1,direct_matrix_exact,new_exact_profile,exact_dense_generator_arithmetic,32,17,64,24,24,40,15,25,2.666666667,gf8,gf8,false,false,0,112,119,119,7,1,0,1,0,0,476,2.955882353
leopard2-c0-v2,systematic_encode,per_payload_byte,17,7,low_v1,subproduct_tree_exact,new_exact_profile,asymptotic_generic_polynomial_proxy,32,17,64,24,24,40,15,25,2.666666667,gf8,gf8,false,false,1800,1800,1800,3600,1800,96,5,15,0,0,10820,0.130036969
leopard2-c0-v2,systematic_encode,per_payload_byte,17,9,legacy_high_v1,padded_dyadic_parent,parent_preserving,exact_structural_radix2_dag,16,16,64,64,26,38,31,7,2.461538462,gf8,gf8,false,false,96,208,96,266,265,32,0,12,42,15,931,1.0
leopard2-c0-v2,systematic_encode,per_payload_byte,17,9,legacy_high_v1,prefix_pruned_parent,parent_preserving,exact_structural_radix2_dag,16,16,64,64,26,38,31,7,2.461538462,gf8,gf8,false,false,79,174,79,232,216,32,1,12,42,0,784,1.1875
leopard2-c0-v2,systematic_encode,per_payload_byte,17,9,legacy_high_v1,dependency_pruned_parent,parent_preserving,exact_structural_radix2_dag,16,16,64,64,26,38,31,7,2.461538462,gf8,gf8,false,false,79,174,79,232,216,32,2,12,42,0,788,1.181472081
leopard2-c0-v2,systematic_encode,per_payload_byte,17,9,legacy_high_v1,recursive_truncated_parent,parent_preserving,exact_arithmetic_lower_bound_scratch,16,16,64,64,26,38,31,7,2.461538462,gf8,gf8,false,false,79,174,79,232,216,16,8,12,42,0,812,1.146551724
leopard2-c0-v2,systematic_encode,per_payload_byte,17,9,legacy_high_v1,binary_dyadic_exact,new_exact_profile,heuristic_optimistic_cross_block,16,9,64,26,26,38,31,7,2.461538462,gf8,gf8,false,false,36,108,63,179,143,9,3,12,35,0,568,1.639084507
leopard2-c0-v2,systematic_encode,per_payload_byte,17,9,legacy_high_v1,full_block_tail_exact,new_exact_profile,heuristic_conservative_dense_join,16,9,64,26,26,38,31,7,2.461538462,gf8,gf8,false,false,36,105,63,176,143,9,6,15,35,0,574,1.62195122
leopard2-c0-v2,systematic_encode,per_payload_byte,17,9,legacy_high_v1,direct_matrix_exact,new_exact_profile,exact_dense_generator_arithmetic,16,9,64,26,26,38,31,7,2.461538462,gf8,gf8,false,false,0,144,153,153,9,1,0,1,0,0,612,1.52124183
leopard2-c0-v2,systematic_encode,per_payload_byte,17,9,legacy_high_v1,subproduct_tree_exact,new_exact_profile,asymptotic_generic_polynomial_proxy,16,9,64,26,26,38,31,7,2.461538462,gf8,gf8,false,false,1950,1950,1950,3900,1950,104,5,15,0,0,11720,0.07943686
leopard2-c0-v2,systematic_encode,per_payload_byte,17,9,low_v1,padded_dyadic_parent,parent_preserving,exact_structural_radix2_dag,32,32,64,64,26,38,15,23,2.461538462,gf8,gf8,false,false,160,320,160,378,393,64,0,10,58,15,1411,1.0
leopard2-c0-v2,systematic_encode,per_payload_byte,17,9,low_v1,prefix_pruned_parent,parent_preserving,exact_structural_radix2_dag,32,32,64,64,26,38,15,23,2.461538462,gf8,gf8,false,false,143,286,143,344,344,64,1,10,58,0,1264,1.116297468
leopard2-c0-v2,systematic_encode,per_payload_byte,17,9,low_v1,dependency_pruned_parent,parent_preserving,exact_structural_radix2_dag,32,32,64,64,26,38,15,23,2.461538462,gf8,gf8,false,false,136,272,136,330,330,64,2,10,58,0,1212,1.164191419
leopard2-c0-v2,systematic_encode,per_payload_byte,17,9,low_v1,recursive_truncated_parent,parent_preserving,exact_arithmetic_lower_bound_scratch,32,32,64,64,26,38,15,23,2.461538462,gf8,gf8,false,false,136,272,136,330,330,32,10,10,58,0,1244,1.134244373
leopard2-c0-v2,systematic_encode,per_payload_byte,17,9,low_v1,binary_dyadic_exact,new_exact_profile,heuristic_optimistic_cross_block,32,17,64,26,26,38,15,23,2.461538462,gf8,gf8,false,false,64,162,98,239,205,17,2,10,43,0,810,1.741975309
leopard2-c0-v2,systematic_encode,per_payload_byte,17,9,low_v1,full_block_tail_exact,new_exact_profile,heuristic_conservative_dense_join,32,17,64,26,26,38,15,23,2.461538462,gf8,gf8,false,false,64,160,98,237,205,17,4,12,43,0,814,1.733415233
leopard2-c0-v2,systematic_encode,per_payload_byte,17,9,low_v1,direct_matrix_exact,new_exact_profile,exact_dense_generator_arithmetic,32,17,64,26,26,38,15,23,2.461538462,gf8,gf8,false,false,0,144,153,153,9,1,0,1,0,0,612,2.305555556
leopard2-c0-v2,systematic_encode,per_payload_byte,17,9,low_v1,subproduct_tree_exact,new_exact_profile,asymptotic_generic_polynomial_proxy,32,17,64,26,26,38,15,23,2.461538462,gf8,gf8,false,false,1950,1950,1950,3900,1950,104,5,15,0,0,11720,0.120392491
leopard2-c0-v2,systematic_encode,per_payload_byte,17,15,legacy_high_v1,padded_dyadic_parent,parent_preserving,exact_structural_radix2_dag,16,16,64,64,32,32,31,1,2.0,gf8,gf8,false,false,96,208,96,272,271,32,0,12,48,15,943,1.0
leopard2-c0-v2,systematic_encode,per_payload_byte,17,15,legacy_high_v1,prefix_pruned_parent,parent_preserving,exact_structural_radix2_dag,16,16,64,64,32,32,31,1,2.0,gf8,gf8,false,false,79,174,79,238,222,32,1,12,48,0,796,1.184673367
leopard2-c0-v2,systematic_encode,per_payload_byte,17,15,legacy_high_v1,dependency_pruned_parent,parent_preserving,exact_structural_radix2_dag,16,16,64,64,32,32,31,1,2.0,gf8,gf8,false,false,79,174,79,238,222,32,2,12,48,0,800,1.17875
leopard2-c0-v2,systematic_encode,per_payload_byte,17,15,legacy_high_v1,recursive_truncated_parent,parent_preserving,exact_arithmetic_lower_bound_scratch,16,16,64,64,32,32,31,1,2.0,gf8,gf8,false,false,79,174,79,238,222,16,8,12,48,0,824,1.144417476
leopard2-c0-v2,systematic_encode,per_payload_byte,17,15,legacy_high_v1,binary_dyadic_exact,new_exact_profile,heuristic_optimistic_cross_block,16,15,64,32,32,32,31,1,2.0,gf8,gf8,false,false,51,252,186,449,299,15,9,27,47,0,1408,0.669744318
leopard2-c0-v2,systematic_encode,per_payload_byte,17,15,legacy_high_v1,full_block_tail_exact,new_exact_profile,heuristic_conservative_dense_join,16,15,64,32,32,32,31,1,2.0,gf8,gf8,false,false,36,381,351,758,323,15,6,15,47,0,2188,0.430987203
leopard2-c0-v2,systematic_encode,per_payload_byte,17,15,legacy_high_v1,direct_matrix_exact,new_exact_profile,exact_dense_generator_arithmetic,16,15,64,32,32,32,31,1,2.0,gf8,gf8,false,false,0,240,255,255,15,1,0,1,0,0,1020,0.924509804
leopard2-c0-v2,systematic_encode,per_payload_byte,17,15,legacy_high_v1,subproduct_tree_exact,new_exact_profile,asymptotic_generic_polynomial_proxy,16,15,64,32,32,32,31,1,2.0,gf8,gf8,false,false,2400,2400,2400,4800,2400,128,5,15,0,0,14420,0.065395284
leopard2-c0-v2,systematic_encode,per_payload_byte,17,15,low_v1,padded_dyadic_parent,parent_preserving,exact_structural_radix2_dag,32,32,64,64,32,32,15,17,2.0,gf8,gf8,false,false,160,320,160,384,399,64,0,10,64,15,1423,1.0
leopard2-c0-v2,systematic_encode,per_payload_byte,17,15,low_v1,prefix_pruned_parent,parent_preserving,exact_structural_radix2_dag,32,32,64,64,32,32,15,17,2.0,gf8,gf8,false,false,143,286,143,350,350,64,1,10,64,0,1276,1.115203762
leopard2-c0-v2,systematic_encode,per_payload_byte,17,15,low_v1,dependency_pruned_parent,parent_preserving,exact_structural_radix2_dag,32,32,64,64,32,32,15,17,2.0,gf8,gf8,false,false,142,284,142,348,348,64,2,10,64,0,1272,1.118710692
leopard2-c0-v2,systematic_encode,per_payload_byte,17,15,low_v1,recursive_truncated_parent,parent_preserving,exact_arithmetic_lower_bound_scratch,32,32,64,64,32,32,15,17,2.0,gf8,gf8,false,false,142,284,142,348,348,32,10,10,64,0,1304,1.091257669
leopard2-c0-v2,systematic_encode,per_payload_byte,17,15,low_v1,binary_dyadic_exact,new_exact_profile,heuristic_optimistic_cross_block,32,17,64,32,32,32,15,17,2.0,gf8,gf8,false,false,64,162,98,245,211,17,2,10,49,0,822,1.731143552
leopard2-c0-v2,systematic_encode,per_payload_byte,17,15,low_v1,full_block_tail_exact,new_exact_profile,heuristic_conservative_dense_join,32,17,64,32,32,32,15,17,2.0,gf8,gf8,false,false,64,160,98,243,211,17,4,12,49,0,826,1.722760291
leopard2-c0-v2,systematic_encode,per_payload_byte,17,15,low_v1,direct_matrix_exact,new_exact_profile,exact_dense_generator_arithmetic,32,17,64,32,32,32,15,17,2.0,gf8,gf8,false,false,0,240,255,255,15,1,0,1,0,0,1020,1.395098039
leopard2-c0-v2,systematic_encode,per_payload_byte,17,15,low_v1,subproduct_tree_exact,new_exact_profile,asymptotic_generic_polynomial_proxy,32,17,64,32,32,32,15,17,2.0,gf8,gf8,false,false,2400,2400,2400,4800,2400,128,5,15,0,0,14420,0.098682386
leopard2-c0-v2,systematic_encode,per_payload_byte,17,17,legacy_high_v1,padded_dyadic_parent,parent_preserving,exact_structural_radix2_dag,32,32,64,64,34,30,15,15,1.882352941,gf8,gf8,false,false,160,320,160,386,401,64,0,10,66,15,1427,1.0
leopard2-c0-v2,systematic_encode,per_payload_byte,17,17,legacy_high_v1,prefix_pruned_parent,parent_preserving,exact_structural_radix2_dag,32,32,64,64,34,30,15,15,1.882352941,gf8,gf8,false,false,143,286,143,352,352,64,1,10,66,0,1280,1.11484375
leopard2-c0-v2,systematic_encode,per_payload_byte,17,17,legacy_high_v1,dependency_pruned_parent,parent_preserving,exact_structural_radix2_dag,32,32,64,64,34,30,15,15,1.882352941,gf8,gf8,false,false,143,286,143,352,352,64,2,10,66,0,1284,1.111370717
leopard2-c0-v2,systematic_encode,per_payload_byte,17,17,legacy_high_v1,recursive_truncated_parent,parent_preserving,exact_arithmetic_lower_bound_scratch,32,32,64,64,34,30,15,15,1.882352941,gf8,gf8,false,false,143,286,143,352,352,32,10,10,66,0,1316,1.084346505
leopard2-c0-v2,systematic_encode,per_payload_byte,17,17,legacy_high_v1,binary_dyadic_exact,new_exact_profile,heuristic_optimistic_cross_block,32,17,64,34,34,30,15,15,1.882352941,gf8,gf8,false,false,64,162,98,247,213,17,2,10,51,0,826,1.727602906
leopard2-c0-v2,systematic_encode,per_payload_byte,17,17,legacy_high_v1,full_block_tail_exact,new_exact_profile,heuristic_conservative_dense_join,32,17,64,34,34,30,15,15,1.882352941,gf8,gf8,false,false,64,160,98,245,213,17,4,12,51,0,830,1.719277108
leopard2-c0-v2,systematic_encode,per_payload_byte,17,17,legacy_high_v1,direct_matrix_exact,new_exact_profile,exact_dense_generator_arithmetic,32,17,64,34,34,30,15,15,1.882352941,gf8,gf8,false,false,0,272,289,289,17,1,0,1,0,0,1156,1.234429066
leopard2-c0-v2,systematic_encode,per_payload_byte,17,17,legacy_high_v1,subproduct_tree_exact,new_exact_profile,asymptotic_generic_polynomial_proxy,32,17,64,34,34,30,15,15,1.882352941,gf8,gf8,false,false,3672,3672,3672,7344,3672,136,6,18,0,0,22056,0.064698948
leopard2-c0-v2,systematic_encode,per_payload_byte,17,17,low_v1,padded_dyadic_parent,parent_preserving,exact_structural_radix2_dag,32,32,64,64,34,30,15,15,1.882352941,gf8,gf8,false,false,160,320,160,386,401,64,0,10,66,15,1427,1.0
leopard2-c0-v2,systematic_encode,per_payload_byte,17,17,low_v1,prefix_pruned_parent,parent_preserving,exact_structural_radix2_dag,32,32,64,64,34,30,15,15,1.882352941,gf8,gf8,false,false,143,286,143,352,352,64,1,10,66,0,1280,1.11484375
leopard2-c0-v2,systematic_encode,per_payload_byte,17,17,low_v1,dependency_pruned_parent,parent_preserving,exact_structural_radix2_dag,32,32,64,64,34,30,15,15,1.882352941,gf8,gf8,false,false,143,286,143,352,352,64,2,10,66,0,1284,1.111370717
leopard2-c0-v2,systematic_encode,per_payload_byte,17,17,low_v1,recursive_truncated_parent,parent_preserving,exact_arithmetic_lower_bound_scratch,32,32,64,64,34,30,15,15,1.882352941,gf8,gf8,false,false,143,286,143,352,352,32,10,10,66,0,1316,1.084346505
leopard2-c0-v2,systematic_encode,per_payload_byte,17,17,low_v1,binary_dyadic_exact,new_exact_profile,heuristic_optimistic_cross_block,32,17,64,34,34,30,15,15,1.882352941,gf8,gf8,false,false,64,162,98,247,213,17,2,10,51,0,826,1.727602906
leopard2-c0-v2,systematic_encode,per_payload_byte,17,17,low_v1,full_block_tail_exact,new_exact_profile,heuristic_conservative_dense_join,32,17,64,34,34,30,15,15,1.882352941,gf8,gf8,false,false,64,160,98,245,213,17,4,12,51,0,830,1.719277108
leopard2-c0-v2,systematic_encode,per_payload_byte,17,17,low_v1,direct_matrix_exact,new_exact_profile,exact_dense_generator_arithmetic,32,17,64,34,34,30,15,15,1.882352941,gf8,gf8,false,false,0,272,289,289,17,1,0,1,0,0,1156,1.234429066
leopard2-c0-v2,systematic_encode,per_payload_byte,17,17,low_v1,subproduct_tree_exact,new_exact_profile,asymptotic_generic_polynomial_proxy,32,17,64,34,34,30,15,15,1.882352941,gf8,gf8,false,false,3672,3672,3672,7344,3672,136,6,18,0,0,22056,0.064698948
leopard2-c0-v2,systematic_encode,per_payload_byte,17,31,legacy_high_v1,padded_dyadic_parent,parent_preserving,exact_structural_radix2_dag,32,32,64,64,48,16,15,1,1.333333333,gf8,gf8,false,false,160,320,160,400,415,64,0,10,80,15,1455,1.0
leopard2-c0-v2,systematic_encode,per_payload_byte,17,31,legacy_high_v1,prefix_pruned_parent,parent_preserving,exact_structural_radix2_dag,32,32,64,64,48,16,15,1,1.333333333,gf8,gf8,false,false,143,286,143,366,366,64,1,10,80,0,1308,1.112385321
leopard2-c0-v2,systematic_encode,per_payload_byte,17,31,legacy_high_v1,dependency_pruned_parent,parent_preserving,exact_structural_radix2_dag,32,32,64,64,48,16,15,1,1.333333333,gf8,gf8,false,false,143,286,143,366,366,64,2,10,80,0,1312,1.108993902
leopard2-c0-v2,systematic_encode,per_payload_byte,17,31,legacy_high_v1,recursive_truncated_parent,parent_preserving,exact_arithmetic_lower_bound_scratch,32,32,64,64,48,16,15,1,1.333333333,gf8,gf8,false,false,143,286,143,366,366,32,10,10,80,0,1344,1.082589286
leopard2-c0-v2,systematic_encode,per_payload_byte,17,31,legacy_high_v1,binary_dyadic_exact,new_exact_profile,heuristic_optimistic_cross_block,32,31,64,48,48,16,15,1,1.333333333,gf8,gf8,false,false,98,444,346,771,523,31,8,28,79,0,2462,0.590982941
leopard2-c0-v2,systematic_encode,per_payload_byte,17,31,legacy_high_v1,full_block_tail_exact,new_exact_profile,heuristic_conservative_dense_join,32,31,64,48,48,16,15,1,1.333333333,gf8,gf8,false,false,64,1028,994,2037,717,31,4,12,79,0,5786,0.251469063
leopard2-c0-v2,systematic_encode,per_payload_byte,17,31,legacy_high_v1,direct_matrix_exact,new_exact_profile,exact_dense_generator_arithmetic,32,31,64,48,48,16,15,1,1.333333333,gf8,gf8,false,false,0,496,527,527,31,1,0,1,0,0,2108,0.690227704
leopard2-c0-v2,systematic_encode,per_payload_byte,17,31,legacy_high_v1,subproduct_tree_exact,new_exact_profile,asymptotic_generic_polynomial_proxy,32,31,64,48,48,16,15,1,1.333333333,gf8,gf8,false,false,5184,5184,5184,10368,5184,192,6,18,0,0,31128,0.046742483
leopard2-c0-v2,systematic_encode,per_payload_byte,17,31,low_v1,padded_dyadic_parent,parent_preserving,exact_structural_radix2_dag,32,32,64,64,48,16,15,1,1.333333333,gf8,gf8,false,false,160,320,160,400,415,64,0,10,80,15,1455,1.0
leopard2-c0-v2,systematic_encode,per_payload_byte,17,31,low_v1,prefix_pruned_parent,parent_preserving,exact_structural_radix2_dag,32,32,64,64,48,16,15,1,1.333333333,gf8,gf8,false,false,143,286,143,366,366,64,1,10,80,0,1308,1.112385321
leopard2-c0-v2,systematic_encode,per_payload_byte,17,31,low_v1,dependency_pruned_parent,parent_preserving,exact_structural_radix2_dag,32,32,64,64,48,16,15,1,1.333333333,gf8,gf8,false,false,143,286,143,366,366,64,2,10,80,0,1312,1.108993902
leopard2-c0-v2,systematic_encode,per_payload_byte,17,31,low_v1,recursive_truncated_parent,parent_preserving,exact_arithmetic_lower_bound_scratch,32,32,64,64,48,16,15,1,1.333333333,gf8,gf8,false,false,143,286,143,366,366,32,10,10,80,0,1344,1.082589286
leopard2-c0-v2,systematic_encode,per_payload_byte,17,31,low_v1,binary_dyadic_exact,new_exact_profile,heuristic_optimistic_cross_block,32,17,64,48,48,16,15,1,1.333333333,gf8,gf8,false,false,96,243,147,376,325,17,3,15,82,0,1250,1.164
leopard2-c0-v2,systematic_encode,per_payload_byte,17,31,low_v1,full_block_tail_exact,new_exact_profile,heuristic_conservative_dense_join,32,17,64,48,48,16,15,1,1.333333333,gf8,gf8,false,false,96,240,147,373,325,17,6,18,82,0,1256,1.15843949
leopard2-c0-v2,systematic_encode,per_payload_byte,17,31,low_v1,direct_matrix_exact,new_exact_profile,exact_dense_generator_arithmetic,32,17,64,48,48,16,15,1,1.333333333,gf8,gf8,false,false,0,496,527,527,31,1,0,1,0,0,2108,0.690227704
leopard2-c0-v2,systematic_encode,per_payload_byte,17,31,low_v1,subproduct_tree_exact,new_exact_profile,asymptotic_generic_polynomial_proxy,32,17,64,48,48,16,15,1,1.333333333,gf8,gf8,false,false,5184,5184,5184,10368,5184,192,6,18,0,0,31128,0.046742483
leopard2-c0-v2,systematic_encode,per_payload_byte,17,33,legacy_high_v1,padded_dyadic_parent,parent_preserving,exact_structural_radix2_dag,64,64,128,128,50,78,47,31,2.56,gf8,gf8,false,false,384,768,384,882,929,128,0,12,114,47,3347,1.0
leopard2-c0-v2,systematic_encode,per_payload_byte,17,33,legacy_high_v1,prefix_pruned_parent,parent_preserving,exact_structural_radix2_dag,64,64,128,128,50,78,47,31,2.56,gf8,gf8,false,false,287,574,287,688,688,128,1,12,114,0,2528,1.323971519
leopard2-c0-v2,systematic_encode,per_payload_byte,17,33,legacy_high_v1,dependency_pruned_parent,parent_preserving,exact_structural_radix2_dag,64,64,128,128,50,78,47,31,2.56,gf8,gf8,false,false,287,574,287,688,688,128,2,12,114,0,2532,1.321879937
leopard2-c0-v2,systematic_encode,per_payload_byte,17,33,legacy_high_v1,recursive_truncated_parent,parent_preserving,exact_arithmetic_lower_bound_scratch,64,64,128,128,50,78,47,31,2.56,gf8,gf8,false,false,287,574,287,688,688,64,12,12,114,0,2572,1.301321928
leopard2-c0-v2,systematic_encode,per_payload_byte,17,33,legacy_high_v1,binary_dyadic_exact,new_exact_profile,heuristic_optimistic_cross_block,64,33,128,50,50,78,47,31,2.56,gf8,gf8,false,false,160,386,226,535,469,33,2,12,83,0,1850,1.809189189
leopard2-c0-v2,systematic_encode,per_payload_byte,17,33,legacy_high_v1,full_block_tail_exact,new_exact_profile,heuristic_conservative_dense_join,64,33,128,50,50,78,47,31,2.56,gf8,gf8,false,false,160,384,226,533,469,33,4,14,83,0,1854,1.805285868
leopard2-c0-v2,systematic_encode,per_payload_byte,17,33,legacy_high_v1,direct_matrix_exact,new_exact_profile,exact_dense_generator_arithmetic,64,33,128,50,50,78,47,31,2.56,gf8,gf8,false,false,0,528,561,561,33,1,0,1,0,0,2244,1.491532977
leopard2-c0-v2,systematic_encode,per_payload_byte,17,33,legacy_high_v1,subproduct_tree_exact,new_exact_profile,asymptotic_generic_polynomial_proxy,64,33,128,50,50,78,47,31,2.56,gf8,gf8,false,false,5400,5400,5400,10800,5400,200,6,18,0,0,32424,0.103226005
leopard2-c0-v2,systematic_encode,per_payload_byte,17,33,low_v1,padded_dyadic_parent,parent_preserving,exact_structural_radix2_dag,32,32,128,128,50,78,15,63,2.56,gf8,gf8,false,false,240,480,240,594,609,64,0,15,114,15,2163,1.0
leopard2-c0-v2,systematic_encode,per_payload_byte,17,33,low_v1,prefix_pruned_parent,parent_preserving,exact_structural_radix2_dag,32,32,128,128,50,78,15,63,2.56,gf8,gf8,false,false,223,446,223,560,560,64,1,15,114,0,2016,1.072916667
leopard2-c0-v2,systematic_encode,per_payload_byte,17,33,low_v1,dependency_pruned_parent,parent_preserving,exact_structural_radix2_dag,32,32,128,128,50,78,15,63,2.56,gf8,gf8,false,false,174,348,174,462,462,64,2,15,114,0,1628,1.328624079
leopard2-c0-v2,systematic_encode,per_payload_byte,17,33,low_v1,recursive_truncated_parent,parent_preserving,exact_arithmetic_lower_bound_scratch,32,32,128,128,50,78,15,63,2.56,gf8,gf8,false,false,174,348,174,462,462,32,10,15,114,0,1660,1.303012048
leopard2-c0-v2,systematic_encode,per_payload_byte,17,33,low_v1,binary_dyadic_exact,new_exact_profile,heuristic_optimistic_cross_block,32,17,128,50,50,78,15,63,2.56,gf8,gf8,false,false,96,243,147,378,327,17,3,15,84,0,1254,1.724880383
leopard2-c0-v2,systematic_encode,per_payload_byte,17,33,low_v1,full_block_tail_exact,new_exact_profile,heuristic_conservative_dense_join,32,17,128,50,50,78,15,63,2.56,gf8,gf8,false,false,96,240,147,375,327,17,6,18,84,0,1260,1.716666667
leopard2-c0-v2,systematic_encode,per_payload_byte,17,33,low_v1,direct_matrix_exact,new_exact_profile,exact_dense_generator_arithmetic,32,17,128,50,50,78,15,63,2.56,gf8,gf8,false,false,0,528,561,561,33,1,0,1,0,0,2244,0.963903743
leopard2-c0-v2,systematic_encode,per_payload_byte,17,33,low_v1,subproduct_tree_exact,new_exact_profile,asymptotic_generic_polynomial_proxy,32,17,128,50,50,78,15,63,2.56,gf8,gf8,false,false,5400,5400,5400,10800,5400,200,6,18,0,0,32424,0.066709845
leopard2-c0-v2,systematic_encode,per_payload_byte,17,63,legacy_high_v1,padded_dyadic_parent,parent_preserving,exact_structural_radix2_dag,64,64,128,128,80,48,47,1,1.6,gf8,gf8,false,false,384,768,384,912,959,128,0,12,144,47,3407,1.0
leopard2-c0-v2,systematic_encode,per_payload_byte,17,63,legacy_high_v1,prefix_pruned_parent,parent_preserving,exact_structural_radix2_dag,64,64,128,128,80,48,47,1,1.6,gf8,gf8,false,false,287,574,287,718,718,128,1,12,144,0,2588,1.316460587
leopard2-c0-v2,systematic_encode,per_payload_byte,17,63,legacy_high_v1,dependency_pruned_parent,parent_preserving,exact_structural_radix2_dag,64,64,128,128,80,48,47,1,1.6,gf8,gf8,false,false,287,574,287,718,718,128,2,12,144,0,2592,1.314429012
leopard2-c0-v2,systematic_encode,per_payload_byte,17,63,legacy_high_v1,recursive_truncated_parent,parent_preserving,exact_arithmetic_lower_bound_scratch,64,64,128,128,80,48,47,1,1.6,gf8,gf8,false,false,287,574,287,718,718,64,12,12,144,0,2632,1.294452888
leopard2-c0-v2,systematic_encode,per_payload_byte,17,63,legacy_high_v1,binary_dyadic_exact,new_exact_profile,heuristic_optimistic_cross_block,64,63,128,80,80,48,47,1,1.6,gf8,gf8,false,false,258,1146,888,1919,1289,63,10,40,143,0,6170,0.552188006
leopard2-c0-v2,systematic_encode,per_payload_byte,17,63,legacy_high_v1,full_block_tail_exact,new_exact_profile,heuristic_conservative_dense_join,64,63,128,80,80,48,47,1,1.6,gf8,gf8,false,false,160,4164,4066,8213,2509,63,4,14,143,0,23034,0.147911783
leopard2-c0-v2,systematic_encode,per_payload_byte,17,63,legacy_high_v1,direct_matrix_exact,new_exact_profile,exact_dense_generator_arithmetic,64,63,128,80,80,48,47,1,1.6,gf8,gf8,false,false,0,1008,1071,1071,63,1,0,1,0,0,4284,0.795284781
leopard2-c0-v2,systematic_encode,per_payload_byte,17,63,legacy_high_v1,subproduct_tree_exact,new_exact_profile,asymptotic_generic_polynomial_proxy,64,63,128,80,80,48,47,1,1.6,gf8,gf8,false,false,11760,11760,11760,23520,11760,320,7,21,0,0,70588,0.048265994
leopard2-c0-v2,systematic_encode,per_payload_byte,17,63,low_v1,padded_dyadic_parent,parent_preserving,exact_structural_radix2_dag,32,32,128,128,80,48,15,33,1.6,gf8,gf8,false,false,240,480,240,624,639,64,0,15,144,15,2223,1.0
leopard2-c0-v2,systematic_encode,per_payload_byte,17,63,low_v1,prefix_pruned_parent,parent_preserving,exact_structural_radix2_dag,32,32,128,128,80,48,15,33,1.6,gf8,gf8,false,false,223,446,223,590,590,64,1,15,144,0,2076,1.070809249
leopard2-c0-v2,systematic_encode,per_payload_byte,17,63,low_v1,dependency_pruned_parent,parent_preserving,exact_structural_radix2_dag,32,32,128,128,80,48,15,33,1.6,gf8,gf8,false,false,223,446,223,590,590,64,2,15,144,0,2080,1.06875
leopard2-c0-v2,systematic_encode,per_payload_byte,17,63,low_v1,recursive_truncated_parent,parent_preserving,exact_arithmetic_lower_bound_scratch,32,32,128,128,80,48,15,33,1.6,gf8,gf8,false,false,223,446,223,590,590,32,10,15,144,0,2112,1.052556818
leopard2-c0-v2,systematic_encode,per_payload_byte,17,63,low_v1,binary_dyadic_exact,new_exact_profile,heuristic_optimistic_cross_block,32,17,128,80,80,48,15,33,1.6,gf8,gf8,false,false,160,405,245,638,553,17,5,25,148,0,2106,1.055555556
leopard2-c0-v2,systematic_encode,per_payload_byte,17,63,low_v1,full_block_tail_exact,new_exact_profile,heuristic_conservative_dense_join,32,17,128,80,80,48,15,33,1.6,gf8,gf8,false,false,160,400,245,633,553,17,10,30,148,0,2116,1.050567108
leopard2-c0-v2,systematic_encode,per_payload_byte,17,63,low_v1,direct_matrix_exact,new_exact_profile,exact_dense_generator_arithmetic,32,17,128,80,80,48,15,33,1.6,gf8,gf8,false,false,0,1008,1071,1071,63,1,0,1,0,0,4284,0.518907563
leopard2-c0-v2,systematic_encode,per_payload_byte,17,63,low_v1,subproduct_tree_exact,new_exact_profile,asymptotic_generic_polynomial_proxy,32,17,128,80,80,48,15,33,1.6,gf8,gf8,false,false,11760,11760,11760,23520,11760,320,7,21,0,0,70588,0.031492605
leopard2-c0-v2,systematic_encode,per_payload_byte,17,65,legacy_high_v1,padded_dyadic_parent,parent_preserving,exact_structural_radix2_dag,128,128,256,256,82,174,111,63,3.12195122,gf8,gf8,false,false,896,1792,896,2002,2113,256,0,14,210,111,7699,1.0
leopard2-c0-v2,systematic_encode,per_payload_byte,17,65,legacy_high_v1,prefix_pruned_parent,parent_preserving,exact_structural_radix2_dag,128,128,256,256,82,174,111,63,3.12195122,gf8,gf8,false,false,607,1214,607,1424,1424,256,1,14,210,0,5280,1.458143939
leopard2-c0-v2,systematic_encode,per_payload_byte,17,65,legacy_high_v1,dependency_pruned_parent,parent_preserving,exact_structural_radix2_dag,128,128,256,256,82,174,111,63,3.12195122,gf8,gf8,false,false,607,1214,607,1424,1424,256,2,14,210,0,5284,1.457040121
leopard2-c0-v2,systematic_encode,per_payload_byte,17,65,legacy_high_v1,recursive_truncated_parent,parent_preserving,exact_arithmetic_lower_bound_scratch,128,128,256,256,82,174,111,63,3.12195122,gf8,gf8,false,false,607,1214,607,1424,1424,128,14,14,210,0,5332,1.443923481
leopard2-c0-v2,systematic_encode,per_payload_byte,17,65,legacy_high_v1,binary_dyadic_exact,new_exact_profile,heuristic_optimistic_cross_block,128,65,256,82,82,174,111,63,3.12195122,gf8,gf8,false,false,384,898,514,1175,1045,65,2,14,147,0,4154,1.853394319
leopard2-c0-v2,systematic_encode,per_payload_byte,17,65,legacy_high_v1,full_block_tail_exact,new_exact_profile,heuristic_conservative_dense_join,128,65,256,82,82,174,111,63,3.12195122,gf8,gf8,false,false,384,896,514,1173,1045,65,4,16,147,0,4158,1.851611352
leopard2-c0-v2,systematic_encode,per_payload_byte,17,65,legacy_high_v1,direct_matrix_exact,new_exact_profile,exact_dense_generator_arithmetic,128,65,256,82,82,174,111,63,3.12195122,gf8,gf8,false,false,0,1040,1105,1105,65,1,0,1,0,0,4420,1.741855204
leopard2-c0-v2,systematic_encode,per_payload_byte,17,65,legacy_high_v1,subproduct_tree_exact,new_exact_profile,asymptotic_generic_polynomial_proxy,128,65,256,82,82,174,111,63,3.12195122,gf8,gf8,false,false,12054,12054,12054,24108,12054,328,7,21,0,0,72352,0.106410327
leopard2-c0-v2,systematic_encode,per_payload_byte,17,65,low_v1,padded_dyadic_parent,parent_preserving,exact_structural_radix2_dag,32,32,128,128,82,46,15,31,1.56097561,gf8,gf8,false,false,320,640,320,818,833,64,0,20,178,15,2931,1.0
leopard2-c0-v2,systematic_encode,per_payload_byte,17,65,low_v1,prefix_pruned_parent,parent_preserving,exact_structural_radix2_dag,32,32,128,128,82,46,15,31,1.56097561,gf8,gf8,false,false,303,606,303,784,784,64,1,20,178,0,2784,1.052801724
leopard2-c0-v2,systematic_encode,per_payload_byte,17,65,low_v1,dependency_pruned_parent,parent_preserving,exact_structural_radix2_dag,32,32,128,128,82,46,15,31,1.56097561,gf8,gf8,false,false,254,508,254,686,686,64,2,20,178,0,2396,1.223288815
leopard2-c0-v2,systematic_encode,per_payload_byte,17,65,low_v1,recursive_truncated_parent,parent_preserving,exact_arithmetic_lower_bound_scratch,32,32,128,128,82,46,15,31,1.56097561,gf8,gf8,false,false,254,508,254,686,686,32,10,20,178,0,2428,1.207166392
leopard2-c0-v2,systematic_encode,per_payload_byte,17,65,low_v1,binary_dyadic_exact,new_exact_profile,heuristic_optimistic_cross_block,32,17,128,82,82,46,15,31,1.56097561,gf8,gf8,false,false,160,405,245,640,555,17,5,25,150,0,2110,1.389099526
leopard2-c0-v2,systematic_encode,per_payload_byte,17,65,low_v1,full_block_tail_exact,new_exact_profile,heuristic_conservative_dense_join,32,17,128,82,82,46,15,31,1.56097561,gf8,gf8,false,false,160,400,245,635,555,17,10,30,150,0,2120,1.38254717
leopard2-c0-v2,systematic_encode,per_payload_byte,17,65,low_v1,direct_matrix_exact,new_exact_profile,exact_dense_generator_arithmetic,32,17,128,82,82,46,15,31,1.56097561,gf8,gf8,false,false,0,1040,1105,1105,65,1,0,1,0,0,4420,0.663122172
leopard2-c0-v2,systematic_encode,per_payload_byte,17,65,low_v1,subproduct_tree_exact,new_exact_profile,asymptotic_generic_polynomial_proxy,32,17,128,82,82,46,15,31,1.56097561,gf8,gf8,false,false,12054,12054,12054,24108,12054,328,7,21,0,0,72352,0.040510283
leopard2-c0-v2,systematic_encode,per_payload_byte,17,127,legacy_high_v1,padded_dyadic_parent,parent_preserving,exact_structural_radix2_dag,128,128,256,256,144,112,111,1,1.777777778,gf8,gf8,false,false,896,1792,896,2064,2175,256,0,14,272,111,7823,1.0
leopard2-c0-v2,systematic_encode,per_payload_byte,17,127,legacy_high_v1,prefix_pruned_parent,parent_preserving,exact_structural_radix2_dag,128,128,256,256,144,112,111,1,1.777777778,gf8,gf8,false,false,607,1214,607,1486,1486,256,1,14,272,0,5404,1.447631384
leopard2-c0-v2,systematic_encode,per_payload_byte,17,127,legacy_high_v1,dependency_pruned_parent,parent_preserving,exact_structural_radix2_dag,128,128,256,256,144,112,111,1,1.777777778,gf8,gf8,false,false,607,1214,607,1486,1486,256,2,14,272,0,5408,1.446560651
leopard2-c0-v2,systematic_encode,per_payload_byte,17,127,legacy_high_v1,recursive_truncated_parent,parent_preserving,exact_arithmetic_lower_bound_scratch,128,128,256,256,144,112,111,1,1.777777778,gf8,gf8,false,false,607,1214,607,1486,1486,128,14,14,272,0,5456,1.433834311
leopard2-c0-v2,systematic_encode,per_payload_byte,17,127,legacy_high_v1,binary_dyadic_exact,new_exact_profile,heuristic_optimistic_cross_block,128,127,256,144,144,112,111,1,1.777777778,gf8,gf8,false,false,642,2808,2166,4603,3079,127,12,54,271,0,14870,0.526092804
leopard2-c0-v2,systematic_encode,per_payload_byte,17,127,legacy_high_v1,full_block_tail_exact,new_exact_profile,heuristic_conservative_dense_join,128,127,256,144,144,112,111,1,1.777777778,gf8,gf8,false,false,384,16644,16386,32917,9229,127,4,16,271,0,91578,0.085424447
leopard2-c0-v2,systematic_encode,per_payload_byte,17,127,legacy_high_v1,direct_matrix_exact,new_exact_profile,exact_dense_generator_arithmetic,128,127,256,144,144,112,111,1,1.777777778,gf8,gf8,false,false,0,2032,2159,2159,127,1,0,1,0,0,8636,0.905859194
leopard2-c0-v2,systematic_encode,per_payload_byte,17,127,legacy_high_v1,subproduct_tree_exact,new_exact_profile,asymptotic_generic_polynomial_proxy,128,127,256,144,144,112,111,1,1.777777778,gf8,gf8,false,false,27648,27648,27648,55296,27648,576,8,24,0,0,165920,0.047149229
leopard2-c0-v2,systematic_encode,per_payload_byte,17,127,low_v1,padded_dyadic_parent,parent_preserving,exact_structural_radix2_dag,32,32,256,256,144,112,15,97,1.777777778,gf8,gf8,false,false,400,800,400,1072,1087,64,0,25,272,15,3759,1.0
leopard2-c0-v2,systematic_encode,per_payload_byte,17,127,low_v1,prefix_pruned_parent,parent_preserving,exact_structural_radix2_dag,32,32,256,256,144,112,15,97,1.777777778,gf8,gf8,false,false,383,766,383,1038,1038,64,1,25,272,0,3612,1.040697674
leopard2-c0-v2,systematic_encode,per_payload_byte,17,127,low_v1,dependency_pruned_parent,parent_preserving,exact_structural_radix2_dag,32,32,256,256,144,112,15,97,1.777777778,gf8,gf8,false,false,383,766,383,1038,1038,64,2,25,272,0,3616,1.03954646
leopard2-c0-v2,systematic_encode,per_payload_byte,17,127,low_v1,recursive_truncated_parent,parent_preserving,exact_arithmetic_lower_bound_scratch,32,32,256,256,144,112,15,97,1.777777778,gf8,gf8,false,false,383,766,383,1038,1038,32,10,25,272,0,3648,1.030427632
leopard2-c0-v2,systematic_encode,per_payload_byte,17,127,low_v1,binary_dyadic_exact,new_exact_profile,heuristic_optimistic_cross_block,32,17,256,144,144,112,15,97,1.777777778,gf8,gf8,false,false,288,729,441,1162,1009,17,9,45,280,0,3818,0.984546883
leopard2-c0-v2,systematic_encode,per_payload_byte,17,127,low_v1,full_block_tail_exact,new_exact_profile,heuristic_conservative_dense_join,32,17,256,144,144,112,15,97,1.777777778,gf8,gf8,false,false,288,720,441,1153,1009,17,18,54,280,0,3836,0.979927007
leopard2-c0-v2,systematic_encode,per_payload_byte,17,127,low_v1,direct_matrix_exact,new_exact_profile,exact_dense_generator_arithmetic,32,17,256,144,144,112,15,97,1.777777778,gf8,gf8,false,false,0,2032,2159,2159,127,1,0,1,0,0,8636,0.435270959
leopard2-c0-v2,systematic_encode,per_payload_byte,17,127,low_v1,subproduct_tree_exact,new_exact_profile,asymptotic_generic_polynomial_proxy,32,17,256,144,144,112,15,97,1.777777778,gf8,gf8,false,false,27648,27648,27648,55296,27648,576,8,24,0,0,165920,0.022655497
leopard2-c0-v2,systematic_encode,per_payload_byte,17,129,legacy_high_v1,padded_dyadic_parent,parent_preserving,exact_structural_radix2_dag,256,256,512,512,146,366,239,127,3.506849315,gf16,gf16,true,false,2048,4096,2048,4498,4737,512,0,16,402,239,17427,1.0
leopard2-c0-v2,systematic_encode,per_payload_byte,17,129,legacy_high_v1,prefix_pruned_parent,parent_preserving,exact_structural_radix2_dag,256,256,512,512,146,366,239,127,3.506849315,gf16,gf16,true,false,1311,2622,1311,3024,3024,512,1,16,402,0,11296,1.542758499
leopard2-c0-v2,systematic_encode,per_payload_byte,17,129,legacy_high_v1,dependency_pruned_parent,parent_preserving,exact_structural_radix2_dag,256,256,512,512,146,366,239,127,3.506849315,gf16,gf16,true,false,1311,2622,1311,3024,3024,512,2,16,402,0,11300,1.542212389
leopard2-c0-v2,systematic_encode,per_payload_byte,17,129,legacy_high_v1,recursive_truncated_parent,parent_preserving,exact_arithmetic_lower_bound_scratch,256,256,512,512,146,366,239,127,3.506849315,gf16,gf16,true,false,1311,2622,1311,3024,3024,256,16,16,402,0,11356,1.534607256
leopard2-c0-v2,systematic_encode,per_payload_byte,17,129,legacy_high_v1,binary_dyadic_exact,new_exact_profile,heuristic_optimistic_cross_block,256,129,512,146,146,366,239,127,3.506849315,gf16,gf8,true,true,896,2050,1154,2583,2325,129,2,16,275,0,9274,1.879124434
leopard2-c0-v2,systematic_encode,per_payload_byte,17,129,legacy_high_v1,full_block_tail_exact,new_exact_profile,heuristic_conservative_dense_join,256,129,512,146,146,366,239,127,3.506849315,gf16,gf8,true,true,896,2048,1154,2581,2325,129,4,18,275,0,9278,1.878314292
leopard2-c0-v2,systematic_encode,per_payload_byte,17,129,legacy_high_v1,direct_matrix_exact,new_exact_profile,exact_dense_generator_arithmetic,256,129,512,146,146,366,239,127,3.506849315,gf16,gf8,true,true,0,2064,2193,2193,129,1,0,1,0,0,8772,1.986662107
leopard2-c0-v2,systematic_encode,per_payload_byte,17,129,legacy_high_v1,subproduct_tree_exact,new_exact_profile,asymptotic_generic_polynomial_proxy,256,129,512,146,146,366,239,127,3.506849315,gf16,gf8,true,true,28032,28032,28032,56064,28032,584,8,24,0,0,168224,0.103594018
leopard2-c0-v2,systematic_encode,per_payload_byte,17,129,low_v1,padded_dyadic_parent,parent_preserving,exact_structural_radix2_dag,32,32,256,256,146,110,15,95,1.753424658,gf8,gf8,false,false,480,960,480,1266,1281,64,0,30,306,15,4467,1.0
leopard2-c0-v2,systematic_encode,per_payload_byte,17,129,low_v1,prefix_pruned_parent,parent_preserving,exact_structural_radix2_dag,32,32,256,256,146,110,15,95,1.753424658,gf8,gf8,false,false,463,926,463,1232,1232,64,1,30,306,0,4320,1.034027778
leopard2-c0-v2,systematic_encode,per_payload_byte,17,129,low_v1,dependency_pruned_parent,parent_preserving,exact_structural_radix2_dag,32,32,256,256,146,110,15,95,1.753424658,gf8,gf8,false,false,414,828,414,1134,1134,64,2,30,306,0,3932,1.136063072
leopard2-c0-v2,systematic_encode,per_payload_byte,17,129,low_v1,recursive_truncated_parent,parent_preserving,exact_arithmetic_lower_bound_scratch,32,32,256,256,146,110,15,95,1.753424658,gf8,gf8,false,false,414,828,414,1134,1134,32,10,30,306,0,3964,1.126892028
leopard2-c0-v2,systematic_encode,per_payload_byte,17,129,low_v1,binary_dyadic_exact,new_exact_profile,heuristic_optimistic_cross_block,32,17,256,146,146,110,15,95,1.753424658,gf8,gf8,false,false,288,729,441,1164,1011,17,9,45,282,0,3822,1.168759812
leopard2-c0-v2,systematic_encode,per_payload_byte,17,129,low_v1,full_block_tail_exact,new_exact_profile,heuristic_conservative_dense_join,32,17,256,146,146,110,15,95,1.753424658,gf8,gf8,false,false,288,720,441,1155,1011,17,18,54,282,0,3840,1.16328125
leopard2-c0-v2,systematic_encode,per_payload_byte,17,129,low_v1,direct_matrix_exact,new_exact_profile,exact_dense_generator_arithmetic,32,17,256,146,146,110,15,95,1.753424658,gf8,gf8,false,false,0,2064,2193,2193,129,1,0,1,0,0,8772,0.509233926
leopard2-c0-v2,systematic_encode,per_payload_byte,17,129,low_v1,subproduct_tree_exact,new_exact_profile,asymptotic_generic_polynomial_proxy,32,17,256,146,146,110,15,95,1.753424658,gf8,gf8,false,false,28032,28032,28032,56064,28032,584,8,24,0,0,168224,0.026553881
leopard2-c0-v2,systematic_encode,per_payload_byte,17,255,legacy_high_v1,padded_dyadic_parent,parent_preserving,exact_structural_radix2_dag,256,256,512,512,272,240,239,1,1.882352941,gf16,gf16,false,false,2048,4096,2048,4624,4863,512,0,16,528,239,17679,1.0
leopard2-c0-v2,systematic_encode,per_payload_byte,17,255,legacy_high_v1,prefix_pruned_parent,parent_preserving,exact_structural_radix2_dag,256,256,512,512,272,240,239,1,1.882352941,gf16,gf16,false,false,1311,2622,1311,3150,3150,512,1,16,528,0,11548,1.530914444
leopard2-c0-v2,systematic_encode,per_payload_byte,17,255,legacy_high_v1,dependency_pruned_parent,parent_preserving,exact_structural_radix2_dag,256,256,512,512,272,240,239,1,1.882352941,gf16,gf16,false,false,1311,2622,1311,3150,3150,512,2,16,528,0,11552,1.530384349
leopard2-c0-v2,systematic_encode,per_payload_byte,17,255,legacy_high_v1,recursive_truncated_parent,parent_preserving,exact_arithmetic_lower_bound_scratch,256,256,512,512,272,240,239,1,1.882352941,gf16,gf16,false,false,1311,2622,1311,3150,3150,256,16,16,528,0,11608,1.523001378
leopard2-c0-v2,systematic_encode,per_payload_byte,17,255,legacy_high_v1,binary_dyadic_exact,new_exact_profile,heuristic_optimistic_cross_block,256,255,512,272,272,240,239,1,1.882352941,gf16,gf16,false,false,1538,6646,5108,10743,7173,255,14,70,527,0,34834,0.507521387
leopard2-c0-v2,systematic_encode,per_payload_byte,17,255,legacy_high_v1,full_block_tail_exact,new_exact_profile,heuristic_conservative_dense_join,256,255,512,272,272,240,239,1,1.882352941,gf16,gf16,false,false,896,66308,65666,131605,35085,255,4,18,527,0,364346,0.048522558
leopard2-c0-v2,systematic_encode,per_payload_byte,17,255,legacy_high_v1,direct_matrix_exact,new_exact_profile,exact_dense_generator_arithmetic,256,255,512,272,272,240,239,1,1.882352941,gf16,gf16,false,false,0,4080,4335,4335,255,1,0,1,0,0,17340,1.019550173
leopard2-c0-v2,systematic_encode,per_payload_byte,17,255,legacy_high_v1,subproduct_tree_exact,new_exact_profile,asymptotic_generic_polynomial_proxy,256,255,512,272,272,240,239,1,1.882352941,gf16,gf16,false,false,66096,66096,66096,132192,66096,1088,9,27,0,0,396612,0.044575051
leopard2-c0-v2,systematic_encode,per_payload_byte,17,255,low_v1,padded_dyadic_parent,parent_preserving,exact_structural_radix2_dag,32,32,512,512,272,240,15,225,1.882352941,gf16,gf16,false,false,720,1440,720,1968,1983,64,0,45,528,15,6831,1.0
leopard2-c0-v2,systematic_encode,per_payload_byte,17,255,low_v1,prefix_pruned_parent,parent_preserving,exact_structural_radix2_dag,32,32,512,512,272,240,15,225,1.882352941,gf16,gf16,false,false,703,1406,703,1934,1934,64,1,45,528,0,6684,1.021992819
leopard2-c0-v2,systematic_encode,per_payload_byte,17,255,low_v1,dependency_pruned_parent,parent_preserving,exact_structural_radix2_dag,32,32,512,512,272,240,15,225,1.882352941,gf16,gf16,false,false,703,1406,703,1934,1934,64,2,45,528,0,6688,1.021381579
leopard2-c0-v2,systematic_encode,per_payload_byte,17,255,low_v1,recursive_truncated_parent,parent_preserving,exact_arithmetic_lower_bound_scratch,32,32,512,512,272,240,15,225,1.882352941,gf16,gf16,false,false,703,1406,703,1934,1934,32,10,45,528,0,6720,1.016517857
leopard2-c0-v2,systematic_encode,per_payload_byte,17,255,low_v1,binary_dyadic_exact,new_exact_profile,heuristic_optimistic_cross_block,32,17,512,272,272,240,15,225,1.882352941,gf16,gf16,false,false,512,1296,784,2095,1823,17,16,80,527,0,6846,0.99780894
leopard2-c0-v2,systematic_encode,per_payload_byte,17,255,low_v1,full_block_tail_exact,new_exact_profile,heuristic_conservative_dense_join,32,17,512,272,272,240,15,225,1.882352941,gf16,gf16,false,false,512,1280,784,2079,1823,17,32,96,527,0,6878,0.993166618
leopard2-c0-v2,systematic_encode,per_payload_byte,17,255,low_v1,direct_matrix_exact,new_exact_profile,exact_dense_generator_arithmetic,32,17,512,272,272,240,15,225,1.882352941,gf16,gf16,false,false,0,4080,4335,4335,255,1,0,1,0,0,17340,0.393944637
leopard2-c0-v2,systematic_encode,per_payload_byte,17,255,low_v1,subproduct_tree_exact,new_exact_profile,asymptotic_generic_polynomial_proxy,32,17,512,272,272,240,15,225,1.882352941,gf16,gf16,false,false,66096,66096,66096,132192,66096,1088,9,27,0,0,396612,0.017223382
leopard2-c0-v2,systematic_encode,per_payload_byte,31,3,legacy_high_v1,padded_dyadic_parent,parent_preserving,exact_structural_radix2_dag,4,4,64,64,34,30,29,1,1.882352941,gf8,gf8,false,false,36,100,36,166,139,8,0,18,38,1,477,1.0
leopard2-c0-v2,systematic_encode,per_payload_byte,31,3,legacy_high_v1,prefix_pruned_parent,parent_preserving,exact_structural_radix2_dag,4,4,64,64,34,30,29,1,1.882352941,gf8,gf8,false,false,36,100,36,166,138,8,1,18,38,0,480,0.99375
leopard2-c0-v2,systematic_encode,per_payload_byte,31,3,legacy_high_v1,dependency_pruned_parent,parent_preserving,exact_structural_radix2_dag,4,4,64,64,34,30,29,1,1.882352941,gf8,gf8,false,false,36,100,36,166,138,8,2,18,38,0,484,0.98553719
leopard2-c0-v2,systematic_encode,per_payload_byte,31,3,legacy_high_v1,recursive_truncated_parent,parent_preserving,exact_arithmetic_lower_bound_scratch,4,4,64,64,34,30,29,1,1.882352941,gf8,gf8,false,false,36,100,36,166,138,4,4,18,38,0,492,0.969512195
leopard2-c0-v2,systematic_encode,per_payload_byte,31,3,legacy_high_v1,binary_dyadic_exact,new_exact_profile,heuristic_optimistic_cross_block,4,3,64,34,34,30,29,1,1.882352941,gf8,gf8,false,false,12,90,48,193,127,3,12,24,37,0,554,0.86101083
leopard2-c0-v2,systematic_encode,per_payload_byte,31,3,legacy_high_v1,full_block_tail_exact,new_exact_profile,heuristic_conservative_dense_join,4,3,64,34,34,30,29,1,1.882352941,gf8,gf8,false,false,12,78,48,181,127,3,24,36,37,0,578,0.825259516
leopard2-c0-v2,systematic_encode,per_payload_byte,31,3,legacy_high_v1,direct_matrix_exact,new_exact_profile,exact_dense_generator_arithmetic,4,3,64,34,34,30,29,1,1.882352941,gf8,gf8,false,false,0,90,93,93,3,1,0,1,0,0,372,1.282258065
leopard2-c0-v2,systematic_encode,per_payload_byte,31,3,legacy_high_v1,subproduct_tree_exact,new_exact_profile,asymptotic_generic_polynomial_proxy,4,3,64,34,34,30,29,1,1.882352941,gf8,gf8,false,false,3672,3672,3672,7344,3672,136,6,18,0,0,22056,0.021626768
leopard2-c0-v2,systematic_encode,per_payload_byte,31,3,low_v1,padded_dyadic_parent,parent_preserving,exact_structural_radix2_dag,32,32,64,64,34,30,1,29,1.882352941,gf8,gf8,false,false,160,320,160,386,387,64,0,10,66,1,1413,1.0
leopard2-c0-v2,systematic_encode,per_payload_byte,31,3,low_v1,prefix_pruned_parent,parent_preserving,exact_structural_radix2_dag,32,32,64,64,34,30,1,29,1.882352941,gf8,gf8,false,false,160,320,160,386,386,64,1,10,66,0,1416,0.997881356
leopard2-c0-v2,systematic_encode,per_payload_byte,31,3,low_v1,dependency_pruned_parent,parent_preserving,exact_structural_radix2_dag,32,32,64,64,34,30,1,29,1.882352941,gf8,gf8,false,false,133,266,133,332,332,64,2,10,66,0,1204,1.17358804
leopard2-c0-v2,systematic_encode,per_payload_byte,31,3,low_v1,recursive_truncated_parent,parent_preserving,exact_arithmetic_lower_bound_scratch,32,32,64,64,34,30,1,29,1.882352941,gf8,gf8,false,false,133,266,133,332,332,32,10,10,66,0,1236,1.143203883
leopard2-c0-v2,systematic_encode,per_payload_byte,31,3,low_v1,binary_dyadic_exact,new_exact_profile,heuristic_optimistic_cross_block,32,31,64,34,34,30,1,29,1.882352941,gf8,gf8,false,false,98,444,346,757,509,31,8,28,65,0,2434,0.580525883
leopard2-c0-v2,systematic_encode,per_payload_byte,31,3,low_v1,full_block_tail_exact,new_exact_profile,heuristic_conservative_dense_join,32,31,64,34,34,30,1,29,1.882352941,gf8,gf8,false,false,64,1028,994,2023,703,31,4,12,65,0,5758,0.245397708
leopard2-c0-v2,systematic_encode,per_payload_byte,31,3,low_v1,direct_matrix_exact,new_exact_profile,exact_dense_generator_arithmetic,32,31,64,34,34,30,1,29,1.882352941,gf8,gf8,false,false,0,90,93,93,3,1,0,1,0,0,372,3.798387097
leopard2-c0-v2,systematic_encode,per_payload_byte,31,3,low_v1,subproduct_tree_exact,new_exact_profile,asymptotic_generic_polynomial_proxy,32,31,64,34,34,30,1,29,1.882352941,gf8,gf8,false,false,3672,3672,3672,7344,3672,136,6,18,0,0,22056,0.0640642
leopard2-c0-v2,systematic_encode,per_payload_byte,31,5,legacy_high_v1,padded_dyadic_parent,parent_preserving,exact_structural_radix2_dag,8,8,64,64,36,28,25,3,1.777777778,gf8,gf8,false,false,60,144,60,212,189,16,0,15,44,1,665,1.0
leopard2-c0-v2,systematic_encode,per_payload_byte,31,5,legacy_high_v1,prefix_pruned_parent,parent_preserving,exact_structural_radix2_dag,8,8,64,64,36,28,25,3,1.777777778,gf8,gf8,false,false,60,144,60,212,188,16,1,15,44,0,668,0.995508982
leopard2-c0-v2,systematic_encode,per_payload_byte,31,5,legacy_high_v1,dependency_pruned_parent,parent_preserving,exact_structural_radix2_dag,8,8,64,64,36,28,25,3,1.777777778,gf8,gf8,false,false,60,144,60,212,188,16,2,15,44,0,672,0.989583333
leopard2-c0-v2,systematic_encode,per_payload_byte,31,5,legacy_high_v1,recursive_truncated_parent,parent_preserving,exact_arithmetic_lower_bound_scratch,8,8,64,64,36,28,25,3,1.777777778,gf8,gf8,false,false,60,144,60,212,188,8,6,15,44,0,688,0.966569767
leopard2-c0-v2,systematic_encode,per_payload_byte,31,5,legacy_high_v1,binary_dyadic_exact,new_exact_profile,heuristic_optimistic_cross_block,8,5,64,36,36,28,25,3,1.777777778,gf8,gf8,false,false,32,134,72,245,175,5,8,24,41,0,730,0.910958904
leopard2-c0-v2,systematic_encode,per_payload_byte,31,5,legacy_high_v1,full_block_tail_exact,new_exact_profile,heuristic_conservative_dense_join,8,5,64,36,36,28,25,3,1.777777778,gf8,gf8,false,false,32,126,72,237,175,5,16,32,41,0,746,0.891420912
leopard2-c0-v2,systematic_encode,per_payload_byte,31,5,legacy_high_v1,direct_matrix_exact,new_exact_profile,exact_dense_generator_arithmetic,8,5,64,36,36,28,25,3,1.777777778,gf8,gf8,false,false,0,150,155,155,5,1,0,1,0,0,620,1.072580645
leopard2-c0-v2,systematic_encode,per_payload_byte,31,5,legacy_high_v1,subproduct_tree_exact,new_exact_profile,asymptotic_generic_polynomial_proxy,8,5,64,36,36,28,25,3,1.777777778,gf8,gf8,false,false,3888,3888,3888,7776,3888,144,6,18,0,0,23352,0.028477218
leopard2-c0-v2,systematic_encode,per_payload_byte,31,5,low_v1,padded_dyadic_parent,parent_preserving,exact_structural_radix2_dag,32,32,64,64,36,28,1,27,1.777777778,gf8,gf8,false,false,160,320,160,388,389,64,0,10,68,1,1417,1.0
leopard2-c0-v2,systematic_encode,per_payload_byte,31,5,low_v1,prefix_pruned_parent,parent_preserving,exact_structural_radix2_dag,32,32,64,64,36,28,1,27,1.777777778,gf8,gf8,false,false,160,320,160,388,388,64,1,10,68,0,1420,0.997887324
leopard2-c0-v2,systematic_encode,per_payload_byte,31,5,low_v1,dependency_pruned_parent,parent_preserving,exact_structural_radix2_dag,32,32,64,64,36,28,1,27,1.777777778,gf8,gf8,false,false,143,286,143,354,354,64,2,10,68,0,1288,1.10015528
leopard2-c0-v2,systematic_encode,per_payload_byte,31,5,low_v1,recursive_truncated_parent,parent_preserving,exact_arithmetic_lower_bound_scratch,32,32,64,64,36,28,1,27,1.777777778,gf8,gf8,false,false,143,286,143,354,354,32,10,10,68,0,1320,1.073484848
leopard2-c0-v2,systematic_encode,per_payload_byte,31,5,low_v1,binary_dyadic_exact,new_exact_profile,heuristic_optimistic_cross_block,32,31,64,36,36,28,1,27,1.777777778,gf8,gf8,false,false,98,444,346,759,511,31,8,28,67,0,2438,0.58121411
leopard2-c0-v2,systematic_encode,per_payload_byte,31,5,low_v1,full_block_tail_exact,new_exact_profile,heuristic_conservative_dense_join,32,31,64,36,36,28,1,27,1.777777778,gf8,gf8,false,false,64,1028,994,2025,705,31,4,12,67,0,5762,0.245921555
leopard2-c0-v2,systematic_encode,per_payload_byte,31,5,low_v1,direct_matrix_exact,new_exact_profile,exact_dense_generator_arithmetic,32,31,64,36,36,28,1,27,1.777777778,gf8,gf8,false,false,0,150,155,155,5,1,0,1,0,0,620,2.285483871
leopard2-c0-v2,systematic_encode,per_payload_byte,31,5,low_v1,subproduct_tree_exact,new_exact_profile,asymptotic_generic_polynomial_proxy,32,31,64,36,36,28,1,27,1.777777778,gf8,gf8,false,false,3888,3888,3888,7776,3888,144,6,18,0,0,23352,0.060680027
leopard2-c0-v2,systematic_encode,per_payload_byte,31,7,legacy_high_v1,padded_dyadic_parent,parent_preserving,exact_structural_radix2_dag,8,8,64,64,38,26,25,1,1.684210526,gf8,gf8,false,false,60,144,60,214,191,16,0,15,46,1,669,1.0
leopard2-c0-v2,systematic_encode,per_payload_byte,31,7,legacy_high_v1,prefix_pruned_parent,parent_preserving,exact_structural_radix2_dag,8,8,64,64,38,26,25,1,1.684210526,gf8,gf8,false,false,60,144,60,214,190,16,1,15,46,0,672,0.995535714
leopard2-c0-v2,systematic_encode,per_payload_byte,31,7,legacy_high_v1,dependency_pruned_parent,parent_preserving,exact_structural_radix2_dag,8,8,64,64,38,26,25,1,1.684210526,gf8,gf8,false,false,60,144,60,214,190,16,2,15,46,0,676,0.98964497
leopard2-c0-v2,systematic_encode,per_payload_byte,31,7,legacy_high_v1,recursive_truncated_parent,parent_preserving,exact_arithmetic_lower_bound_scratch,8,8,64,64,38,26,25,1,1.684210526,gf8,gf8,false,false,60,144,60,214,190,8,6,15,46,0,692,0.966763006
leopard2-c0-v2,systematic_encode,per_payload_byte,31,7,legacy_high_v1,binary_dyadic_exact,new_exact_profile,heuristic_optimistic_cross_block,8,7,64,38,38,26,25,1,1.684210526,gf8,gf8,false,false,30,172,114,329,217,7,12,30,45,0,994,0.673038229
leopard2-c0-v2,systematic_encode,per_payload_byte,31,7,legacy_high_v1,full_block_tail_exact,new_exact_profile,heuristic_conservative_dense_join,8,7,64,38,38,26,25,1,1.684210526,gf8,gf8,false,false,24,184,150,383,211,7,12,24,45,0,1126,0.594138544
leopard2-c0-v2,systematic_encode,per_payload_byte,31,7,legacy_high_v1,direct_matrix_exact,new_exact_profile,exact_dense_generator_arithmetic,8,7,64,38,38,26,25,1,1.684210526,gf8,gf8,false,false,0,210,217,217,7,1,0,1,0,0,868,0.770737327
leopard2-c0-v2,systematic_encode,per_payload_byte,31,7,legacy_high_v1,subproduct_tree_exact,new_exact_profile,asymptotic_generic_polynomial_proxy,8,7,64,38,38,26,25,1,1.684210526,gf8,gf8,false,false,4104,4104,4104,8208,4104,152,6,18,0,0,24648,0.027142162
leopard2-c0-v2,systematic_encode,per_payload_byte,31,7,low_v1,padded_dyadic_parent,parent_preserving,exact_structural_radix2_dag,32,32,64,64,38,26,1,25,1.684210526,gf8,gf8,false,false,160,320,160,390,391,64,0,10,70,1,1421,1.0
leopard2-c0-v2,systematic_encode,per_payload_byte,31,7,low_v1,prefix_pruned_parent,parent_preserving,exact_structural_radix2_dag,32,32,64,64,38,26,1,25,1.684210526,gf8,gf8,false,false,160,320,160,390,390,64,1,10,70,0,1424,0.997893258
leopard2-c0-v2,systematic_encode,per_payload_byte,31,7,low_v1,dependency_pruned_parent,parent_preserving,exact_structural_radix2_dag,32,32,64,64,38,26,1,25,1.684210526,gf8,gf8,false,false,149,298,149,368,368,64,2,10,70,0,1340,1.060447761
leopard2-c0-v2,systematic_encode,per_payload_byte,31,7,low_v1,recursive_truncated_parent,parent_preserving,exact_arithmetic_lower_bound_scratch,32,32,64,64,38,26,1,25,1.684210526,gf8,gf8,false,false,149,298,149,368,368,32,10,10,70,0,1372,1.035714286
leopard2-c0-v2,systematic_encode,per_payload_byte,31,7,low_v1,binary_dyadic_exact,new_exact_profile,heuristic_optimistic_cross_block,32,31,64,38,38,26,1,25,1.684210526,gf8,gf8,false,false,98,444,346,761,513,31,8,28,69,0,2442,0.581900082
leopard2-c0-v2,systematic_encode,per_payload_byte,31,7,low_v1,full_block_tail_exact,new_exact_profile,heuristic_conservative_dense_join,32,31,64,38,38,26,1,25,1.684210526,gf8,gf8,false,false,64,1028,994,2027,707,31,4,12,69,0,5766,0.246444676
leopard2-c0-v2,systematic_encode,per_payload_byte,31,7,low_v1,direct_matrix_exact,new_exact_profile,exact_dense_generator_arithmetic,32,31,64,38,38,26,1,25,1.684210526,gf8,gf8,false,false,0,210,217,217,7,1,0,1,0,0,868,1.637096774
leopard2-c0-v2,systematic_encode,per_payload_byte,31,7,low_v1,subproduct_tree_exact,new_exact_profile,asymptotic_generic_polynomial_proxy,32,31,64,38,38,26,1,25,1.684210526,gf8,gf8,false,false,4104,4104,4104,8208,4104,152,6,18,0,0,24648,0.057651736
leopard2-c0-v2,systematic_encode,per_payload_byte,31,9,legacy_high_v1,padded_dyadic_parent,parent_preserving,exact_structural_radix2_dag,16,16,64,64,40,24,17,7,1.6,gf8,gf8,false,false,96,208,96,280,265,32,0,12,56,1,945,1.0
leopard2-c0-v2,systematic_encode,per_payload_byte,31,9,legacy_high_v1,prefix_pruned_parent,parent_preserving,exact_structural_radix2_dag,16,16,64,64,40,24,17,7,1.6,gf8,gf8,false,false,96,208,96,280,264,32,1,12,56,0,948,0.996835443
leopard2-c0-v2,systematic_encode,per_payload_byte,31,9,legacy_high_v1,dependency_pruned_parent,parent_preserving,exact_structural_radix2_dag,16,16,64,64,40,24,17,7,1.6,gf8,gf8,false,false,96,208,96,280,264,32,2,12,56,0,952,0.992647059
leopard2-c0-v2,systematic_encode,per_payload_byte,31,9,legacy_high_v1,recursive_truncated_parent,parent_preserving,exact_arithmetic_lower_bound_scratch,16,16,64,64,40,24,17,7,1.6,gf8,gf8,false,false,96,208,96,280,264,16,8,12,56,0,976,0.968237705
leopard2-c0-v2,systematic_encode,per_payload_byte,31,9,legacy_high_v1,binary_dyadic_exact,new_exact_profile,heuristic_optimistic_cross_block,16,9,64,40,40,24,17,7,1.6,gf8,gf8,false,false,60,192,105,313,241,9,5,20,49,0,976,0.968237705
leopard2-c0-v2,systematic_encode,per_payload_byte,31,9,legacy_high_v1,full_block_tail_exact,new_exact_profile,heuristic_conservative_dense_join,16,9,64,40,40,24,17,7,1.6,gf8,gf8,false,false,60,187,105,308,241,9,10,25,49,0,986,0.95841785
leopard2-c0-v2,systematic_encode,per_payload_byte,31,9,legacy_high_v1,direct_matrix_exact,new_exact_profile,exact_dense_generator_arithmetic,16,9,64,40,40,24,17,7,1.6,gf8,gf8,false,false,0,270,279,279,9,1,0,1,0,0,1116,0.846774194
leopard2-c0-v2,systematic_encode,per_payload_byte,31,9,legacy_high_v1,subproduct_tree_exact,new_exact_profile,asymptotic_generic_polynomial_proxy,16,9,64,40,40,24,17,7,1.6,gf8,gf8,false,false,4320,4320,4320,8640,4320,160,6,18,0,0,25944,0.036424607
leopard2-c0-v2,systematic_encode,per_payload_byte,31,9,low_v1,padded_dyadic_parent,parent_preserving,exact_structural_radix2_dag,32,32,64,64,40,24,1,23,1.6,gf8,gf8,false,false,160,320,160,392,393,64,0,10,72,1,1425,1.0
leopard2-c0-v2,systematic_encode,per_payload_byte,31,9,low_v1,prefix_pruned_parent,parent_preserving,exact_structural_radix2_dag,32,32,64,64,40,24,1,23,1.6,gf8,gf8,false,false,160,320,160,392,392,64,1,10,72,0,1428,0.99789916
leopard2-c0-v2,systematic_encode,per_payload_byte,31,9,low_v1,dependency_pruned_parent,parent_preserving,exact_structural_radix2_dag,32,32,64,64,40,24,1,23,1.6,gf8,gf8,false,false,153,306,153,378,378,64,2,10,72,0,1376,1.035610465
leopard2-c0-v2,systematic_encode,per_payload_byte,31,9,low_v1,recursive_truncated_parent,parent_preserving,exact_arithmetic_lower_bound_scratch,32,32,64,64,40,24,1,23,1.6,gf8,gf8,false,false,153,306,153,378,378,32,10,10,72,0,1408,1.012073864
leopard2-c0-v2,systematic_encode,per_payload_byte,31,9,low_v1,binary_dyadic_exact,new_exact_profile,heuristic_optimistic_cross_block,32,31,64,40,40,24,1,23,1.6,gf8,gf8,false,false,98,444,346,763,515,31,8,28,71,0,2446,0.58258381
leopard2-c0-v2,systematic_encode,per_payload_byte,31,9,low_v1,full_block_tail_exact,new_exact_profile,heuristic_conservative_dense_join,32,31,64,40,40,24,1,23,1.6,gf8,gf8,false,false,64,1028,994,2029,709,31,4,12,71,0,5770,0.246967071
leopard2-c0-v2,systematic_encode,per_payload_byte,31,9,low_v1,direct_matrix_exact,new_exact_profile,exact_dense_generator_arithmetic,32,31,64,40,40,24,1,23,1.6,gf8,gf8,false,false,0,270,279,279,9,1,0,1,0,0,1116,1.27688172
leopard2-c0-v2,systematic_encode,per_payload_byte,31,9,low_v1,subproduct_tree_exact,new_exact_profile,asymptotic_generic_polynomial_proxy,32,31,64,40,40,24,1,23,1.6,gf8,gf8,false,false,4320,4320,4320,8640,4320,160,6,18,0,0,25944,0.054925994
leopard2-c0-v2,systematic_encode,per_payload_byte,31,15,legacy_high_v1,padded_dyadic_parent,parent_preserving,exact_structural_radix2_dag,16,16,64,64,46,18,17,1,1.391304348,gf8,gf8,false,false,96,208,96,286,271,32,0,12,62,1,957,1.0
leopard2-c0-v2,systematic_encode,per_payload_byte,31,15,legacy_high_v1,prefix_pruned_parent,parent_preserving,exact_structural_radix2_dag,16,16,64,64,46,18,17,1,1.391304348,gf8,gf8,false,false,96,208,96,286,270,32,1,12,62,0,960,0.996875
leopard2-c0-v2,systematic_encode,per_payload_byte,31,15,legacy_high_v1,dependency_pruned_parent,parent_preserving,exact_structural_radix2_dag,16,16,64,64,46,18,17,1,1.391304348,gf8,gf8,false,false,96,208,96,286,270,32,2,12,62,0,964,0.992738589
leopard2-c0-v2,systematic_encode,per_payload_byte,31,15,legacy_high_v1,recursive_truncated_parent,parent_preserving,exact_arithmetic_lower_bound_scratch,16,16,64,64,46,18,17,1,1.391304348,gf8,gf8,false,false,96,208,96,286,270,16,8,12,62,0,988,0.968623482
leopard2-c0-v2,systematic_encode,per_payload_byte,31,15,legacy_high_v1,binary_dyadic_exact,new_exact_profile,heuristic_optimistic_cross_block,16,15,64,46,46,18,17,1,1.391304348,gf8,gf8,false,false,68,346,248,617,407,15,12,36,61,0,1914,0.5
leopard2-c0-v2,systematic_encode,per_payload_byte,31,15,legacy_high_v1,full_block_tail_exact,new_exact_profile,heuristic_conservative_dense_join,16,15,64,46,46,18,17,1,1.391304348,gf8,gf8,false,false,48,518,468,1029,439,15,8,20,61,0,2954,0.323967502
leopard2-c0-v2,systematic_encode,per_payload_byte,31,15,legacy_high_v1,direct_matrix_exact,new_exact_profile,exact_dense_generator_arithmetic,16,15,64,46,46,18,17,1,1.391304348,gf8,gf8,false,false,0,450,465,465,15,1,0,1,0,0,1860,0.514516129
leopard2-c0-v2,systematic_encode,per_payload_byte,31,15,legacy_high_v1,subproduct_tree_exact,new_exact_profile,asymptotic_generic_polynomial_proxy,16,15,64,46,46,18,17,1,1.391304348,gf8,gf8,false,false,4968,4968,4968,9936,4968,184,6,18,0,0,29832,0.032079646
leopard2-c0-v2,systematic_encode,per_payload_byte,31,15,low_v1,padded_dyadic_parent,parent_preserving,exact_structural_radix2_dag,32,32,64,64,46,18,1,17,1.391304348,gf8,gf8,false,false,160,320,160,398,399,64,0,10,78,1,1437,1.0
leopard2-c0-v2,systematic_encode,per_payload_byte,31,15,low_v1,prefix_pruned_parent,parent_preserving,exact_structural_radix2_dag,32,32,64,64,46,18,1,17,1.391304348,gf8,gf8,false,false,160,320,160,398,398,64,1,10,78,0,1440,0.997916667
leopard2-c0-v2,systematic_encode,per_payload_byte,31,15,low_v1,dependency_pruned_parent,parent_preserving,exact_structural_radix2_dag,32,32,64,64,46,18,1,17,1.391304348,gf8,gf8,false,false,159,318,159,396,396,64,2,10,78,0,1436,1.000696379
leopard2-c0-v2,systematic_encode,per_payload_byte,31,15,low_v1,recursive_truncated_parent,parent_preserving,exact_arithmetic_lower_bound_scratch,32,32,64,64,46,18,1,17,1.391304348,gf8,gf8,false,false,159,318,159,396,396,32,10,10,78,0,1468,0.978882834
leopard2-c0-v2,systematic_encode,per_payload_byte,31,15,low_v1,binary_dyadic_exact,new_exact_profile,heuristic_optimistic_cross_block,32,31,64,46,46,18,1,17,1.391304348,gf8,gf8,false,false,98,444,346,769,521,31,8,28,77,0,2458,0.584621644
leopard2-c0-v2,systematic_encode,per_payload_byte,31,15,low_v1,full_block_tail_exact,new_exact_profile,heuristic_conservative_dense_join,32,31,64,46,46,18,1,17,1.391304348,gf8,gf8,false,false,64,1028,994,2035,715,31,4,12,77,0,5782,0.24852992
leopard2-c0-v2,systematic_encode,per_payload_byte,31,15,low_v1,direct_matrix_exact,new_exact_profile,exact_dense_generator_arithmetic,32,31,64,46,46,18,1,17,1.391304348,gf8,gf8,false,false,0,450,465,465,15,1,0,1,0,0,1860,0.772580645
leopard2-c0-v2,systematic_encode,per_payload_byte,31,15,low_v1,subproduct_tree_exact,new_exact_profile,asymptotic_generic_polynomial_proxy,32,31,64,46,46,18,1,17,1.391304348,gf8,gf8,false,false,4968,4968,4968,9936,4968,184,6,18,0,0,29832,0.048169751
leopard2-c0-v2,systematic_encode,per_payload_byte,31,17,legacy_high_v1,padded_dyadic_parent,parent_preserving,exact_structural_radix2_dag,32,32,64,64,48,16,1,15,1.333333333,gf8,gf8,false,false,160,320,160,400,401,64,0,10,80,1,1441,1.0
leopard2-c0-v2,systematic_encode,per_payload_byte,31,17,legacy_high_v1,prefix_pruned_parent,parent_preserving,exact_structural_radix2_dag,32,32,64,64,48,16,1,15,1.333333333,gf8,gf8,false,false,160,320,160,400,400,64,1,10,80,0,1444,0.997922438
leopard2-c0-v2,systematic_encode,per_payload_byte,31,17,legacy_high_v1,dependency_pruned_parent,parent_preserving,exact_structural_radix2_dag,32,32,64,64,48,16,1,15,1.333333333,gf8,gf8,false,false,160,320,160,400,400,64,2,10,80,0,1448,0.995165746
leopard2-c0-v2,systematic_encode,per_payload_byte,31,17,legacy_high_v1,recursive_truncated_parent,parent_preserving,exact_arithmetic_lower_bound_scratch,32,32,64,64,48,16,1,15,1.333333333,gf8,gf8,false,false,160,320,160,400,400,32,10,10,80,0,1480,0.973648649
leopard2-c0-v2,systematic_encode,per_payload_byte,31,17,legacy_high_v1,binary_dyadic_exact,new_exact_profile,heuristic_optimistic_cross_block,32,17,64,48,48,16,1,15,1.333333333,gf8,gf8,false,false,96,260,147,393,325,17,3,15,65,0,1284,1.122274143
leopard2-c0-v2,systematic_encode,per_payload_byte,31,17,legacy_high_v1,full_block_tail_exact,new_exact_profile,heuristic_conservative_dense_join,32,17,64,48,48,16,1,15,1.333333333,gf8,gf8,false,false,96,257,147,390,325,17,6,18,65,0,1290,1.117054264
leopard2-c0-v2,systematic_encode,per_payload_byte,31,17,legacy_high_v1,direct_matrix_exact,new_exact_profile,exact_dense_generator_arithmetic,32,17,64,48,48,16,1,15,1.333333333,gf8,gf8,false,false,0,510,527,527,17,1,0,1,0,0,2108,0.683586338
leopard2-c0-v2,systematic_encode,per_payload_byte,31,17,legacy_high_v1,subproduct_tree_exact,new_exact_profile,asymptotic_generic_polynomial_proxy,32,17,64,48,48,16,1,15,1.333333333,gf8,gf8,false,false,5184,5184,5184,10368,5184,192,6,18,0,0,31128,0.046292727
leopard2-c0-v2,systematic_encode,per_payload_byte,31,17,low_v1,padded_dyadic_parent,parent_preserving,exact_structural_radix2_dag,32,32,64,64,48,16,1,15,1.333333333,gf8,gf8,false,false,160,320,160,400,401,64,0,10,80,1,1441,1.0
leopard2-c0-v2,systematic_encode,per_payload_byte,31,17,low_v1,prefix_pruned_parent,parent_preserving,exact_structural_radix2_dag,32,32,64,64,48,16,1,15,1.333333333,gf8,gf8,false,false,160,320,160,400,400,64,1,10,80,0,1444,0.997922438
leopard2-c0-v2,systematic_encode,per_payload_byte,31,17,low_v1,dependency_pruned_parent,parent_preserving,exact_structural_radix2_dag,32,32,64,64,48,16,1,15,1.333333333,gf8,gf8,false,false,160,320,160,400,400,64,2,10,80,0,1448,0.995165746
leopard2-c0-v2,systematic_encode,per_payload_byte,31,17,low_v1,recursive_truncated_parent,parent_preserving,exact_arithmetic_lower_bound_scratch,32,32,64,64,48,16,1,15,1.333333333,gf8,gf8,false,false,160,320,160,400,400,32,10,10,80,0,1480,0.973648649
leopard2-c0-v2,systematic_encode,per_payload_byte,31,17,low_v1,binary_dyadic_exact,new_exact_profile,heuristic_optimistic_cross_block,32,31,64,48,48,16,1,15,1.333333333,gf8,gf8,false,false,98,444,346,771,523,31,8,28,79,0,2462,0.585296507
leopard2-c0-v2,systematic_encode,per_payload_byte,31,17,low_v1,full_block_tail_exact,new_exact_profile,heuristic_conservative_dense_join,32,31,64,48,48,16,1,15,1.333333333,gf8,gf8,false,false,64,1028,994,2037,717,31,4,12,79,0,5786,0.24904943
leopard2-c0-v2,systematic_encode,per_payload_byte,31,17,low_v1,direct_matrix_exact,new_exact_profile,exact_dense_generator_arithmetic,32,31,64,48,48,16,1,15,1.333333333,gf8,gf8,false,false,0,510,527,527,17,1,0,1,0,0,2108,0.683586338
leopard2-c0-v2,systematic_encode,per_payload_byte,31,17,low_v1,subproduct_tree_exact,new_exact_profile,asymptotic_generic_polynomial_proxy,32,31,64,48,48,16,1,15,1.333333333,gf8,gf8,false,false,5184,5184,5184,10368,5184,192,6,18,0,0,31128,0.046292727
leopard2-c0-v2,systematic_encode,per_payload_byte,31,31,legacy_high_v1,padded_dyadic_parent,parent_preserving,exact_structural_radix2_dag,32,32,64,64,62,2,1,1,1.032258065,gf8,gf8,false,false,160,320,160,414,415,64,0,10,94,1,1469,1.0
leopard2-c0-v2,systematic_encode,per_payload_byte,31,31,legacy_high_v1,prefix_pruned_parent,parent_preserving,exact_structural_radix2_dag,32,32,64,64,62,2,1,1,1.032258065,gf8,gf8,false,false,160,320,160,414,414,64,1,10,94,0,1472,0.997961957
leopard2-c0-v2,systematic_encode,per_payload_byte,31,31,legacy_high_v1,dependency_pruned_parent,parent_preserving,exact_structural_radix2_dag,32,32,64,64,62,2,1,1,1.032258065,gf8,gf8,false,false,160,320,160,414,414,64,2,10,94,0,1476,0.995257453
leopard2-c0-v2,systematic_encode,per_payload_byte,31,31,legacy_high_v1,recursive_truncated_parent,parent_preserving,exact_arithmetic_lower_bound_scratch,32,32,64,64,62,2,1,1,1.032258065,gf8,gf8,false,false,160,320,160,414,414,32,10,10,94,0,1508,0.974137931
leopard2-c0-v2,systematic_encode,per_payload_byte,31,31,legacy_high_v1,binary_dyadic_exact,new_exact_profile,heuristic_optimistic_cross_block,32,31,64,62,62,2,1,1,1.032258065,gf8,gf8,false,false,98,444,346,785,537,31,8,28,93,0,2490,0.589959839
leopard2-c0-v2,systematic_encode,per_payload_byte,31,31,legacy_high_v1,full_block_tail_exact,new_exact_profile,heuristic_conservative_dense_join,32,31,64,62,62,2,1,1,1.032258065,gf8,gf8,false,false,64,1028,994,2051,731,31,4,12,93,0,5814,0.252665979
leopard2-c0-v2,systematic_encode,per_payload_byte,31,31,legacy_high_v1,direct_matrix_exact,new_exact_profile,exact_dense_generator_arithmetic,32,31,64,62,62,2,1,1,1.032258065,gf8,gf8,false,false,0,930,961,961,31,1,0,1,0,0,3844,0.382154006
leopard2-c0-v2,systematic_encode,per_payload_byte,31,31,legacy_high_v1,subproduct_tree_exact,new_exact_profile,asymptotic_generic_polynomial_proxy,32,31,64,62,62,2,1,1,1.032258065,gf8,gf8,false,false,6696,6696,6696,13392,6696,248,6,18,0,0,40200,0.036542289
leopard2-c0-v2,systematic_encode,per_payload_byte,31,31,low_v1,padded_dyadic_parent,parent_preserving,exact_structural_radix2_dag,32,32,64,64,62,2,1,1,1.032258065,gf8,gf8,false,false,160,320,160,414,415,64,0,10,94,1,1469,1.0
leopard2-c0-v2,systematic_encode,per_payload_byte,31,31,low_v1,prefix_pruned_parent,parent_preserving,exact_structural_radix2_dag,32,32,64,64,62,2,1,1,1.032258065,gf8,gf8,false,false,160,320,160,414,414,64,1,10,94,0,1472,0.997961957
leopard2-c0-v2,systematic_encode,per_payload_byte,31,31,low_v1,dependency_pruned_parent,parent_preserving,exact_structural_radix2_dag,32,32,64,64,62,2,1,1,1.032258065,gf8,gf8,false,false,160,320,160,414,414,64,2,10,94,0,1476,0.995257453
leopard2-c0-v2,systematic_encode,per_payload_byte,31,31,low_v1,recursive_truncated_parent,parent_preserving,exact_arithmetic_lower_bound_scratch,32,32,64,64,62,2,1,1,1.032258065,gf8,gf8,false,false,160,320,160,414,414,32,10,10,94,0,1508,0.974137931
leopard2-c0-v2,systematic_encode,per_payload_byte,31,31,low_v1,binary_dyadic_exact,new_exact_profile,heuristic_optimistic_cross_block,32,31,64,62,62,2,1,1,1.032258065,gf8,gf8,false,false,98,444,346,785,537,31,8,28,93,0,2490,0.589959839
leopard2-c0-v2,systematic_encode,per_payload_byte,31,31,low_v1,full_block_tail_exact,new_exact_profile,heuristic_conservative_dense_join,32,31,64,62,62,2,1,1,1.032258065,gf8,gf8,false,false,64,1028,994,2051,731,31,4,12,93,0,5814,0.252665979
leopard2-c0-v2,systematic_encode,per_payload_byte,31,31,low_v1,direct_matrix_exact,new_exact_profile,exact_dense_generator_arithmetic,32,31,64,62,62,2,1,1,1.032258065,gf8,gf8,false,false,0,930,961,961,31,1,0,1,0,0,3844,0.382154006
leopard2-c0-v2,systematic_encode,per_payload_byte,31,31,low_v1,subproduct_tree_exact,new_exact_profile,asymptotic_generic_polynomial_proxy,32,31,64,62,62,2,1,1,1.032258065,gf8,gf8,false,false,6696,6696,6696,13392,6696,248,6,18,0,0,40200,0.036542289
leopard2-c0-v2,systematic_encode,per_payload_byte,31,33,legacy_high_v1,padded_dyadic_parent,parent_preserving,exact_structural_radix2_dag,64,64,128,128,64,64,33,31,2.0,gf8,gf8,false,false,384,768,384,896,929,128,0,12,128,33,3361,1.0
leopard2-c0-v2,systematic_encode,per_payload_byte,31,33,legacy_high_v1,prefix_pruned_parent,parent_preserving,exact_structural_radix2_dag,64,64,128,128,64,64,33,31,2.0,gf8,gf8,false,false,304,608,304,736,736,128,1,12,128,0,2692,1.248514116
leopard2-c0-v2,systematic_encode,per_payload_byte,31,33,legacy_high_v1,dependency_pruned_parent,parent_preserving,exact_structural_radix2_dag,64,64,128,128,64,64,33,31,2.0,gf8,gf8,false,false,304,608,304,736,736,128,2,12,128,0,2696,1.246661721
leopard2-c0-v2,systematic_encode,per_payload_byte,31,33,legacy_high_v1,recursive_truncated_parent,parent_preserving,exact_arithmetic_lower_bound_scratch,64,64,128,128,64,64,33,31,2.0,gf8,gf8,false,false,304,608,304,736,736,64,12,12,128,0,2736,1.228435673
leopard2-c0-v2,systematic_encode,per_payload_byte,31,33,legacy_high_v1,binary_dyadic_exact,new_exact_profile,heuristic_optimistic_cross_block,64,33,128,64,64,64,33,31,2.0,gf8,gf8,false,false,160,386,226,549,483,33,2,12,97,0,1878,1.789669862
leopard2-c0-v2,systematic_encode,per_payload_byte,31,33,legacy_high_v1,full_block_tail_exact,new_exact_profile,heuristic_conservative_dense_join,64,33,128,64,64,64,33,31,2.0,gf8,gf8,false,false,160,384,226,547,483,33,4,14,97,0,1882,1.7858661
leopard2-c0-v2,systematic_encode,per_payload_byte,31,33,legacy_high_v1,direct_matrix_exact,new_exact_profile,exact_dense_generator_arithmetic,64,33,128,64,64,64,33,31,2.0,gf8,gf8,false,false,0,990,1023,1023,33,1,0,1,0,0,4092,0.821358749
leopard2-c0-v2,systematic_encode,per_payload_byte,31,33,legacy_high_v1,subproduct_tree_exact,new_exact_profile,asymptotic_generic_polynomial_proxy,64,33,128,64,64,64,33,31,2.0,gf8,gf8,false,false,6912,6912,6912,13824,6912,256,6,18,0,0,41496,0.080995759
leopard2-c0-v2,systematic_encode,per_payload_byte,31,33,low_v1,padded_dyadic_parent,parent_preserving,exact_structural_radix2_dag,32,32,128,128,64,64,1,63,2.0,gf8,gf8,false,false,240,480,240,608,609,64,0,15,128,1,2177,1.0
leopard2-c0-v2,systematic_encode,per_payload_byte,31,33,low_v1,prefix_pruned_parent,parent_preserving,exact_structural_radix2_dag,32,32,128,128,64,64,1,63,2.0,gf8,gf8,false,false,240,480,240,608,608,64,1,15,128,0,2180,0.998623853
leopard2-c0-v2,systematic_encode,per_payload_byte,31,33,low_v1,dependency_pruned_parent,parent_preserving,exact_structural_radix2_dag,32,32,128,128,64,64,1,63,2.0,gf8,gf8,false,false,191,382,191,510,510,64,2,15,128,0,1792,1.21484375
leopard2-c0-v2,systematic_encode,per_payload_byte,31,33,low_v1,recursive_truncated_parent,parent_preserving,exact_arithmetic_lower_bound_scratch,32,32,128,128,64,64,1,63,2.0,gf8,gf8,false,false,191,382,191,510,510,32,10,15,128,0,1824,1.193530702
leopard2-c0-v2,systematic_encode,per_payload_byte,31,33,low_v1,binary_dyadic_exact,new_exact_profile,heuristic_optimistic_cross_block,32,31,128,64,64,64,1,63,2.0,gf8,gf8,false,false,147,666,519,1164,792,31,12,42,126,0,3708,0.587108954
leopard2-c0-v2,systematic_encode,per_payload_byte,31,33,low_v1,full_block_tail_exact,new_exact_profile,heuristic_conservative_dense_join,32,31,128,64,64,64,1,63,2.0,gf8,gf8,false,false,96,1542,1491,3063,1083,31,6,18,126,0,8694,0.250402576
leopard2-c0-v2,systematic_encode,per_payload_byte,31,33,low_v1,direct_matrix_exact,new_exact_profile,exact_dense_generator_arithmetic,32,31,128,64,64,64,1,63,2.0,gf8,gf8,false,false,0,990,1023,1023,33,1,0,1,0,0,4092,0.532013685
leopard2-c0-v2,systematic_encode,per_payload_byte,31,33,low_v1,subproduct_tree_exact,new_exact_profile,asymptotic_generic_polynomial_proxy,32,31,128,64,64,64,1,63,2.0,gf8,gf8,false,false,6912,6912,6912,13824,6912,256,6,18,0,0,41496,0.052462888
leopard2-c0-v2,systematic_encode,per_payload_byte,31,63,legacy_high_v1,padded_dyadic_parent,parent_preserving,exact_structural_radix2_dag,64,64,128,128,94,34,33,1,1.361702128,gf8,gf8,false,false,384,768,384,926,959,128,0,12,158,33,3421,1.0
leopard2-c0-v2,systematic_encode,per_payload_byte,31,63,legacy_high_v1,prefix_pruned_parent,parent_preserving,exact_structural_radix2_dag,64,64,128,128,94,34,33,1,1.361702128,gf8,gf8,false,false,304,608,304,766,766,128,1,12,158,0,2752,1.24309593
leopard2-c0-v2,systematic_encode,per_payload_byte,31,63,legacy_high_v1,dependency_pruned_parent,parent_preserving,exact_structural_radix2_dag,64,64,128,128,94,34,33,1,1.361702128,gf8,gf8,false,false,304,608,304,766,766,128,2,12,158,0,2756,1.241291727
leopard2-c0-v2,systematic_encode,per_payload_byte,31,63,legacy_high_v1,recursive_truncated_parent,parent_preserving,exact_arithmetic_lower_bound_scratch,64,64,128,128,94,34,33,1,1.361702128,gf8,gf8,false,false,304,608,304,766,766,64,12,12,158,0,2796,1.223533619
leopard2-c0-v2,systematic_encode,per_payload_byte,31,63,legacy_high_v1,binary_dyadic_exact,new_exact_profile,heuristic_optimistic_cross_block,64,63,128,94,94,34,33,1,1.361702128,gf8,gf8,false,false,258,1146,888,1933,1303,63,10,40,157,0,6198,0.551952243
leopard2-c0-v2,systematic_encode,per_payload_byte,31,63,legacy_high_v1,full_block_tail_exact,new_exact_profile,heuristic_conservative_dense_join,64,63,128,94,94,34,33,1,1.361702128,gf8,gf8,false,false,160,4164,4066,8227,2523,63,4,14,157,0,23062,0.148339259
leopard2-c0-v2,systematic_encode,per_payload_byte,31,63,legacy_high_v1,direct_matrix_exact,new_exact_profile,exact_dense_generator_arithmetic,64,63,128,94,94,34,33,1,1.361702128,gf8,gf8,false,false,0,1890,1953,1953,63,1,0,1,0,0,7812,0.437916027
leopard2-c0-v2,systematic_encode,per_payload_byte,31,63,legacy_high_v1,subproduct_tree_exact,new_exact_profile,asymptotic_generic_polynomial_proxy,64,63,128,94,94,34,33,1,1.361702128,gf8,gf8,false,false,13818,13818,13818,27636,13818,376,7,21,0,0,82936,0.041248674
leopard2-c0-v2,systematic_encode,per_payload_byte,31,63,low_v1,padded_dyadic_parent,parent_preserving,exact_structural_radix2_dag,32,32,128,128,94,34,1,33,1.361702128,gf8,gf8,false,false,240,480,240,638,639,64,0,15,158,1,2237,1.0
leopard2-c0-v2,systematic_encode,per_payload_byte,31,63,low_v1,prefix_pruned_parent,parent_preserving,exact_structural_radix2_dag,32,32,128,128,94,34,1,33,1.361702128,gf8,gf8,false,false,240,480,240,638,638,64,1,15,158,0,2240,0.998660714
leopard2-c0-v2,systematic_encode,per_payload_byte,31,63,low_v1,dependency_pruned_parent,parent_preserving,exact_structural_radix2_dag,32,32,128,128,94,34,1,33,1.361702128,gf8,gf8,false,false,240,480,240,638,638,64,2,15,158,0,2244,0.99688057
leopard2-c0-v2,systematic_encode,per_payload_byte,31,63,low_v1,recursive_truncated_parent,parent_preserving,exact_arithmetic_lower_bound_scratch,32,32,128,128,94,34,1,33,1.361702128,gf8,gf8,false,false,240,480,240,638,638,32,10,15,158,0,2276,0.982864675
leopard2-c0-v2,systematic_encode,per_payload_byte,31,63,low_v1,binary_dyadic_exact,new_exact_profile,heuristic_optimistic_cross_block,32,31,128,94,94,34,1,33,1.361702128,gf8,gf8,false,false,196,888,692,1571,1075,31,16,56,187,0,4982,0.449016459
leopard2-c0-v2,systematic_encode,per_payload_byte,31,63,low_v1,full_block_tail_exact,new_exact_profile,heuristic_conservative_dense_join,32,31,128,94,94,34,1,33,1.361702128,gf8,gf8,false,false,128,2056,1988,4103,1463,31,8,24,187,0,11630,0.192347377
leopard2-c0-v2,systematic_encode,per_payload_byte,31,63,low_v1,direct_matrix_exact,new_exact_profile,exact_dense_generator_arithmetic,32,31,128,94,94,34,1,33,1.361702128,gf8,gf8,false,false,0,1890,1953,1953,63,1,0,1,0,0,7812,0.286354327
leopard2-c0-v2,systematic_encode,per_payload_byte,31,63,low_v1,subproduct_tree_exact,new_exact_profile,asymptotic_generic_polynomial_proxy,32,31,128,94,94,34,1,33,1.361702128,gf8,gf8,false,false,13818,13818,13818,27636,13818,376,7,21,0,0,82936,0.026972605
leopard2-c0-v2,systematic_encode,per_payload_byte,31,65,legacy_high_v1,padded_dyadic_parent,parent_preserving,exact_structural_radix2_dag,128,128,256,256,96,160,97,63,2.666666667,gf8,gf8,false,false,896,1792,896,2016,2113,256,0,14,224,97,7713,1.0
leopard2-c0-v2,systematic_encode,per_payload_byte,31,65,legacy_high_v1,prefix_pruned_parent,parent_preserving,exact_structural_radix2_dag,128,128,256,256,96,160,97,63,2.666666667,gf8,gf8,false,false,624,1248,624,1472,1472,256,1,14,224,0,5444,1.416789126
leopard2-c0-v2,systematic_encode,per_payload_byte,31,65,legacy_high_v1,dependency_pruned_parent,parent_preserving,exact_structural_radix2_dag,128,128,256,256,96,160,97,63,2.666666667,gf8,gf8,false,false,624,1248,624,1472,1472,256,2,14,224,0,5448,1.415748899
leopard2-c0-v2,systematic_encode,per_payload_byte,31,65,legacy_high_v1,recursive_truncated_parent,parent_preserving,exact_arithmetic_lower_bound_scratch,128,128,256,256,96,160,97,63,2.666666667,gf8,gf8,false,false,624,1248,624,1472,1472,128,14,14,224,0,5496,1.403384279
leopard2-c0-v2,systematic_encode,per_payload_byte,31,65,legacy_high_v1,binary_dyadic_exact,new_exact_profile,heuristic_optimistic_cross_block,128,65,256,96,96,160,97,63,2.666666667,gf8,gf8,false,false,384,898,514,1189,1059,65,2,14,161,0,4182,1.844332855
leopard2-c0-v2,systematic_encode,per_payload_byte,31,65,legacy_high_v1,full_block_tail_exact,new_exact_profile,heuristic_conservative_dense_join,128,65,256,96,96,160,97,63,2.666666667,gf8,gf8,false,false,384,896,514,1187,1059,65,4,16,161,0,4186,1.842570473
leopard2-c0-v2,systematic_encode,per_payload_byte,31,65,legacy_high_v1,direct_matrix_exact,new_exact_profile,exact_dense_generator_arithmetic,128,65,256,96,96,160,97,63,2.666666667,gf8,gf8,false,false,0,1950,2015,2015,65,1,0,1,0,0,8060,0.956947891
leopard2-c0-v2,systematic_encode,per_payload_byte,31,65,legacy_high_v1,subproduct_tree_exact,new_exact_profile,asymptotic_generic_polynomial_proxy,128,65,256,96,96,160,97,63,2.666666667,gf8,gf8,false,false,14112,14112,14112,28224,14112,384,7,21,0,0,84700,0.091062574
leopard2-c0-v2,systematic_encode,per_payload_byte,31,65,low_v1,padded_dyadic_parent,parent_preserving,exact_structural_radix2_dag,32,32,128,128,96,32,1,31,1.333333333,gf8,gf8,false,false,320,640,320,832,833,64,0,20,192,1,2945,1.0
leopard2-c0-v2,systematic_encode,per_payload_byte,31,65,low_v1,prefix_pruned_parent,parent_preserving,exact_structural_radix2_dag,32,32,128,128,96,32,1,31,1.333333333,gf8,gf8,false,false,320,640,320,832,832,64,1,20,192,0,2948,0.998982361
leopard2-c0-v2,systematic_encode,per_payload_byte,31,65,low_v1,dependency_pruned_parent,parent_preserving,exact_structural_radix2_dag,32,32,128,128,96,32,1,31,1.333333333,gf8,gf8,false,false,271,542,271,734,734,64,2,20,192,0,2560,1.150390625
leopard2-c0-v2,systematic_encode,per_payload_byte,31,65,low_v1,recursive_truncated_parent,parent_preserving,exact_arithmetic_lower_bound_scratch,32,32,128,128,96,32,1,31,1.333333333,gf8,gf8,false,false,271,542,271,734,734,32,10,20,192,0,2592,1.136188272
leopard2-c0-v2,systematic_encode,per_payload_byte,31,65,low_v1,binary_dyadic_exact,new_exact_profile,heuristic_optimistic_cross_block,32,31,128,96,96,32,1,31,1.333333333,gf8,gf8,false,false,196,888,692,1573,1077,31,16,56,189,0,4986,0.590653831
leopard2-c0-v2,systematic_encode,per_payload_byte,31,65,low_v1,full_block_tail_exact,new_exact_profile,heuristic_conservative_dense_join,32,31,128,96,96,32,1,31,1.333333333,gf8,gf8,false,false,128,2056,1988,4105,1465,31,8,24,189,0,11634,0.253137356
leopard2-c0-v2,systematic_encode,per_payload_byte,31,65,low_v1,direct_matrix_exact,new_exact_profile,exact_dense_generator_arithmetic,32,31,128,96,96,32,1,31,1.333333333,gf8,gf8,false,false,0,1950,2015,2015,65,1,0,1,0,0,8060,0.365384615
leopard2-c0-v2,systematic_encode,per_payload_byte,31,65,low_v1,subproduct_tree_exact,new_exact_profile,asymptotic_generic_polynomial_proxy,32,31,128,96,96,32,1,31,1.333333333,gf8,gf8,false,false,14112,14112,14112,28224,14112,384,7,21,0,0,84700,0.034769776
leopard2-c0-v2,systematic_encode,per_payload_byte,31,127,legacy_high_v1,padded_dyadic_parent,parent_preserving,exact_structural_radix2_dag,128,128,256,256,158,98,97,1,1.620253165,gf8,gf8,false,false,896,1792,896,2078,2175,256,0,14,286,97,7837,1.0
leopard2-c0-v2,systematic_encode,per_payload_byte,31,127,legacy_high_v1,prefix_pruned_parent,parent_preserving,exact_structural_radix2_dag,128,128,256,256,158,98,97,1,1.620253165,gf8,gf8,false,false,624,1248,624,1534,1534,256,1,14,286,0,5568,1.407507184
leopard2-c0-v2,systematic_encode,per_payload_byte,31,127,legacy_high_v1,dependency_pruned_parent,parent_preserving,exact_structural_radix2_dag,128,128,256,256,158,98,97,1,1.620253165,gf8,gf8,false,false,624,1248,624,1534,1534,256,2,14,286,0,5572,1.40649677
leopard2-c0-v2,systematic_encode,per_payload_byte,31,127,legacy_high_v1,recursive_truncated_parent,parent_preserving,exact_arithmetic_lower_bound_scratch,128,128,256,256,158,98,97,1,1.620253165,gf8,gf8,false,false,624,1248,624,1534,1534,128,14,14,286,0,5620,1.394483986
leopard2-c0-v2,systematic_encode,per_payload_byte,31,127,legacy_high_v1,binary_dyadic_exact,new_exact_profile,heuristic_optimistic_cross_block,128,127,256,158,158,98,97,1,1.620253165,gf8,gf8,false,false,642,2808,2166,4617,3093,127,12,54,285,0,14898,0.526043764
leopard2-c0-v2,systematic_encode,per_payload_byte,31,127,legacy_high_v1,full_block_tail_exact,new_exact_profile,heuristic_conservative_dense_join,128,127,256,158,158,98,97,1,1.620253165,gf8,gf8,false,false,384,16644,16386,32931,9243,127,4,16,285,0,91606,0.085551165
leopard2-c0-v2,systematic_encode,per_payload_byte,31,127,legacy_high_v1,direct_matrix_exact,new_exact_profile,exact_dense_generator_arithmetic,128,127,256,158,158,98,97,1,1.620253165,gf8,gf8,false,false,0,3810,3937,3937,127,1,0,1,0,0,15748,0.497650495
leopard2-c0-v2,systematic_encode,per_payload_byte,31,127,legacy_high_v1,subproduct_tree_exact,new_exact_profile,asymptotic_generic_polynomial_proxy,128,127,256,158,158,98,97,1,1.620253165,gf8,gf8,false,false,30336,30336,30336,60672,30336,632,8,24,0,0,182048,0.043049086
leopard2-c0-v2,systematic_encode,per_payload_byte,31,127,low_v1,padded_dyadic_parent,parent_preserving,exact_structural_radix2_dag,32,32,256,256,158,98,1,97,1.620253165,gf8,gf8,false,false,400,800,400,1086,1087,64,0,25,286,1,3773,1.0
leopard2-c0-v2,systematic_encode,per_payload_byte,31,127,low_v1,prefix_pruned_parent,parent_preserving,exact_structural_radix2_dag,32,32,256,256,158,98,1,97,1.620253165,gf8,gf8,false,false,400,800,400,1086,1086,64,1,25,286,0,3776,0.999205508
leopard2-c0-v2,systematic_encode,per_payload_byte,31,127,low_v1,dependency_pruned_parent,parent_preserving,exact_structural_radix2_dag,32,32,256,256,158,98,1,97,1.620253165,gf8,gf8,false,false,400,800,400,1086,1086,64,2,25,286,0,3780,0.998148148
leopard2-c0-v2,systematic_encode,per_payload_byte,31,127,low_v1,recursive_truncated_parent,parent_preserving,exact_arithmetic_lower_bound_scratch,32,32,256,256,158,98,1,97,1.620253165,gf8,gf8,false,false,400,800,400,1086,1086,32,10,25,286,0,3812,0.98976915
leopard2-c0-v2,systematic_encode,per_payload_byte,31,127,low_v1,binary_dyadic_exact,new_exact_profile,heuristic_optimistic_cross_block,32,31,256,158,158,98,1,97,1.620253165,gf8,gf8,false,false,294,1332,1038,2389,1645,31,24,84,313,0,7538,0.500530645
leopard2-c0-v2,systematic_encode,per_payload_byte,31,127,low_v1,full_block_tail_exact,new_exact_profile,heuristic_conservative_dense_join,32,31,256,158,158,98,1,97,1.620253165,gf8,gf8,false,false,192,3084,2982,6187,2227,31,12,36,313,0,17510,0.21547687
leopard2-c0-v2,systematic_encode,per_payload_byte,31,127,low_v1,direct_matrix_exact,new_exact_profile,exact_dense_generator_arithmetic,32,31,256,158,158,98,1,97,1.620253165,gf8,gf8,false,false,0,3810,3937,3937,127,1,0,1,0,0,15748,0.239585979
leopard2-c0-v2,systematic_encode,per_payload_byte,31,127,low_v1,subproduct_tree_exact,new_exact_profile,asymptotic_generic_polynomial_proxy,32,31,256,158,158,98,1,97,1.620253165,gf8,gf8,false,false,30336,30336,30336,60672,30336,632,8,24,0,0,182048,0.020725303
leopard2-c0-v2,systematic_encode,per_payload_byte,31,129,legacy_high_v1,padded_dyadic_parent,parent_preserving,exact_structural_radix2_dag,256,256,512,512,160,352,225,127,3.2,gf16,gf16,true,false,2048,4096,2048,4512,4737,512,0,16,416,225,17441,1.0
leopard2-c0-v2,systematic_encode,per_payload_byte,31,129,legacy_high_v1,prefix_pruned_parent,parent_preserving,exact_structural_radix2_dag,256,256,512,512,160,352,225,127,3.2,gf16,gf16,true,false,1328,2656,1328,3072,3072,512,1,16,416,0,11460,1.521902269
leopard2-c0-v2,systematic_encode,per_payload_byte,31,129,legacy_high_v1,dependency_pruned_parent,parent_preserving,exact_structural_radix2_dag,256,256,512,512,160,352,225,127,3.2,gf16,gf16,true,false,1328,2656,1328,3072,3072,512,2,16,416,0,11464,1.521371249
leopard2-c0-v2,systematic_encode,per_payload_byte,31,129,legacy_high_v1,recursive_truncated_parent,parent_preserving,exact_arithmetic_lower_bound_scratch,256,256,512,512,160,352,225,127,3.2,gf16,gf16,true,false,1328,2656,1328,3072,3072,256,16,16,416,0,11520,1.513975694
leopard2-c0-v2,systematic_encode,per_payload_byte,31,129,legacy_high_v1,binary_dyadic_exact,new_exact_profile,heuristic_optimistic_cross_block,256,129,512,160,160,352,225,127,3.2,gf16,gf8,true,true,896,2050,1154,2597,2339,129,2,16,289,0,9302,1.874973124
leopard2-c0-v2,systematic_encode,per_payload_byte,31,129,legacy_high_v1,full_block_tail_exact,new_exact_profile,heuristic_conservative_dense_join,256,129,512,160,160,352,225,127,3.2,gf16,gf8,true,true,896,2048,1154,2595,2339,129,4,18,289,0,9306,1.874167204
leopard2-c0-v2,systematic_encode,per_payload_byte,31,129,legacy_high_v1,direct_matrix_exact,new_exact_profile,exact_dense_generator_arithmetic,256,129,512,160,160,352,225,127,3.2,gf16,gf8,true,true,0,3870,3999,3999,129,1,0,1,0,0,15996,1.090335084
leopard2-c0-v2,systematic_encode,per_payload_byte,31,129,legacy_high_v1,subproduct_tree_exact,new_exact_profile,asymptotic_generic_polynomial_proxy,256,129,512,160,160,352,225,127,3.2,gf16,gf8,true,true,30720,30720,30720,61440,30720,640,8,24,0,0,184352,0.094607056
leopard2-c0-v2,systematic_encode,per_payload_byte,31,129,low_v1,padded_dyadic_parent,parent_preserving,exact_structural_radix2_dag,32,32,256,256,160,96,1,95,1.6,gf8,gf8,false,false,480,960,480,1280,1281,64,0,30,320,1,4481,1.0
leopard2-c0-v2,systematic_encode,per_payload_byte,31,129,low_v1,prefix_pruned_parent,parent_preserving,exact_structural_radix2_dag,32,32,256,256,160,96,1,95,1.6,gf8,gf8,false,false,480,960,480,1280,1280,64,1,30,320,0,4484,0.999330955
leopard2-c0-v2,systematic_encode,per_payload_byte,31,129,low_v1,dependency_pruned_parent,parent_preserving,exact_structural_radix2_dag,32,32,256,256,160,96,1,95,1.6,gf8,gf8,false,false,431,862,431,1182,1182,64,2,30,320,0,4096,1.093994141
leopard2-c0-v2,systematic_encode,per_payload_byte,31,129,low_v1,recursive_truncated_parent,parent_preserving,exact_arithmetic_lower_bound_scratch,32,32,256,256,160,96,1,95,1.6,gf8,gf8,false,false,431,862,431,1182,1182,32,10,30,320,0,4128,1.085513566
leopard2-c0-v2,systematic_encode,per_payload_byte,31,129,low_v1,binary_dyadic_exact,new_exact_profile,heuristic_optimistic_cross_block,32,31,256,160,160,96,1,95,1.6,gf8,gf8,false,false,294,1332,1038,2391,1647,31,24,84,315,0,7542,0.594139486
leopard2-c0-v2,systematic_encode,per_payload_byte,31,129,low_v1,full_block_tail_exact,new_exact_profile,heuristic_conservative_dense_join,32,31,256,160,160,96,1,95,1.6,gf8,gf8,false,false,192,3084,2982,6189,2229,31,12,36,315,0,17514,0.255852461
leopard2-c0-v2,systematic_encode,per_payload_byte,31,129,low_v1,direct_matrix_exact,new_exact_profile,exact_dense_generator_arithmetic,32,31,256,160,160,96,1,95,1.6,gf8,gf8,false,false,0,3870,3999,3999,129,1,0,1,0,0,15996,0.280132533
leopard2-c0-v2,systematic_encode,per_payload_byte,31,129,low_v1,subproduct_tree_exact,new_exact_profile,asymptotic_generic_polynomial_proxy,32,31,256,160,160,96,1,95,1.6,gf8,gf8,false,false,30720,30720,30720,61440,30720,640,8,24,0,0,184352,0.024306761
leopard2-c0-v2,systematic_encode,per_payload_byte,31,255,legacy_high_v1,padded_dyadic_parent,parent_preserving,exact_structural_radix2_dag,256,256,512,512,286,226,225,1,1.79020979,gf16,gf16,false,false,2048,4096,2048,4638,4863,512,0,16,542,225,17693,1.0
leopard2-c0-v2,systematic_encode,per_payload_byte,31,255,legacy_high_v1,prefix_pruned_parent,parent_preserving,exact_structural_radix2_dag,256,256,512,512,286,226,225,1,1.79020979,gf16,gf16,false,false,1328,2656,1328,3198,3198,512,1,16,542,0,11712,1.510672814
leopard2-c0-v2,systematic_encode,per_payload_byte,31,255,legacy_high_v1,dependency_pruned_parent,parent_preserving,exact_structural_radix2_dag,256,256,512,512,286,226,225,1,1.79020979,gf16,gf16,false,false,1328,2656,1328,3198,3198,512,2,16,542,0,11716,1.51015705
leopard2-c0-v2,systematic_encode,per_payload_byte,31,255,legacy_high_v1,recursive_truncated_parent,parent_preserving,exact_arithmetic_lower_bound_scratch,256,256,512,512,286,226,225,1,1.79020979,gf16,gf16,false,false,1328,2656,1328,3198,3198,256,16,16,542,0,11772,1.502973157
leopard2-c0-v2,systematic_encode,per_payload_byte,31,255,legacy_high_v1,binary_dyadic_exact,new_exact_profile,heuristic_optimistic_cross_block,256,255,512,286,286,226,225,1,1.79020979,gf16,gf16,false,false,1538,6646,5108,10757,7187,255,14,70,541,0,34862,0.507515346
leopard2-c0-v2,systematic_encode,per_payload_byte,31,255,legacy_high_v1,full_block_tail_exact,new_exact_profile,heuristic_conservative_dense_join,256,255,512,286,286,226,225,1,1.79020979,gf16,gf16,false,false,896,66308,65666,131619,35099,255,4,18,541,0,364374,0.048557252
leopard2-c0-v2,systematic_encode,per_payload_byte,31,255,legacy_high_v1,direct_matrix_exact,new_exact_profile,exact_dense_generator_arithmetic,256,255,512,286,286,226,225,1,1.79020979,gf16,gf16,false,false,0,7650,7905,7905,255,1,0,1,0,0,31620,0.559550917
leopard2-c0-v2,systematic_encode,per_payload_byte,31,255,legacy_high_v1,subproduct_tree_exact,new_exact_profile,asymptotic_generic_polynomial_proxy,256,255,512,286,286,226,225,1,1.79020979,gf16,gf16,false,false,69498,69498,69498,138996,69498,1144,9,27,0,0,417024,0.042426815
leopard2-c0-v2,systematic_encode,per_payload_byte,31,255,low_v1,padded_dyadic_parent,parent_preserving,exact_structural_radix2_dag,32,32,512,512,286,226,1,225,1.79020979,gf16,gf16,false,false,720,1440,720,1982,1983,64,0,45,542,1,6845,1.0
leopard2-c0-v2,systematic_encode,per_payload_byte,31,255,low_v1,prefix_pruned_parent,parent_preserving,exact_structural_radix2_dag,32,32,512,512,286,226,1,225,1.79020979,gf16,gf16,false,false,720,1440,720,1982,1982,64,1,45,542,0,6848,0.999561916
leopard2-c0-v2,systematic_encode,per_payload_byte,31,255,low_v1,dependency_pruned_parent,parent_preserving,exact_structural_radix2_dag,32,32,512,512,286,226,1,225,1.79020979,gf16,gf16,false,false,720,1440,720,1982,1982,64,2,45,542,0,6852,0.9989784
leopard2-c0-v2,systematic_encode,per_payload_byte,31,255,low_v1,recursive_truncated_parent,parent_preserving,exact_arithmetic_lower_bound_scratch,32,32,512,512,286,226,1,225,1.79020979,gf16,gf16,false,false,720,1440,720,1982,1982,32,10,45,542,0,6884,0.994334689
leopard2-c0-v2,systematic_encode,per_payload_byte,31,255,low_v1,binary_dyadic_exact,new_exact_profile,heuristic_optimistic_cross_block,32,31,512,286,286,226,1,225,1.79020979,gf16,gf16,false,false,490,2220,1730,4025,2785,31,40,140,565,0,12650,0.541106719
leopard2-c0-v2,systematic_encode,per_payload_byte,31,255,low_v1,full_block_tail_exact,new_exact_profile,heuristic_conservative_dense_join,32,31,512,286,286,226,1,225,1.79020979,gf16,gf16,false,false,320,5140,4970,10355,3755,31,20,60,565,0,29270,0.233857192
leopard2-c0-v2,systematic_encode,per_payload_byte,31,255,low_v1,direct_matrix_exact,new_exact_profile,exact_dense_generator_arithmetic,32,31,512,286,286,226,1,225,1.79020979,gf16,gf16,false,false,0,7650,7905,7905,255,1,0,1,0,0,31620,0.216476913
leopard2-c0-v2,systematic_encode,per_payload_byte,31,255,low_v1,subproduct_tree_exact,new_exact_profile,asymptotic_generic_polynomial_proxy,32,31,512,286,286,226,1,225,1.79020979,gf16,gf16,false,false,69498,69498,69498,138996,69498,1144,9,27,0,0,417024,0.016413923
leopard2-c0-v2,systematic_encode,per_payload_byte,33,3,legacy_high_v1,padded_dyadic_parent,parent_preserving,exact_structural_radix2_dag,4,4,64,64,36,28,27,1,1.777777778,gf8,gf8,false,false,40,112,40,184,155,8,0,20,40,3,531,1.0
leopard2-c0-v2,systematic_encode,per_payload_byte,33,3,legacy_high_v1,prefix_pruned_parent,parent_preserving,exact_structural_radix2_dag,4,4,64,64,36,28,27,1,1.777777778,gf8,gf8,false,false,39,110,39,182,150,8,1,20,40,0,524,1.013358779
leopard2-c0-v2,systematic_encode,per_payload_byte,33,3,legacy_high_v1,dependency_pruned_parent,parent_preserving,exact_structural_radix2_dag,4,4,64,64,36,28,27,1,1.777777778,gf8,gf8,false,false,39,110,39,182,150,8,2,20,40,0,528,1.005681818
leopard2-c0-v2,systematic_encode,per_payload_byte,33,3,legacy_high_v1,recursive_truncated_parent,parent_preserving,exact_arithmetic_lower_bound_scratch,4,4,64,64,36,28,27,1,1.777777778,gf8,gf8,false,false,39,110,39,182,150,4,4,20,40,0,536,0.990671642
leopard2-c0-v2,systematic_encode,per_payload_byte,33,3,legacy_high_v1,binary_dyadic_exact,new_exact_profile,heuristic_optimistic_cross_block,4,3,64,36,36,28,27,1,1.777777778,gf8,gf8,false,false,12,90,48,195,129,3,12,24,39,0,558,0.951612903
leopard2-c0-v2,systematic_encode,per_payload_byte,33,3,legacy_high_v1,full_block_tail_exact,new_exact_profile,heuristic_conservative_dense_join,4,3,64,36,36,28,27,1,1.777777778,gf8,gf8,false,false,12,78,48,183,129,3,24,36,39,0,582,0.912371134
leopard2-c0-v2,systematic_encode,per_payload_byte,33,3,legacy_high_v1,direct_matrix_exact,new_exact_profile,exact_dense_generator_arithmetic,4,3,64,36,36,28,27,1,1.777777778,gf8,gf8,false,false,0,96,99,99,3,1,0,1,0,0,396,1.340909091
leopard2-c0-v2,systematic_encode,per_payload_byte,33,3,legacy_high_v1,subproduct_tree_exact,new_exact_profile,asymptotic_generic_polynomial_proxy,4,3,64,36,36,28,27,1,1.777777778,gf8,gf8,false,false,3888,3888,3888,7776,3888,144,6,18,0,0,23352,0.022738952
leopard2-c0-v2,systematic_encode,per_payload_byte,33,3,low_v1,padded_dyadic_parent,parent_preserving,exact_structural_radix2_dag,64,64,128,128,36,92,31,61,3.555555556,gf8,gf8,false,false,384,768,384,868,899,128,0,12,100,31,3303,1.0
leopard2-c0-v2,systematic_encode,per_payload_byte,33,3,low_v1,prefix_pruned_parent,parent_preserving,exact_structural_radix2_dag,64,64,128,128,36,92,31,61,3.555555556,gf8,gf8,false,false,335,670,335,770,770,128,1,12,100,0,2884,1.145284327
leopard2-c0-v2,systematic_encode,per_payload_byte,33,3,low_v1,dependency_pruned_parent,parent_preserving,exact_structural_radix2_dag,64,64,128,128,36,92,31,61,3.555555556,gf8,gf8,false,false,252,504,252,604,604,128,2,12,100,0,2224,1.485161871
leopard2-c0-v2,systematic_encode,per_payload_byte,33,3,low_v1,recursive_truncated_parent,parent_preserving,exact_arithmetic_lower_bound_scratch,64,64,128,128,36,92,31,61,3.555555556,gf8,gf8,false,false,252,504,252,604,604,64,12,12,100,0,2264,1.458922261
leopard2-c0-v2,systematic_encode,per_payload_byte,33,3,low_v1,binary_dyadic_exact,new_exact_profile,heuristic_optimistic_cross_block,64,33,128,36,36,92,31,61,3.555555556,gf8,gf8,false,false,160,386,226,521,455,33,2,12,69,0,1822,1.81284303
leopard2-c0-v2,systematic_encode,per_payload_byte,33,3,low_v1,full_block_tail_exact,new_exact_profile,heuristic_conservative_dense_join,64,33,128,36,36,92,31,61,3.555555556,gf8,gf8,false,false,160,384,226,519,455,33,4,14,69,0,1826,1.808871851
leopard2-c0-v2,systematic_encode,per_payload_byte,33,3,low_v1,direct_matrix_exact,new_exact_profile,exact_dense_generator_arithmetic,64,33,128,36,36,92,31,61,3.555555556,gf8,gf8,false,false,0,96,99,99,3,1,0,1,0,0,396,8.340909091
leopard2-c0-v2,systematic_encode,per_payload_byte,33,3,low_v1,subproduct_tree_exact,new_exact_profile,asymptotic_generic_polynomial_proxy,64,33,128,36,36,92,31,61,3.555555556,gf8,gf8,false,false,3888,3888,3888,7776,3888,144,6,18,0,0,23352,0.141443988
leopard2-c0-v2,systematic_encode,per_payload_byte,33,5,legacy_high_v1,padded_dyadic_parent,parent_preserving,exact_structural_radix2_dag,8,8,64,64,38,26,23,3,1.684210526,gf8,gf8,false,false,72,176,72,254,229,16,0,18,46,7,803,1.0
leopard2-c0-v2,systematic_encode,per_payload_byte,33,5,legacy_high_v1,prefix_pruned_parent,parent_preserving,exact_structural_radix2_dag,8,8,64,64,38,26,23,3,1.684210526,gf8,gf8,false,false,67,166,67,244,212,16,1,18,46,0,760,1.056578947
leopard2-c0-v2,systematic_encode,per_payload_byte,33,5,legacy_high_v1,dependency_pruned_parent,parent_preserving,exact_structural_radix2_dag,8,8,64,64,38,26,23,3,1.684210526,gf8,gf8,false,false,67,166,67,244,212,16,2,18,46,0,764,1.05104712
leopard2-c0-v2,systematic_encode,per_payload_byte,33,5,legacy_high_v1,recursive_truncated_parent,parent_preserving,exact_arithmetic_lower_bound_scratch,8,8,64,64,38,26,23,3,1.684210526,gf8,gf8,false,false,67,166,67,244,212,8,6,18,46,0,780,1.029487179
leopard2-c0-v2,systematic_encode,per_payload_byte,33,5,legacy_high_v1,binary_dyadic_exact,new_exact_profile,heuristic_optimistic_cross_block,8,5,64,38,38,26,23,3,1.684210526,gf8,gf8,false,false,32,134,72,247,177,5,8,24,43,0,734,1.09400545
leopard2-c0-v2,systematic_encode,per_payload_byte,33,5,legacy_high_v1,full_block_tail_exact,new_exact_profile,heuristic_conservative_dense_join,8,5,64,38,38,26,23,3,1.684210526,gf8,gf8,false,false,32,126,72,239,177,5,16,32,43,0,750,1.070666667
leopard2-c0-v2,systematic_encode,per_payload_byte,33,5,legacy_high_v1,direct_matrix_exact,new_exact_profile,exact_dense_generator_arithmetic,8,5,64,38,38,26,23,3,1.684210526,gf8,gf8,false,false,0,160,165,165,5,1,0,1,0,0,660,1.216666667
leopard2-c0-v2,systematic_encode,per_payload_byte,33,5,legacy_high_v1,subproduct_tree_exact,new_exact_profile,asymptotic_generic_polynomial_proxy,8,5,64,38,38,26,23,3,1.684210526,gf8,gf8,false,false,4104,4104,4104,8208,4104,152,6,18,0,0,24648,0.032578708
leopard2-c0-v2,systematic_encode,per_payload_byte,33,5,low_v1,padded_dyadic_parent,parent_preserving,exact_structural_radix2_dag,64,64,128,128,38,90,31,59,3.368421053,gf8,gf8,false,false,384,768,384,870,901,128,0,12,102,31,3307,1.0
leopard2-c0-v2,systematic_encode,per_payload_byte,33,5,low_v1,prefix_pruned_parent,parent_preserving,exact_structural_radix2_dag,64,64,128,128,38,90,31,59,3.368421053,gf8,gf8,false,false,335,670,335,772,772,128,1,12,102,0,2888,1.145083102
leopard2-c0-v2,systematic_encode,per_payload_byte,33,5,low_v1,dependency_pruned_parent,parent_preserving,exact_structural_radix2_dag,64,64,128,128,38,90,31,59,3.368421053,gf8,gf8,false,false,274,548,274,650,650,128,2,12,102,0,2404,1.37562396
leopard2-c0-v2,systematic_encode,per_payload_byte,33,5,low_v1,recursive_truncated_parent,parent_preserving,exact_arithmetic_lower_bound_scratch,64,64,128,128,38,90,31,59,3.368421053,gf8,gf8,false,false,274,548,274,650,650,64,12,12,102,0,2444,1.353109656
leopard2-c0-v2,systematic_encode,per_payload_byte,33,5,low_v1,binary_dyadic_exact,new_exact_profile,heuristic_optimistic_cross_block,64,33,128,38,38,90,31,59,3.368421053,gf8,gf8,false,false,160,386,226,523,457,33,2,12,71,0,1826,1.811062432
leopard2-c0-v2,systematic_encode,per_payload_byte,33,5,low_v1,full_block_tail_exact,new_exact_profile,heuristic_conservative_dense_join,64,33,128,38,38,90,31,59,3.368421053,gf8,gf8,false,false,160,384,226,521,457,33,4,14,71,0,1830,1.807103825
leopard2-c0-v2,systematic_encode,per_payload_byte,33,5,low_v1,direct_matrix_exact,new_exact_profile,exact_dense_generator_arithmetic,64,33,128,38,38,90,31,59,3.368421053,gf8,gf8,false,false,0,160,165,165,5,1,0,1,0,0,660,5.010606061
leopard2-c0-v2,systematic_encode,per_payload_byte,33,5,low_v1,subproduct_tree_exact,new_exact_profile,asymptotic_generic_polynomial_proxy,64,33,128,38,38,90,31,59,3.368421053,gf8,gf8,false,false,4104,4104,4104,8208,4104,152,6,18,0,0,24648,0.134169101
leopard2-c0-v2,systematic_encode,per_payload_byte,33,7,legacy_high_v1,padded_dyadic_parent,parent_preserving,exact_structural_radix2_dag,8,8,64,64,40,24,23,1,1.6,gf8,gf8,false,false,72,176,72,256,231,16,0,18,48,7,807,1.0
leopard2-c0-v2,systematic_encode,per_payload_byte,33,7,legacy_high_v1,prefix_pruned_parent,parent_preserving,exact_structural_radix2_dag,8,8,64,64,40,24,23,1,1.6,gf8,gf8,false,false,67,166,67,246,214,16,1,18,48,0,764,1.056282723
leopard2-c0-v2,systematic_encode,per_payload_byte,33,7,legacy_high_v1,dependency_pruned_parent,parent_preserving,exact_structural_radix2_dag,8,8,64,64,40,24,23,1,1.6,gf8,gf8,false,false,67,166,67,246,214,16,2,18,48,0,768,1.05078125
leopard2-c0-v2,systematic_encode,per_payload_byte,33,7,legacy_high_v1,recursive_truncated_parent,parent_preserving,exact_arithmetic_lower_bound_scratch,8,8,64,64,40,24,23,1,1.6,gf8,gf8,false,false,67,166,67,246,214,8,6,18,48,0,784,1.029336735
leopard2-c0-v2,systematic_encode,per_payload_byte,33,7,legacy_high_v1,binary_dyadic_exact,new_exact_profile,heuristic_optimistic_cross_block,8,7,64,40,40,24,23,1,1.6,gf8,gf8,false,false,30,172,114,331,219,7,12,30,47,0,998,0.808617234
leopard2-c0-v2,systematic_encode,per_payload_byte,33,7,legacy_high_v1,full_block_tail_exact,new_exact_profile,heuristic_conservative_dense_join,8,7,64,40,40,24,23,1,1.6,gf8,gf8,false,false,24,184,150,385,213,7,12,24,47,0,1130,0.714159292
leopard2-c0-v2,systematic_encode,per_payload_byte,33,7,legacy_high_v1,direct_matrix_exact,new_exact_profile,exact_dense_generator_arithmetic,8,7,64,40,40,24,23,1,1.6,gf8,gf8,false,false,0,224,231,231,7,1,0,1,0,0,924,0.873376623
leopard2-c0-v2,systematic_encode,per_payload_byte,33,7,legacy_high_v1,subproduct_tree_exact,new_exact_profile,asymptotic_generic_polynomial_proxy,8,7,64,40,40,24,23,1,1.6,gf8,gf8,false,false,4320,4320,4320,8640,4320,160,6,18,0,0,25944,0.031105458
leopard2-c0-v2,systematic_encode,per_payload_byte,33,7,low_v1,padded_dyadic_parent,parent_preserving,exact_structural_radix2_dag,64,64,128,128,40,88,31,57,3.2,gf8,gf8,false,false,384,768,384,872,903,128,0,12,104,31,3311,1.0
leopard2-c0-v2,systematic_encode,per_payload_byte,33,7,low_v1,prefix_pruned_parent,parent_preserving,exact_structural_radix2_dag,64,64,128,128,40,88,31,57,3.2,gf8,gf8,false,false,335,670,335,774,774,128,1,12,104,0,2892,1.144882434
leopard2-c0-v2,systematic_encode,per_payload_byte,33,7,low_v1,dependency_pruned_parent,parent_preserving,exact_structural_radix2_dag,64,64,128,128,40,88,31,57,3.2,gf8,gf8,false,false,288,576,288,680,680,128,2,12,104,0,2520,1.313888889
leopard2-c0-v2,systematic_encode,per_payload_byte,33,7,low_v1,recursive_truncated_parent,parent_preserving,exact_arithmetic_lower_bound_scratch,64,64,128,128,40,88,31,57,3.2,gf8,gf8,false,false,288,576,288,680,680,64,12,12,104,0,2560,1.293359375
leopard2-c0-v2,systematic_encode,per_payload_byte,33,7,low_v1,binary_dyadic_exact,new_exact_profile,heuristic_optimistic_cross_block,64,33,128,40,40,88,31,57,3.2,gf8,gf8,false,false,160,386,226,525,459,33,2,12,73,0,1830,1.809289617
leopard2-c0-v2,systematic_encode,per_payload_byte,33,7,low_v1,full_block_tail_exact,new_exact_profile,heuristic_conservative_dense_join,64,33,128,40,40,88,31,57,3.2,gf8,gf8,false,false,160,384,226,523,459,33,4,14,73,0,1834,1.805343511
leopard2-c0-v2,systematic_encode,per_payload_byte,33,7,low_v1,direct_matrix_exact,new_exact_profile,exact_dense_generator_arithmetic,64,33,128,40,40,88,31,57,3.2,gf8,gf8,false,false,0,224,231,231,7,1,0,1,0,0,924,3.583333333
leopard2-c0-v2,systematic_encode,per_payload_byte,33,7,low_v1,subproduct_tree_exact,new_exact_profile,asymptotic_generic_polynomial_proxy,64,33,128,40,40,88,31,57,3.2,gf8,gf8,false,false,4320,4320,4320,8640,4320,160,6,18,0,0,25944,0.12762103
leopard2-c0-v2,systematic_encode,per_payload_byte,33,9,legacy_high_v1,padded_dyadic_parent,parent_preserving,exact_structural_radix2_dag,16,16,64,64,42,22,15,7,1.523809524,gf8,gf8,false,false,128,288,128,378,361,32,0,16,58,15,1283,1.0
leopard2-c0-v2,systematic_encode,per_payload_byte,33,9,legacy_high_v1,prefix_pruned_parent,parent_preserving,exact_structural_radix2_dag,16,16,64,64,42,22,15,7,1.523809524,gf8,gf8,false,false,111,254,111,344,312,32,1,16,58,0,1136,1.129401408
leopard2-c0-v2,systematic_encode,per_payload_byte,33,9,legacy_high_v1,dependency_pruned_parent,parent_preserving,exact_structural_radix2_dag,16,16,64,64,42,22,15,7,1.523809524,gf8,gf8,false,false,111,254,111,344,312,32,2,16,58,0,1140,1.125438596
leopard2-c0-v2,systematic_encode,per_payload_byte,33,9,legacy_high_v1,recursive_truncated_parent,parent_preserving,exact_arithmetic_lower_bound_scratch,16,16,64,64,42,22,15,7,1.523809524,gf8,gf8,false,false,111,254,111,344,312,16,8,16,58,0,1164,1.102233677
leopard2-c0-v2,systematic_encode,per_payload_byte,33,9,legacy_high_v1,binary_dyadic_exact,new_exact_profile,heuristic_optimistic_cross_block,16,9,64,42,42,22,15,7,1.523809524,gf8,gf8,false,false,60,192,105,315,243,9,5,20,51,0,980,1.309183673
leopard2-c0-v2,systematic_encode,per_payload_byte,33,9,legacy_high_v1,full_block_tail_exact,new_exact_profile,heuristic_conservative_dense_join,16,9,64,42,42,22,15,7,1.523809524,gf8,gf8,false,false,60,187,105,310,243,9,10,25,51,0,990,1.295959596
leopard2-c0-v2,systematic_encode,per_payload_byte,33,9,legacy_high_v1,direct_matrix_exact,new_exact_profile,exact_dense_generator_arithmetic,16,9,64,42,42,22,15,7,1.523809524,gf8,gf8,false,false,0,288,297,297,9,1,0,1,0,0,1188,1.07996633
leopard2-c0-v2,systematic_encode,per_payload_byte,33,9,legacy_high_v1,subproduct_tree_exact,new_exact_profile,asymptotic_generic_polynomial_proxy,16,9,64,42,42,22,15,7,1.523809524,gf8,gf8,false,false,4536,4536,4536,9072,4536,168,6,18,0,0,27240,0.047099853
leopard2-c0-v2,systematic_encode,per_payload_byte,33,9,low_v1,padded_dyadic_parent,parent_preserving,exact_structural_radix2_dag,64,64,128,128,42,86,31,55,3.047619048,gf8,gf8,false,false,384,768,384,874,905,128,0,12,106,31,3315,1.0
leopard2-c0-v2,systematic_encode,per_payload_byte,33,9,low_v1,prefix_pruned_parent,parent_preserving,exact_structural_radix2_dag,64,64,128,128,42,86,31,55,3.047619048,gf8,gf8,false,false,335,670,335,776,776,128,1,12,106,0,2896,1.14468232
leopard2-c0-v2,systematic_encode,per_payload_byte,33,9,low_v1,dependency_pruned_parent,parent_preserving,exact_structural_radix2_dag,64,64,128,128,42,86,31,55,3.047619048,gf8,gf8,false,false,298,596,298,702,702,128,2,12,106,0,2604,1.273041475
leopard2-c0-v2,systematic_encode,per_payload_byte,33,9,low_v1,recursive_truncated_parent,parent_preserving,exact_arithmetic_lower_bound_scratch,64,64,128,128,42,86,31,55,3.047619048,gf8,gf8,false,false,298,596,298,702,702,64,12,12,106,0,2644,1.253782148
leopard2-c0-v2,systematic_encode,per_payload_byte,33,9,low_v1,binary_dyadic_exact,new_exact_profile,heuristic_optimistic_cross_block,64,33,128,42,42,86,31,55,3.047619048,gf8,gf8,false,false,160,386,226,527,461,33,2,12,75,0,1834,1.807524537
leopard2-c0-v2,systematic_encode,per_payload_byte,33,9,low_v1,full_block_tail_exact,new_exact_profile,heuristic_conservative_dense_join,64,33,128,42,42,86,31,55,3.047619048,gf8,gf8,false,false,160,384,226,525,461,33,4,14,75,0,1838,1.80359086
leopard2-c0-v2,systematic_encode,per_payload_byte,33,9,low_v1,direct_matrix_exact,new_exact_profile,exact_dense_generator_arithmetic,64,33,128,42,42,86,31,55,3.047619048,gf8,gf8,false,false,0,288,297,297,9,1,0,1,0,0,1188,2.79040404
leopard2-c0-v2,systematic_encode,per_payload_byte,33,9,low_v1,subproduct_tree_exact,new_exact_profile,asymptotic_generic_polynomial_proxy,64,33,128,42,42,86,31,55,3.047619048,gf8,gf8,false,false,4536,4536,4536,9072,4536,168,6,18,0,0,27240,0.121696035
leopard2-c0-v2,systematic_encode,per_payload_byte,33,15,legacy_high_v1,padded_dyadic_parent,parent_preserving,exact_structural_radix2_dag,16,16,64,64,48,16,15,1,1.333333333,gf8,gf8,false,false,128,288,128,384,367,32,0,16,64,15,1295,1.0
leopard2-c0-v2,systematic_encode,per_payload_byte,33,15,legacy_high_v1,prefix_pruned_parent,parent_preserving,exact_structural_radix2_dag,16,16,64,64,48,16,15,1,1.333333333,gf8,gf8,false,false,111,254,111,350,318,32,1,16,64,0,1148,1.12804878
leopard2-c0-v2,systematic_encode,per_payload_byte,33,15,legacy_high_v1,dependency_pruned_parent,parent_preserving,exact_structural_radix2_dag,16,16,64,64,48,16,15,1,1.333333333,gf8,gf8,false,false,111,254,111,350,318,32,2,16,64,0,1152,1.124131944
leopard2-c0-v2,systematic_encode,per_payload_byte,33,15,legacy_high_v1,recursive_truncated_parent,parent_preserving,exact_arithmetic_lower_bound_scratch,16,16,64,64,48,16,15,1,1.333333333,gf8,gf8,false,false,111,254,111,350,318,16,8,16,64,0,1176,1.101190476
leopard2-c0-v2,systematic_encode,per_payload_byte,33,15,legacy_high_v1,binary_dyadic_exact,new_exact_profile,heuristic_optimistic_cross_block,16,15,64,48,48,16,15,1,1.333333333,gf8,gf8,false,false,68,346,248,619,409,15,12,36,63,0,1918,0.675182482
leopard2-c0-v2,systematic_encode,per_payload_byte,33,15,legacy_high_v1,full_block_tail_exact,new_exact_profile,heuristic_conservative_dense_join,16,15,64,48,48,16,15,1,1.333333333,gf8,gf8,false,false,48,518,468,1031,441,15,8,20,63,0,2958,0.437795808
leopard2-c0-v2,systematic_encode,per_payload_byte,33,15,legacy_high_v1,direct_matrix_exact,new_exact_profile,exact_dense_generator_arithmetic,16,15,64,48,48,16,15,1,1.333333333,gf8,gf8,false,false,0,480,495,495,15,1,0,1,0,0,1980,0.654040404
leopard2-c0-v2,systematic_encode,per_payload_byte,33,15,legacy_high_v1,subproduct_tree_exact,new_exact_profile,asymptotic_generic_polynomial_proxy,16,15,64,48,48,16,15,1,1.333333333,gf8,gf8,false,false,5184,5184,5184,10368,5184,192,6,18,0,0,31128,0.041602416
leopard2-c0-v2,systematic_encode,per_payload_byte,33,15,low_v1,padded_dyadic_parent,parent_preserving,exact_structural_radix2_dag,64,64,128,128,48,80,31,49,2.666666667,gf8,gf8,false,false,384,768,384,880,911,128,0,12,112,31,3327,1.0
leopard2-c0-v2,systematic_encode,per_payload_byte,33,15,low_v1,prefix_pruned_parent,parent_preserving,exact_structural_radix2_dag,64,64,128,128,48,80,31,49,2.666666667,gf8,gf8,false,false,335,670,335,782,782,128,1,12,112,0,2908,1.144085282
leopard2-c0-v2,systematic_encode,per_payload_byte,33,15,low_v1,dependency_pruned_parent,parent_preserving,exact_structural_radix2_dag,64,64,128,128,48,80,31,49,2.666666667,gf8,gf8,false,false,316,632,316,744,744,128,2,12,112,0,2760,1.205434783
leopard2-c0-v2,systematic_encode,per_payload_byte,33,15,low_v1,recursive_truncated_parent,parent_preserving,exact_arithmetic_lower_bound_scratch,64,64,128,128,48,80,31,49,2.666666667,gf8,gf8,false,false,316,632,316,744,744,64,12,12,112,0,2800,1.188214286
leopard2-c0-v2,systematic_encode,per_payload_byte,33,15,low_v1,binary_dyadic_exact,new_exact_profile,heuristic_optimistic_cross_block,64,33,128,48,48,80,31,49,2.666666667,gf8,gf8,false,false,160,386,226,533,467,33,2,12,81,0,1846,1.80227519
leopard2-c0-v2,systematic_encode,per_payload_byte,33,15,low_v1,full_block_tail_exact,new_exact_profile,heuristic_conservative_dense_join,64,33,128,48,48,80,31,49,2.666666667,gf8,gf8,false,false,160,384,226,531,467,33,4,14,81,0,1850,1.798378378
leopard2-c0-v2,systematic_encode,per_payload_byte,33,15,low_v1,direct_matrix_exact,new_exact_profile,exact_dense_generator_arithmetic,64,33,128,48,48,80,31,49,2.666666667,gf8,gf8,false,false,0,480,495,495,15,1,0,1,0,0,1980,1.68030303
leopard2-c0-v2,systematic_encode,per_payload_byte,33,15,low_v1,subproduct_tree_exact,new_exact_profile,asymptotic_generic_polynomial_proxy,64,33,128,48,48,80,31,49,2.666666667,gf8,gf8,false,false,5184,5184,5184,10368,5184,192,6,18,0,0,31128,0.106881264
leopard2-c0-v2,systematic_encode,per_payload_byte,33,17,legacy_high_v1,padded_dyadic_parent,parent_preserving,exact_structural_radix2_dag,32,32,128,128,50,78,63,15,2.56,gf8,gf8,false,false,240,512,240,626,625,64,0,15,82,31,2243,1.0
leopard2-c0-v2,systematic_encode,per_payload_byte,33,17,legacy_high_v1,prefix_pruned_parent,parent_preserving,exact_structural_radix2_dag,32,32,128,128,50,78,63,15,2.56,gf8,gf8,false,false,191,414,191,528,496,64,1,15,82,0,1824,1.229714912
leopard2-c0-v2,systematic_encode,per_payload_byte,33,17,legacy_high_v1,dependency_pruned_parent,parent_preserving,exact_structural_radix2_dag,32,32,128,128,50,78,63,15,2.56,gf8,gf8,false,false,191,414,191,528,496,64,2,15,82,0,1828,1.22702407
leopard2-c0-v2,systematic_encode,per_payload_byte,33,17,legacy_high_v1,recursive_truncated_parent,parent_preserving,exact_arithmetic_lower_bound_scratch,32,32,128,128,50,78,63,15,2.56,gf8,gf8,false,false,191,414,191,528,496,32,10,15,82,0,1860,1.205913978
leopard2-c0-v2,systematic_encode,per_payload_byte,33,17,legacy_high_v1,binary_dyadic_exact,new_exact_profile,heuristic_optimistic_cross_block,32,17,128,50,50,78,63,15,2.56,gf8,gf8,false,false,96,260,147,395,327,17,3,15,67,0,1288,1.741459627
leopard2-c0-v2,systematic_encode,per_payload_byte,33,17,legacy_high_v1,full_block_tail_exact,new_exact_profile,heuristic_conservative_dense_join,32,17,128,50,50,78,63,15,2.56,gf8,gf8,false,false,96,257,147,392,327,17,6,18,67,0,1294,1.733384853
leopard2-c0-v2,systematic_encode,per_payload_byte,33,17,legacy_high_v1,direct_matrix_exact,new_exact_profile,exact_dense_generator_arithmetic,32,17,128,50,50,78,63,15,2.56,gf8,gf8,false,false,0,544,561,561,17,1,0,1,0,0,2244,0.999554367
leopard2-c0-v2,systematic_encode,per_payload_byte,33,17,legacy_high_v1,subproduct_tree_exact,new_exact_profile,asymptotic_generic_polynomial_proxy,32,17,128,50,50,78,63,15,2.56,gf8,gf8,false,false,5400,5400,5400,10800,5400,200,6,18,0,0,32424,0.069177153
leopard2-c0-v2,systematic_encode,per_payload_byte,33,17,low_v1,padded_dyadic_parent,parent_preserving,exact_structural_radix2_dag,64,64,128,128,50,78,31,47,2.56,gf8,gf8,false,false,384,768,384,882,913,128,0,12,114,31,3331,1.0
leopard2-c0-v2,systematic_encode,per_payload_byte,33,17,low_v1,prefix_pruned_parent,parent_preserving,exact_structural_radix2_dag,64,64,128,128,50,78,31,47,2.56,gf8,gf8,false,false,335,670,335,784,784,128,1,12,114,0,2912,1.143887363
leopard2-c0-v2,systematic_encode,per_payload_byte,33,17,low_v1,dependency_pruned_parent,parent_preserving,exact_structural_radix2_dag,64,64,128,128,50,78,31,47,2.56,gf8,gf8,false,false,320,640,320,754,754,128,2,12,114,0,2796,1.191344778
leopard2-c0-v2,systematic_encode,per_payload_byte,33,17,low_v1,recursive_truncated_parent,parent_preserving,exact_arithmetic_lower_bound_scratch,64,64,128,128,50,78,31,47,2.56,gf8,gf8,false,false,320,640,320,754,754,64,12,12,114,0,2836,1.174541608
leopard2-c0-v2,systematic_encode,per_payload_byte,33,17,low_v1,binary_dyadic_exact,new_exact_profile,heuristic_optimistic_cross_block,64,33,128,50,50,78,31,47,2.56,gf8,gf8,false,false,160,386,226,535,469,33,2,12,83,0,1850,1.800540541
leopard2-c0-v2,systematic_encode,per_payload_byte,33,17,low_v1,full_block_tail_exact,new_exact_profile,heuristic_conservative_dense_join,64,33,128,50,50,78,31,47,2.56,gf8,gf8,false,false,160,384,226,533,469,33,4,14,83,0,1854,1.796655879
leopard2-c0-v2,systematic_encode,per_payload_byte,33,17,low_v1,direct_matrix_exact,new_exact_profile,exact_dense_generator_arithmetic,64,33,128,50,50,78,31,47,2.56,gf8,gf8,false,false,0,544,561,561,17,1,0,1,0,0,2244,1.484402852
leopard2-c0-v2,systematic_encode,per_payload_byte,33,17,low_v1,subproduct_tree_exact,new_exact_profile,asymptotic_generic_polynomial_proxy,64,33,128,50,50,78,31,47,2.56,gf8,gf8,false,false,5400,5400,5400,10800,5400,200,6,18,0,0,32424,0.102732544
leopard2-c0-v2,systematic_encode,per_payload_byte,33,31,legacy_high_v1,padded_dyadic_parent,parent_preserving,exact_structural_radix2_dag,32,32,128,128,64,64,63,1,2.0,gf8,gf8,false,false,240,512,240,640,639,64,0,15,96,31,2271,1.0
leopard2-c0-v2,systematic_encode,per_payload_byte,33,31,legacy_high_v1,prefix_pruned_parent,parent_preserving,exact_structural_radix2_dag,32,32,128,128,64,64,63,1,2.0,gf8,gf8,false,false,191,414,191,542,510,64,1,15,96,0,1852,1.226241901
leopard2-c0-v2,systematic_encode,per_payload_byte,33,31,legacy_high_v1,dependency_pruned_parent,parent_preserving,exact_structural_radix2_dag,32,32,128,128,64,64,63,1,2.0,gf8,gf8,false,false,191,414,191,542,510,64,2,15,96,0,1856,1.223599138
leopard2-c0-v2,systematic_encode,per_payload_byte,33,31,legacy_high_v1,recursive_truncated_parent,parent_preserving,exact_arithmetic_lower_bound_scratch,32,32,128,128,64,64,63,1,2.0,gf8,gf8,false,false,191,414,191,542,510,32,10,15,96,0,1888,1.202860169
leopard2-c0-v2,systematic_encode,per_payload_byte,33,31,legacy_high_v1,binary_dyadic_exact,new_exact_profile,heuristic_optimistic_cross_block,32,31,128,64,64,64,63,1,2.0,gf8,gf8,false,false,147,697,519,1195,792,31,12,42,95,0,3770,0.602387268
leopard2-c0-v2,systematic_encode,per_payload_byte,33,31,legacy_high_v1,full_block_tail_exact,new_exact_profile,heuristic_conservative_dense_join,32,31,128,64,64,64,63,1,2.0,gf8,gf8,false,false,96,1573,1491,3094,1083,31,6,18,95,0,8756,0.259365007
leopard2-c0-v2,systematic_encode,per_payload_byte,33,31,legacy_high_v1,direct_matrix_exact,new_exact_profile,exact_dense_generator_arithmetic,32,31,128,64,64,64,63,1,2.0,gf8,gf8,false,false,0,992,1023,1023,31,1,0,1,0,0,4092,0.554985337
leopard2-c0-v2,systematic_encode,per_payload_byte,33,31,legacy_high_v1,subproduct_tree_exact,new_exact_profile,asymptotic_generic_polynomial_proxy,32,31,128,64,64,64,63,1,2.0,gf8,gf8,false,false,6912,6912,6912,13824,6912,256,6,18,0,0,41496,0.054728167
leopard2-c0-v2,systematic_encode,per_payload_byte,33,31,low_v1,padded_dyadic_parent,parent_preserving,exact_structural_radix2_dag,64,64,128,128,64,64,31,33,2.0,gf8,gf8,false,false,384,768,384,896,927,128,0,12,128,31,3359,1.0
leopard2-c0-v2,systematic_encode,per_payload_byte,33,31,low_v1,prefix_pruned_parent,parent_preserving,exact_structural_radix2_dag,64,64,128,128,64,64,31,33,2.0,gf8,gf8,false,false,335,670,335,798,798,128,1,12,128,0,2940,1.142517007
leopard2-c0-v2,systematic_encode,per_payload_byte,33,31,low_v1,dependency_pruned_parent,parent_preserving,exact_structural_radix2_dag,64,64,128,128,64,64,31,33,2.0,gf8,gf8,false,false,334,668,334,796,796,128,2,12,128,0,2936,1.144073569
leopard2-c0-v2,systematic_encode,per_payload_byte,33,31,low_v1,recursive_truncated_parent,parent_preserving,exact_arithmetic_lower_bound_scratch,64,64,128,128,64,64,31,33,2.0,gf8,gf8,false,false,334,668,334,796,796,64,12,12,128,0,2976,1.128696237
leopard2-c0-v2,systematic_encode,per_payload_byte,33,31,low_v1,binary_dyadic_exact,new_exact_profile,heuristic_optimistic_cross_block,64,33,128,64,64,64,31,33,2.0,gf8,gf8,false,false,160,386,226,549,483,33,2,12,97,0,1878,1.788604899
leopard2-c0-v2,systematic_encode,per_payload_byte,33,31,low_v1,full_block_tail_exact,new_exact_profile,heuristic_conservative_dense_join,64,33,128,64,64,64,31,33,2.0,gf8,gf8,false,false,160,384,226,547,483,33,4,14,97,0,1882,1.784803401
leopard2-c0-v2,systematic_encode,per_payload_byte,33,31,low_v1,direct_matrix_exact,new_exact_profile,exact_dense_generator_arithmetic,64,33,128,64,64,64,31,33,2.0,gf8,gf8,false,false,0,992,1023,1023,31,1,0,1,0,0,4092,0.82086999
leopard2-c0-v2,systematic_encode,per_payload_byte,33,31,low_v1,subproduct_tree_exact,new_exact_profile,asymptotic_generic_polynomial_proxy,64,33,128,64,64,64,31,33,2.0,gf8,gf8,false,false,6912,6912,6912,13824,6912,256,6,18,0,0,41496,0.080947561
leopard2-c0-v2,systematic_encode,per_payload_byte,33,33,legacy_high_v1,padded_dyadic_parent,parent_preserving,exact_structural_radix2_dag,64,64,128,128,66,62,31,31,1.939393939,gf8,gf8,false,false,384,768,384,898,929,128,0,12,130,31,3363,1.0
leopard2-c0-v2,systematic_encode,per_payload_byte,33,33,legacy_high_v1,prefix_pruned_parent,parent_preserving,exact_structural_radix2_dag,64,64,128,128,66,62,31,31,1.939393939,gf8,gf8,false,false,335,670,335,800,800,128,1,12,130,0,2944,1.14232337
leopard2-c0-v2,systematic_encode,per_payload_byte,33,33,legacy_high_v1,dependency_pruned_parent,parent_preserving,exact_structural_radix2_dag,64,64,128,128,66,62,31,31,1.939393939,gf8,gf8,false,false,335,670,335,800,800,128,2,12,130,0,2948,1.140773406
leopard2-c0-v2,systematic_encode,per_payload_byte,33,33,legacy_high_v1,recursive_truncated_parent,parent_preserving,exact_arithmetic_lower_bound_scratch,64,64,128,128,66,62,31,31,1.939393939,gf8,gf8,false,false,335,670,335,800,800,64,12,12,130,0,2988,1.125502008
leopard2-c0-v2,systematic_encode,per_payload_byte,33,33,legacy_high_v1,binary_dyadic_exact,new_exact_profile,heuristic_optimistic_cross_block,64,33,128,66,66,62,31,31,1.939393939,gf8,gf8,false,false,160,386,226,551,485,33,2,12,99,0,1882,1.786928799
leopard2-c0-v2,systematic_encode,per_payload_byte,33,33,legacy_high_v1,full_block_tail_exact,new_exact_profile,heuristic_conservative_dense_join,64,33,128,66,66,62,31,31,1.939393939,gf8,gf8,false,false,160,384,226,549,485,33,4,14,99,0,1886,1.783138918
leopard2-c0-v2,systematic_encode,per_payload_byte,33,33,legacy_high_v1,direct_matrix_exact,new_exact_profile,exact_dense_generator_arithmetic,64,33,128,66,66,62,31,31,1.939393939,gf8,gf8,false,false,0,1056,1089,1089,33,1,0,1,0,0,4356,0.772038567
leopard2-c0-v2,systematic_encode,per_payload_byte,33,33,legacy_high_v1,subproduct_tree_exact,new_exact_profile,asymptotic_generic_polynomial_proxy,64,33,128,66,66,62,31,31,1.939393939,gf8,gf8,false,false,9702,9702,9702,19404,9702,264,7,21,0,0,58240,0.057743819
leopard2-c0-v2,systematic_encode,per_payload_byte,33,33,low_v1,padded_dyadic_parent,parent_preserving,exact_structural_radix2_dag,64,64,128,128,66,62,31,31,1.939393939,gf8,gf8,false,false,384,768,384,898,929,128,0,12,130,31,3363,1.0
leopard2-c0-v2,systematic_encode,per_payload_byte,33,33,low_v1,prefix_pruned_parent,parent_preserving,exact_structural_radix2_dag,64,64,128,128,66,62,31,31,1.939393939,gf8,gf8,false,false,335,670,335,800,800,128,1,12,130,0,2944,1.14232337
leopard2-c0-v2,systematic_encode,per_payload_byte,33,33,low_v1,dependency_pruned_parent,parent_preserving,exact_structural_radix2_dag,64,64,128,128,66,62,31,31,1.939393939,gf8,gf8,false,false,335,670,335,800,800,128,2,12,130,0,2948,1.140773406
leopard2-c0-v2,systematic_encode,per_payload_byte,33,33,low_v1,recursive_truncated_parent,parent_preserving,exact_arithmetic_lower_bound_scratch,64,64,128,128,66,62,31,31,1.939393939,gf8,gf8,false,false,335,670,335,800,800,64,12,12,130,0,2988,1.125502008
leopard2-c0-v2,systematic_encode,per_payload_byte,33,33,low_v1,binary_dyadic_exact,new_exact_profile,heuristic_optimistic_cross_block,64,33,128,66,66,62,31,31,1.939393939,gf8,gf8,false,false,160,386,226,551,485,33,2,12,99,0,1882,1.786928799
leopard2-c0-v2,systematic_encode,per_payload_byte,33,33,low_v1,full_block_tail_exact,new_exact_profile,heuristic_conservative_dense_join,64,33,128,66,66,62,31,31,1.939393939,gf8,gf8,false,false,160,384,226,549,485,33,4,14,99,0,1886,1.783138918
leopard2-c0-v2,systematic_encode,per_payload_byte,33,33,low_v1,direct_matrix_exact,new_exact_profile,exact_dense_generator_arithmetic,64,33,128,66,66,62,31,31,1.939393939,gf8,gf8,false,false,0,1056,1089,1089,33,1,0,1,0,0,4356,0.772038567
leopard2-c0-v2,systematic_encode,per_payload_byte,33,33,low_v1,subproduct_tree_exact,new_exact_profile,asymptotic_generic_polynomial_proxy,64,33,128,66,66,62,31,31,1.939393939,gf8,gf8,false,false,9702,9702,9702,19404,9702,264,7,21,0,0,58240,0.057743819
leopard2-c0-v2,systematic_encode,per_payload_byte,33,63,legacy_high_v1,padded_dyadic_parent,parent_preserving,exact_structural_radix2_dag,64,64,128,128,96,32,31,1,1.333333333,gf8,gf8,false,false,384,768,384,928,959,128,0,12,160,31,3423,1.0
leopard2-c0-v2,systematic_encode,per_payload_byte,33,63,legacy_high_v1,prefix_pruned_parent,parent_preserving,exact_structural_radix2_dag,64,64,128,128,96,32,31,1,1.333333333,gf8,gf8,false,false,335,670,335,830,830,128,1,12,160,0,3004,1.139480692
leopard2-c0-v2,systematic_encode,per_payload_byte,33,63,legacy_high_v1,dependency_pruned_parent,parent_preserving,exact_structural_radix2_dag,64,64,128,128,96,32,31,1,1.333333333,gf8,gf8,false,false,335,670,335,830,830,128,2,12,160,0,3008,1.137965426
leopard2-c0-v2,systematic_encode,per_payload_byte,33,63,legacy_high_v1,recursive_truncated_parent,parent_preserving,exact_arithmetic_lower_bound_scratch,64,64,128,128,96,32,31,1,1.333333333,gf8,gf8,false,false,335,670,335,830,830,64,12,12,160,0,3048,1.123031496
leopard2-c0-v2,systematic_encode,per_payload_byte,33,63,legacy_high_v1,binary_dyadic_exact,new_exact_profile,heuristic_optimistic_cross_block,64,63,128,96,96,32,31,1,1.333333333,gf8,gf8,false,false,258,1146,888,1935,1305,63,10,40,159,0,6202,0.551918736
leopard2-c0-v2,systematic_encode,per_payload_byte,33,63,legacy_high_v1,full_block_tail_exact,new_exact_profile,heuristic_conservative_dense_join,64,63,128,96,96,32,31,1,1.333333333,gf8,gf8,false,false,160,4164,4066,8229,2525,63,4,14,159,0,23066,0.148400243
leopard2-c0-v2,systematic_encode,per_payload_byte,33,63,legacy_high_v1,direct_matrix_exact,new_exact_profile,exact_dense_generator_arithmetic,64,63,128,96,96,32,31,1,1.333333333,gf8,gf8,false,false,0,2016,2079,2079,63,1,0,1,0,0,8316,0.411616162
leopard2-c0-v2,systematic_encode,per_payload_byte,33,63,legacy_high_v1,subproduct_tree_exact,new_exact_profile,asymptotic_generic_polynomial_proxy,64,63,128,96,96,32,31,1,1.333333333,gf8,gf8,false,false,14112,14112,14112,28224,14112,384,7,21,0,0,84700,0.040413223
leopard2-c0-v2,systematic_encode,per_payload_byte,33,63,low_v1,padded_dyadic_parent,parent_preserving,exact_structural_radix2_dag,64,64,128,128,96,32,31,1,1.333333333,gf8,gf8,false,false,384,768,384,928,959,128,0,12,160,31,3423,1.0
leopard2-c0-v2,systematic_encode,per_payload_byte,33,63,low_v1,prefix_pruned_parent,parent_preserving,exact_structural_radix2_dag,64,64,128,128,96,32,31,1,1.333333333,gf8,gf8,false,false,335,670,335,830,830,128,1,12,160,0,3004,1.139480692
leopard2-c0-v2,systematic_encode,per_payload_byte,33,63,low_v1,dependency_pruned_parent,parent_preserving,exact_structural_radix2_dag,64,64,128,128,96,32,31,1,1.333333333,gf8,gf8,false,false,335,670,335,830,830,128,2,12,160,0,3008,1.137965426
leopard2-c0-v2,systematic_encode,per_payload_byte,33,63,low_v1,recursive_truncated_parent,parent_preserving,exact_arithmetic_lower_bound_scratch,64,64,128,128,96,32,31,1,1.333333333,gf8,gf8,false,false,335,670,335,830,830,64,12,12,160,0,3048,1.123031496
leopard2-c0-v2,systematic_encode,per_payload_byte,33,63,low_v1,binary_dyadic_exact,new_exact_profile,heuristic_optimistic_cross_block,64,33,128,96,96,32,31,1,1.333333333,gf8,gf8,false,false,240,579,339,840,741,33,3,18,162,0,2850,1.201052632
leopard2-c0-v2,systematic_encode,per_payload_byte,33,63,low_v1,full_block_tail_exact,new_exact_profile,heuristic_conservative_dense_join,64,33,128,96,96,32,31,1,1.333333333,gf8,gf8,false,false,240,576,339,837,741,33,6,21,162,0,2856,1.198529412
leopard2-c0-v2,systematic_encode,per_payload_byte,33,63,low_v1,direct_matrix_exact,new_exact_profile,exact_dense_generator_arithmetic,64,33,128,96,96,32,31,1,1.333333333,gf8,gf8,false,false,0,2016,2079,2079,63,1,0,1,0,0,8316,0.411616162
leopard2-c0-v2,systematic_encode,per_payload_byte,33,63,low_v1,subproduct_tree_exact,new_exact_profile,asymptotic_generic_polynomial_proxy,64,33,128,96,96,32,31,1,1.333333333,gf8,gf8,false,false,14112,14112,14112,28224,14112,384,7,21,0,0,84700,0.040413223
leopard2-c0-v2,systematic_encode,per_payload_byte,33,65,legacy_high_v1,padded_dyadic_parent,parent_preserving,exact_structural_radix2_dag,128,128,256,256,98,158,95,63,2.612244898,gf8,gf8,false,false,896,1792,896,2018,2113,256,0,14,226,95,7715,1.0
leopard2-c0-v2,systematic_encode,per_payload_byte,33,65,legacy_high_v1,prefix_pruned_parent,parent_preserving,exact_structural_radix2_dag,128,128,256,256,98,158,95,63,2.612244898,gf8,gf8,false,false,655,1310,655,1536,1536,256,1,14,226,0,5696,1.35445927
leopard2-c0-v2,systematic_encode,per_payload_byte,33,65,legacy_high_v1,dependency_pruned_parent,parent_preserving,exact_structural_radix2_dag,128,128,256,256,98,158,95,63,2.612244898,gf8,gf8,false,false,655,1310,655,1536,1536,256,2,14,226,0,5700,1.353508772
leopard2-c0-v2,systematic_encode,per_payload_byte,33,65,legacy_high_v1,recursive_truncated_parent,parent_preserving,exact_arithmetic_lower_bound_scratch,128,128,256,256,98,158,95,63,2.612244898,gf8,gf8,false,false,655,1310,655,1536,1536,128,14,14,226,0,5748,1.342205985
leopard2-c0-v2,systematic_encode,per_payload_byte,33,65,legacy_high_v1,binary_dyadic_exact,new_exact_profile,heuristic_optimistic_cross_block,128,65,256,98,98,158,95,63,2.612244898,gf8,gf8,false,false,384,898,514,1191,1061,65,2,14,163,0,4186,1.843048256
leopard2-c0-v2,systematic_encode,per_payload_byte,33,65,legacy_high_v1,full_block_tail_exact,new_exact_profile,heuristic_conservative_dense_join,128,65,256,98,98,158,95,63,2.612244898,gf8,gf8,false,false,384,896,514,1189,1061,65,4,16,163,0,4190,1.841288783
leopard2-c0-v2,systematic_encode,per_payload_byte,33,65,legacy_high_v1,direct_matrix_exact,new_exact_profile,exact_dense_generator_arithmetic,128,65,256,98,98,158,95,63,2.612244898,gf8,gf8,false,false,0,2080,2145,2145,65,1,0,1,0,0,8580,0.899184149
leopard2-c0-v2,systematic_encode,per_payload_byte,33,65,legacy_high_v1,subproduct_tree_exact,new_exact_profile,asymptotic_generic_polynomial_proxy,128,65,256,98,98,158,95,63,2.612244898,gf8,gf8,false,false,14406,14406,14406,28812,14406,392,7,21,0,0,86464,0.089227887
leopard2-c0-v2,systematic_encode,per_payload_byte,33,65,low_v1,padded_dyadic_parent,parent_preserving,exact_structural_radix2_dag,64,64,256,256,98,158,31,127,2.612244898,gf8,gf8,false,false,576,1152,576,1378,1409,128,0,18,226,31,5091,1.0
leopard2-c0-v2,systematic_encode,per_payload_byte,33,65,low_v1,prefix_pruned_parent,parent_preserving,exact_structural_radix2_dag,64,64,256,256,98,158,31,127,2.612244898,gf8,gf8,false,false,527,1054,527,1280,1280,128,1,18,226,0,4672,1.089683219
leopard2-c0-v2,systematic_encode,per_payload_byte,33,65,low_v1,dependency_pruned_parent,parent_preserving,exact_structural_radix2_dag,64,64,256,256,98,158,31,127,2.612244898,gf8,gf8,false,false,398,796,398,1022,1022,128,2,18,226,0,3644,1.397091109
leopard2-c0-v2,systematic_encode,per_payload_byte,33,65,low_v1,recursive_truncated_parent,parent_preserving,exact_arithmetic_lower_bound_scratch,64,64,256,256,98,158,31,127,2.612244898,gf8,gf8,false,false,398,796,398,1022,1022,64,12,18,226,0,3684,1.381921824
leopard2-c0-v2,systematic_encode,per_payload_byte,33,65,low_v1,binary_dyadic_exact,new_exact_profile,heuristic_optimistic_cross_block,64,33,256,98,98,158,31,127,2.612244898,gf8,gf8,false,false,240,579,339,842,743,33,3,18,164,0,2854,1.783812193
leopard2-c0-v2,systematic_encode,per_payload_byte,33,65,low_v1,full_block_tail_exact,new_exact_profile,heuristic_conservative_dense_join,64,33,256,98,98,158,31,127,2.612244898,gf8,gf8,false,false,240,576,339,839,743,33,6,21,164,0,2860,1.78006993
leopard2-c0-v2,systematic_encode,per_payload_byte,33,65,low_v1,direct_matrix_exact,new_exact_profile,exact_dense_generator_arithmetic,64,33,256,98,98,158,31,127,2.612244898,gf8,gf8,false,false,0,2080,2145,2145,65,1,0,1,0,0,8580,0.593356643
leopard2-c0-v2,systematic_encode,per_payload_byte,33,65,low_v1,subproduct_tree_exact,new_exact_profile,asymptotic_generic_polynomial_proxy,64,33,256,98,98,158,31,127,2.612244898,gf8,gf8,false,false,14406,14406,14406,28812,14406,392,7,21,0,0,86464,0.058879996
leopard2-c0-v2,systematic_encode,per_payload_byte,33,127,legacy_high_v1,padded_dyadic_parent,parent_preserving,exact_structural_radix2_dag,128,128,256,256,160,96,95,1,1.6,gf8,gf8,false,false,896,1792,896,2080,2175,256,0,14,288,95,7839,1.0
leopard2-c0-v2,systematic_encode,per_payload_byte,33,127,legacy_high_v1,prefix_pruned_parent,parent_preserving,exact_structural_radix2_dag,128,128,256,256,160,96,95,1,1.6,gf8,gf8,false,false,655,1310,655,1598,1598,256,1,14,288,0,5820,1.346907216
leopard2-c0-v2,systematic_encode,per_payload_byte,33,127,legacy_high_v1,dependency_pruned_parent,parent_preserving,exact_structural_radix2_dag,128,128,256,256,160,96,95,1,1.6,gf8,gf8,false,false,655,1310,655,1598,1598,256,2,14,288,0,5824,1.345982143
leopard2-c0-v2,systematic_encode,per_payload_byte,33,127,legacy_high_v1,recursive_truncated_parent,parent_preserving,exact_arithmetic_lower_bound_scratch,128,128,256,256,160,96,95,1,1.6,gf8,gf8,false,false,655,1310,655,1598,1598,128,14,14,288,0,5872,1.334979564
leopard2-c0-v2,systematic_encode,per_payload_byte,33,127,legacy_high_v1,binary_dyadic_exact,new_exact_profile,heuristic_optimistic_cross_block,128,127,256,160,160,96,95,1,1.6,gf8,gf8,false,false,642,2808,2166,4619,3095,127,12,54,287,0,14902,0.526036774
leopard2-c0-v2,systematic_encode,per_payload_byte,33,127,legacy_high_v1,full_block_tail_exact,new_exact_profile,heuristic_conservative_dense_join,128,127,256,160,160,96,95,1,1.6,gf8,gf8,false,false,384,16644,16386,32933,9245,127,4,16,287,0,91610,0.085569261
leopard2-c0-v2,systematic_encode,per_payload_byte,33,127,legacy_high_v1,direct_matrix_exact,new_exact_profile,exact_dense_generator_arithmetic,128,127,256,160,160,96,95,1,1.6,gf8,gf8,false,false,0,4064,4191,4191,127,1,0,1,0,0,16764,0.467609162
leopard2-c0-v2,systematic_encode,per_payload_byte,33,127,legacy_high_v1,subproduct_tree_exact,new_exact_profile,asymptotic_generic_polynomial_proxy,128,127,256,160,160,96,95,1,1.6,gf8,gf8,false,false,30720,30720,30720,61440,30720,640,8,24,0,0,184352,0.042521915
leopard2-c0-v2,systematic_encode,per_payload_byte,33,127,low_v1,padded_dyadic_parent,parent_preserving,exact_structural_radix2_dag,64,64,256,256,160,96,31,65,1.6,gf8,gf8,false,false,576,1152,576,1440,1471,128,0,18,288,31,5215,1.0
leopard2-c0-v2,systematic_encode,per_payload_byte,33,127,low_v1,prefix_pruned_parent,parent_preserving,exact_structural_radix2_dag,64,64,256,256,160,96,31,65,1.6,gf8,gf8,false,false,527,1054,527,1342,1342,128,1,18,288,0,4796,1.08736447
leopard2-c0-v2,systematic_encode,per_payload_byte,33,127,low_v1,dependency_pruned_parent,parent_preserving,exact_structural_radix2_dag,64,64,256,256,160,96,31,65,1.6,gf8,gf8,false,false,527,1054,527,1342,1342,128,2,18,288,0,4800,1.086458333
leopard2-c0-v2,systematic_encode,per_payload_byte,33,127,low_v1,recursive_truncated_parent,parent_preserving,exact_arithmetic_lower_bound_scratch,64,64,256,256,160,96,31,65,1.6,gf8,gf8,false,false,527,1054,527,1342,1342,64,12,18,288,0,4840,1.077479339
leopard2-c0-v2,systematic_encode,per_payload_byte,33,127,low_v1,binary_dyadic_exact,new_exact_profile,heuristic_optimistic_cross_block,64,33,256,160,160,96,31,65,1.6,gf8,gf8,false,false,400,965,565,1422,1257,33,5,30,292,0,4794,1.087818106
leopard2-c0-v2,systematic_encode,per_payload_byte,33,127,low_v1,full_block_tail_exact,new_exact_profile,heuristic_conservative_dense_join,64,33,256,160,160,96,31,65,1.6,gf8,gf8,false,false,400,960,565,1417,1257,33,10,35,292,0,4804,1.085553705
leopard2-c0-v2,systematic_encode,per_payload_byte,33,127,low_v1,direct_matrix_exact,new_exact_profile,exact_dense_generator_arithmetic,64,33,256,160,160,96,31,65,1.6,gf8,gf8,false,false,0,4064,4191,4191,127,1,0,1,0,0,16764,0.311083274
leopard2-c0-v2,systematic_encode,per_payload_byte,33,127,low_v1,subproduct_tree_exact,new_exact_profile,asymptotic_generic_polynomial_proxy,64,33,256,160,160,96,31,65,1.6,gf8,gf8,false,false,30720,30720,30720,61440,30720,640,8,24,0,0,184352,0.028288275
leopard2-c0-v2,systematic_encode,per_payload_byte,33,129,legacy_high_v1,padded_dyadic_parent,parent_preserving,exact_structural_radix2_dag,256,256,512,512,162,350,223,127,3.160493827,gf16,gf16,true,false,2048,4096,2048,4514,4737,512,0,16,418,223,17443,1.0
leopard2-c0-v2,systematic_encode,per_payload_byte,33,129,legacy_high_v1,prefix_pruned_parent,parent_preserving,exact_structural_radix2_dag,256,256,512,512,162,350,223,127,3.160493827,gf16,gf16,true,false,1359,2718,1359,3136,3136,512,1,16,418,0,11712,1.489327186
leopard2-c0-v2,systematic_encode,per_payload_byte,33,129,legacy_high_v1,dependency_pruned_parent,parent_preserving,exact_structural_radix2_dag,256,256,512,512,162,350,223,127,3.160493827,gf16,gf16,true,false,1359,2718,1359,3136,3136,512,2,16,418,0,11716,1.488818709
leopard2-c0-v2,systematic_encode,per_payload_byte,33,129,legacy_high_v1,recursive_truncated_parent,parent_preserving,exact_arithmetic_lower_bound_scratch,256,256,512,512,162,350,223,127,3.160493827,gf16,gf16,true,false,1359,2718,1359,3136,3136,256,16,16,418,0,11772,1.481736323
leopard2-c0-v2,systematic_encode,per_payload_byte,33,129,legacy_high_v1,binary_dyadic_exact,new_exact_profile,heuristic_optimistic_cross_block,256,129,512,162,162,350,223,127,3.160493827,gf16,gf8,true,true,896,2050,1154,2599,2341,129,2,16,291,0,9306,1.874382119
leopard2-c0-v2,systematic_encode,per_payload_byte,33,129,legacy_high_v1,full_block_tail_exact,new_exact_profile,heuristic_conservative_dense_join,256,129,512,162,162,350,223,127,3.160493827,gf16,gf8,true,true,896,2048,1154,2597,2341,129,4,18,291,0,9310,1.873576799
leopard2-c0-v2,systematic_encode,per_payload_byte,33,129,legacy_high_v1,direct_matrix_exact,new_exact_profile,exact_dense_generator_arithmetic,256,129,512,162,162,350,223,127,3.160493827,gf16,gf8,true,true,0,4128,4257,4257,129,1,0,1,0,0,17028,1.024371623
leopard2-c0-v2,systematic_encode,per_payload_byte,33,129,legacy_high_v1,subproduct_tree_exact,new_exact_profile,asymptotic_generic_polynomial_proxy,256,129,512,162,162,350,223,127,3.160493827,gf16,gf8,true,true,31104,31104,31104,62208,31104,648,8,24,0,0,186656,0.093449983
leopard2-c0-v2,systematic_encode,per_payload_byte,33,129,low_v1,padded_dyadic_parent,parent_preserving,exact_structural_radix2_dag,64,64,256,256,162,94,31,63,1.580246914,gf8,gf8,false,false,768,1536,768,1890,1921,128,0,24,354,31,6883,1.0
leopard2-c0-v2,systematic_encode,per_payload_byte,33,129,low_v1,prefix_pruned_parent,parent_preserving,exact_structural_radix2_dag,64,64,256,256,162,94,31,63,1.580246914,gf8,gf8,false,false,719,1438,719,1792,1792,128,1,24,354,0,6464,1.064820545
leopard2-c0-v2,systematic_encode,per_payload_byte,33,129,low_v1,dependency_pruned_parent,parent_preserving,exact_structural_radix2_dag,64,64,256,256,162,94,31,63,1.580246914,gf8,gf8,false,false,590,1180,590,1534,1534,128,2,24,354,0,5436,1.266188374
leopard2-c0-v2,systematic_encode,per_payload_byte,33,129,low_v1,recursive_truncated_parent,parent_preserving,exact_arithmetic_lower_bound_scratch,64,64,256,256,162,94,31,63,1.580246914,gf8,gf8,false,false,590,1180,590,1534,1534,64,12,24,354,0,5476,1.256939372
leopard2-c0-v2,systematic_encode,per_payload_byte,33,129,low_v1,binary_dyadic_exact,new_exact_profile,heuristic_optimistic_cross_block,64,33,256,162,162,94,31,63,1.580246914,gf8,gf8,false,false,400,965,565,1424,1259,33,5,30,294,0,4798,1.434556065
leopard2-c0-v2,systematic_encode,per_payload_byte,33,129,low_v1,full_block_tail_exact,new_exact_profile,heuristic_conservative_dense_join,64,33,256,162,162,94,31,63,1.580246914,gf8,gf8,false,false,400,960,565,1419,1259,33,10,35,294,0,4808,1.431572379
leopard2-c0-v2,systematic_encode,per_payload_byte,33,129,low_v1,direct_matrix_exact,new_exact_profile,exact_dense_generator_arithmetic,64,33,256,162,162,94,31,63,1.580246914,gf8,gf8,false,false,0,4128,4257,4257,129,1,0,1,0,0,17028,0.404216584
leopard2-c0-v2,systematic_encode,per_payload_byte,33,129,low_v1,subproduct_tree_exact,new_exact_profile,asymptotic_generic_polynomial_proxy,64,33,256,162,162,94,31,63,1.580246914,gf8,gf8,false,false,31104,31104,31104,62208,31104,648,8,24,0,0,186656,0.036875321
leopard2-c0-v2,systematic_encode,per_payload_byte,33,255,legacy_high_v1,padded_dyadic_parent,parent_preserving,exact_structural_radix2_dag,256,256,512,512,288,224,223,1,1.777777778,gf16,gf16,false,false,2048,4096,2048,4640,4863,512,0,16,544,223,17695,1.0
leopard2-c0-v2,systematic_encode,per_payload_byte,33,255,legacy_high_v1,prefix_pruned_parent,parent_preserving,exact_structural_radix2_dag,256,256,512,512,288,224,223,1,1.777777778,gf16,gf16,false,false,1359,2718,1359,3262,3262,512,1,16,544,0,11964,1.479020395
leopard2-c0-v2,systematic_encode,per_payload_byte,33,255,legacy_high_v1,dependency_pruned_parent,parent_preserving,exact_structural_radix2_dag,256,256,512,512,288,224,223,1,1.777777778,gf16,gf16,false,false,1359,2718,1359,3262,3262,512,2,16,544,0,11968,1.47852607
leopard2-c0-v2,systematic_encode,per_payload_byte,33,255,legacy_high_v1,recursive_truncated_parent,parent_preserving,exact_arithmetic_lower_bound_scratch,256,256,512,512,288,224,223,1,1.777777778,gf16,gf16,false,false,1359,2718,1359,3262,3262,256,16,16,544,0,12024,1.471640053
leopard2-c0-v2,systematic_encode,per_payload_byte,33,255,legacy_high_v1,binary_dyadic_exact,new_exact_profile,heuristic_optimistic_cross_block,256,255,512,288,288,224,223,1,1.777777778,gf16,gf16,false,false,1538,6646,5108,10759,7189,255,14,70,543,0,34866,0.507514484
leopard2-c0-v2,systematic_encode,per_payload_byte,33,255,legacy_high_v1,full_block_tail_exact,new_exact_profile,heuristic_conservative_dense_join,256,255,512,288,288,224,223,1,1.777777778,gf16,gf16,false,false,896,66308,65666,131621,35101,255,4,18,543,0,364378,0.048562207
leopard2-c0-v2,systematic_encode,per_payload_byte,33,255,legacy_high_v1,direct_matrix_exact,new_exact_profile,exact_dense_generator_arithmetic,256,255,512,288,288,224,223,1,1.777777778,gf16,gf16,false,false,0,8160,8415,8415,255,1,0,1,0,0,33660,0.525698158
leopard2-c0-v2,systematic_encode,per_payload_byte,33,255,legacy_high_v1,subproduct_tree_exact,new_exact_profile,asymptotic_generic_polynomial_proxy,256,255,512,288,288,224,223,1,1.777777778,gf16,gf16,false,false,69984,69984,69984,139968,69984,1152,9,27,0,0,419940,0.042136972
leopard2-c0-v2,systematic_encode,per_payload_byte,33,255,low_v1,padded_dyadic_parent,parent_preserving,exact_structural_radix2_dag,64,64,512,512,288,224,31,193,1.777777778,gf16,gf16,false,false,960,1920,960,2464,2495,128,0,30,544,31,8799,1.0
leopard2-c0-v2,systematic_encode,per_payload_byte,33,255,low_v1,prefix_pruned_parent,parent_preserving,exact_structural_radix2_dag,64,64,512,512,288,224,31,193,1.777777778,gf16,gf16,false,false,911,1822,911,2366,2366,128,1,30,544,0,8380,1.05
leopard2-c0-v2,systematic_encode,per_payload_byte,33,255,low_v1,dependency_pruned_parent,parent_preserving,exact_structural_radix2_dag,64,64,512,512,288,224,31,193,1.777777778,gf16,gf16,false,false,911,1822,911,2366,2366,128,2,30,544,0,8384,1.049499046
leopard2-c0-v2,systematic_encode,per_payload_byte,33,255,low_v1,recursive_truncated_parent,parent_preserving,exact_arithmetic_lower_bound_scratch,64,64,512,512,288,224,31,193,1.777777778,gf16,gf16,false,false,911,1822,911,2366,2366,64,12,30,544,0,8424,1.04451567
leopard2-c0-v2,systematic_encode,per_payload_byte,33,255,low_v1,binary_dyadic_exact,new_exact_profile,heuristic_optimistic_cross_block,64,33,512,288,288,224,31,193,1.777777778,gf16,gf16,false,false,720,1737,1017,2586,2289,33,9,54,552,0,8682,1.013476158
leopard2-c0-v2,systematic_encode,per_payload_byte,33,255,low_v1,full_block_tail_exact,new_exact_profile,heuristic_conservative_dense_join,64,33,512,288,288,224,31,193,1.777777778,gf16,gf16,false,false,720,1728,1017,2577,2289,33,18,63,552,0,8700,1.01137931
leopard2-c0-v2,systematic_encode,per_payload_byte,33,255,low_v1,direct_matrix_exact,new_exact_profile,exact_dense_generator_arithmetic,64,33,512,288,288,224,31,193,1.777777778,gf16,gf16,false,false,0,8160,8415,8415,255,1,0,1,0,0,33660,0.2614082
leopard2-c0-v2,systematic_encode,per_payload_byte,33,255,low_v1,subproduct_tree_exact,new_exact_profile,asymptotic_generic_polynomial_proxy,64,33,512,288,288,224,31,193,1.777777778,gf16,gf16,false,false,69984,69984,69984,139968,69984,1152,9,27,0,0,419940,0.020952993
leopard2-c0-v2,systematic_encode,per_payload_byte,63,3,legacy_high_v1,padded_dyadic_parent,parent_preserving,exact_structural_radix2_dag,4,4,128,128,66,62,61,1,1.939393939,gf8,gf8,false,false,68,196,68,326,267,8,0,34,70,1,925,1.0
leopard2-c0-v2,systematic_encode,per_payload_byte,63,3,legacy_high_v1,prefix_pruned_parent,parent_preserving,exact_structural_radix2_dag,4,4,128,128,66,62,61,1,1.939393939,gf8,gf8,false,false,68,196,68,326,266,8,1,34,70,0,928,0.996767241
leopard2-c0-v2,systematic_encode,per_payload_byte,63,3,legacy_high_v1,dependency_pruned_parent,parent_preserving,exact_structural_radix2_dag,4,4,128,128,66,62,61,1,1.939393939,gf8,gf8,false,false,68,196,68,326,266,8,2,34,70,0,932,0.99248927
leopard2-c0-v2,systematic_encode,per_payload_byte,63,3,legacy_high_v1,recursive_truncated_parent,parent_preserving,exact_arithmetic_lower_bound_scratch,4,4,128,128,66,62,61,1,1.939393939,gf8,gf8,false,false,68,196,68,326,266,4,4,34,70,0,940,0.984042553
leopard2-c0-v2,systematic_encode,per_payload_byte,63,3,legacy_high_v1,binary_dyadic_exact,new_exact_profile,heuristic_optimistic_cross_block,4,3,128,66,66,62,61,1,1.939393939,gf8,gf8,false,false,22,170,88,365,239,3,22,44,69,0,1038,0.891136802
leopard2-c0-v2,systematic_encode,per_payload_byte,63,3,legacy_high_v1,full_block_tail_exact,new_exact_profile,heuristic_conservative_dense_join,4,3,128,66,66,62,61,1,1.939393939,gf8,gf8,false,false,22,148,88,343,239,3,44,66,69,0,1082,0.854898336
leopard2-c0-v2,systematic_encode,per_payload_byte,63,3,legacy_high_v1,direct_matrix_exact,new_exact_profile,exact_dense_generator_arithmetic,4,3,128,66,66,62,61,1,1.939393939,gf8,gf8,false,false,0,186,189,189,3,1,0,1,0,0,756,1.223544974
leopard2-c0-v2,systematic_encode,per_payload_byte,63,3,legacy_high_v1,subproduct_tree_exact,new_exact_profile,asymptotic_generic_polynomial_proxy,4,3,128,66,66,62,61,1,1.939393939,gf8,gf8,false,false,9702,9702,9702,19404,9702,264,7,21,0,0,58240,0.015882555
leopard2-c0-v2,systematic_encode,per_payload_byte,63,3,low_v1,padded_dyadic_parent,parent_preserving,exact_structural_radix2_dag,64,64,128,128,66,62,1,61,1.939393939,gf8,gf8,false,false,384,768,384,898,899,128,0,12,130,1,3333,1.0
leopard2-c0-v2,systematic_encode,per_payload_byte,63,3,low_v1,prefix_pruned_parent,parent_preserving,exact_structural_radix2_dag,64,64,128,128,66,62,1,61,1.939393939,gf8,gf8,false,false,384,768,384,898,898,128,1,12,130,0,3336,0.999100719
leopard2-c0-v2,systematic_encode,per_payload_byte,63,3,low_v1,dependency_pruned_parent,parent_preserving,exact_structural_radix2_dag,64,64,128,128,66,62,1,61,1.939393939,gf8,gf8,false,false,301,602,301,732,732,128,2,12,130,0,2676,1.245515695
leopard2-c0-v2,systematic_encode,per_payload_byte,63,3,low_v1,recursive_truncated_parent,parent_preserving,exact_arithmetic_lower_bound_scratch,64,64,128,128,66,62,1,61,1.939393939,gf8,gf8,false,false,301,602,301,732,732,64,12,12,130,0,2716,1.227172312
leopard2-c0-v2,systematic_encode,per_payload_byte,63,3,low_v1,binary_dyadic_exact,new_exact_profile,heuristic_optimistic_cross_block,64,63,128,66,66,62,1,61,1.939393939,gf8,gf8,false,false,258,1146,888,1905,1275,63,10,40,129,0,6142,0.542657115
leopard2-c0-v2,systematic_encode,per_payload_byte,63,3,low_v1,full_block_tail_exact,new_exact_profile,heuristic_conservative_dense_join,64,63,128,66,66,62,1,61,1.939393939,gf8,gf8,false,false,160,4164,4066,8199,2495,63,4,14,129,0,23006,0.14487525
leopard2-c0-v2,systematic_encode,per_payload_byte,63,3,low_v1,direct_matrix_exact,new_exact_profile,exact_dense_generator_arithmetic,64,63,128,66,66,62,1,61,1.939393939,gf8,gf8,false,false,0,186,189,189,3,1,0,1,0,0,756,4.408730159
leopard2-c0-v2,systematic_encode,per_payload_byte,63,3,low_v1,subproduct_tree_exact,new_exact_profile,asymptotic_generic_polynomial_proxy,64,63,128,66,66,62,1,61,1.939393939,gf8,gf8,false,false,9702,9702,9702,19404,9702,264,7,21,0,0,58240,0.057228709
leopard2-c0-v2,systematic_encode,per_payload_byte,63,5,legacy_high_v1,padded_dyadic_parent,parent_preserving,exact_structural_radix2_dag,8,8,128,128,68,60,57,3,1.882352941,gf8,gf8,false,false,108,272,108,404,349,16,0,27,76,1,1241,1.0
leopard2-c0-v2,systematic_encode,per_payload_byte,63,5,legacy_high_v1,prefix_pruned_parent,parent_preserving,exact_structural_radix2_dag,8,8,128,128,68,60,57,3,1.882352941,gf8,gf8,false,false,108,272,108,404,348,16,1,27,76,0,1244,0.997588424
leopard2-c0-v2,systematic_encode,per_payload_byte,63,5,legacy_high_v1,dependency_pruned_parent,parent_preserving,exact_structural_radix2_dag,8,8,128,128,68,60,57,3,1.882352941,gf8,gf8,false,false,108,272,108,404,348,16,2,27,76,0,1248,0.994391026
leopard2-c0-v2,systematic_encode,per_payload_byte,63,5,legacy_high_v1,recursive_truncated_parent,parent_preserving,exact_arithmetic_lower_bound_scratch,8,8,128,128,68,60,57,3,1.882352941,gf8,gf8,false,false,108,272,108,404,348,8,6,27,76,0,1264,0.981803797
leopard2-c0-v2,systematic_encode,per_payload_byte,63,5,legacy_high_v1,binary_dyadic_exact,new_exact_profile,heuristic_optimistic_cross_block,8,5,128,68,68,60,57,3,1.882352941,gf8,gf8,false,false,56,242,126,445,315,5,14,42,73,0,1310,0.947328244
leopard2-c0-v2,systematic_encode,per_payload_byte,63,5,legacy_high_v1,full_block_tail_exact,new_exact_profile,heuristic_conservative_dense_join,8,5,128,68,68,60,57,3,1.882352941,gf8,gf8,false,false,56,228,126,431,315,5,28,56,73,0,1338,0.927503737
leopard2-c0-v2,systematic_encode,per_payload_byte,63,5,legacy_high_v1,direct_matrix_exact,new_exact_profile,exact_dense_generator_arithmetic,8,5,128,68,68,60,57,3,1.882352941,gf8,gf8,false,false,0,310,315,315,5,1,0,1,0,0,1260,0.984920635
leopard2-c0-v2,systematic_encode,per_payload_byte,63,5,legacy_high_v1,subproduct_tree_exact,new_exact_profile,asymptotic_generic_polynomial_proxy,8,5,128,68,68,60,57,3,1.882352941,gf8,gf8,false,false,9996,9996,9996,19992,9996,272,7,21,0,0,60004,0.020681955
leopard2-c0-v2,systematic_encode,per_payload_byte,63,5,low_v1,padded_dyadic_parent,parent_preserving,exact_structural_radix2_dag,64,64,128,128,68,60,1,59,1.882352941,gf8,gf8,false,false,384,768,384,900,901,128,0,12,132,1,3337,1.0
leopard2-c0-v2,systematic_encode,per_payload_byte,63,5,low_v1,prefix_pruned_parent,parent_preserving,exact_structural_radix2_dag,64,64,128,128,68,60,1,59,1.882352941,gf8,gf8,false,false,384,768,384,900,900,128,1,12,132,0,3340,0.999101796
leopard2-c0-v2,systematic_encode,per_payload_byte,63,5,low_v1,dependency_pruned_parent,parent_preserving,exact_structural_radix2_dag,64,64,128,128,68,60,1,59,1.882352941,gf8,gf8,false,false,323,646,323,778,778,128,2,12,132,0,2856,1.168417367
leopard2-c0-v2,systematic_encode,per_payload_byte,63,5,low_v1,recursive_truncated_parent,parent_preserving,exact_arithmetic_lower_bound_scratch,64,64,128,128,68,60,1,59,1.882352941,gf8,gf8,false,false,323,646,323,778,778,64,12,12,132,0,2896,1.152279006
leopard2-c0-v2,systematic_encode,per_payload_byte,63,5,low_v1,binary_dyadic_exact,new_exact_profile,heuristic_optimistic_cross_block,64,63,128,68,68,60,1,59,1.882352941,gf8,gf8,false,false,258,1146,888,1907,1277,63,10,40,131,0,6146,0.542954767
leopard2-c0-v2,systematic_encode,per_payload_byte,63,5,low_v1,full_block_tail_exact,new_exact_profile,heuristic_conservative_dense_join,64,63,128,68,68,60,1,59,1.882352941,gf8,gf8,false,false,160,4164,4066,8201,2497,63,4,14,131,0,23010,0.145023903
leopard2-c0-v2,systematic_encode,per_payload_byte,63,5,low_v1,direct_matrix_exact,new_exact_profile,exact_dense_generator_arithmetic,64,63,128,68,68,60,1,59,1.882352941,gf8,gf8,false,false,0,310,315,315,5,1,0,1,0,0,1260,2.648412698
leopard2-c0-v2,systematic_encode,per_payload_byte,63,5,low_v1,subproduct_tree_exact,new_exact_profile,asymptotic_generic_polynomial_proxy,64,63,128,68,68,60,1,59,1.882352941,gf8,gf8,false,false,9996,9996,9996,19992,9996,272,7,21,0,0,60004,0.055612959
leopard2-c0-v2,systematic_encode,per_payload_byte,63,7,legacy_high_v1,padded_dyadic_parent,parent_preserving,exact_structural_radix2_dag,8,8,128,128,70,58,57,1,1.828571429,gf8,gf8,false,false,108,272,108,406,351,16,0,27,78,1,1245,1.0
leopard2-c0-v2,systematic_encode,per_payload_byte,63,7,legacy_high_v1,prefix_pruned_parent,parent_preserving,exact_structural_radix2_dag,8,8,128,128,70,58,57,1,1.828571429,gf8,gf8,false,false,108,272,108,406,350,16,1,27,78,0,1248,0.997596154
leopard2-c0-v2,systematic_encode,per_payload_byte,63,7,legacy_high_v1,dependency_pruned_parent,parent_preserving,exact_structural_radix2_dag,8,8,128,128,70,58,57,1,1.828571429,gf8,gf8,false,false,108,272,108,406,350,16,2,27,78,0,1252,0.994408946
leopard2-c0-v2,systematic_encode,per_payload_byte,63,7,legacy_high_v1,recursive_truncated_parent,parent_preserving,exact_arithmetic_lower_bound_scratch,8,8,128,128,70,58,57,1,1.828571429,gf8,gf8,false,false,108,272,108,406,350,8,6,27,78,0,1268,0.981861199
leopard2-c0-v2,systematic_encode,per_payload_byte,63,7,legacy_high_v1,binary_dyadic_exact,new_exact_profile,heuristic_optimistic_cross_block,8,7,128,70,70,58,57,1,1.828571429,gf8,gf8,false,false,50,296,190,569,373,7,20,50,77,0,1698,0.733215548
leopard2-c0-v2,systematic_encode,per_payload_byte,63,7,legacy_high_v1,full_block_tail_exact,new_exact_profile,heuristic_conservative_dense_join,8,7,128,70,70,58,57,1,1.828571429,gf8,gf8,false,false,40,316,250,659,363,7,20,40,77,0,1918,0.64911366
leopard2-c0-v2,systematic_encode,per_payload_byte,63,7,legacy_high_v1,direct_matrix_exact,new_exact_profile,exact_dense_generator_arithmetic,8,7,128,70,70,58,57,1,1.828571429,gf8,gf8,false,false,0,434,441,441,7,1,0,1,0,0,1764,0.705782313
leopard2-c0-v2,systematic_encode,per_payload_byte,63,7,legacy_high_v1,subproduct_tree_exact,new_exact_profile,asymptotic_generic_polynomial_proxy,8,7,128,70,70,58,57,1,1.828571429,gf8,gf8,false,false,10290,10290,10290,20580,10290,280,7,21,0,0,61768,0.020156068
leopard2-c0-v2,systematic_encode,per_payload_byte,63,7,low_v1,padded_dyadic_parent,parent_preserving,exact_structural_radix2_dag,64,64,128,128,70,58,1,57,1.828571429,gf8,gf8,false,false,384,768,384,902,903,128,0,12,134,1,3341,1.0
leopard2-c0-v2,systematic_encode,per_payload_byte,63,7,low_v1,prefix_pruned_parent,parent_preserving,exact_structural_radix2_dag,64,64,128,128,70,58,1,57,1.828571429,gf8,gf8,false,false,384,768,384,902,902,128,1,12,134,0,3344,0.999102871
leopard2-c0-v2,systematic_encode,per_payload_byte,63,7,low_v1,dependency_pruned_parent,parent_preserving,exact_structural_radix2_dag,64,64,128,128,70,58,1,57,1.828571429,gf8,gf8,false,false,337,674,337,808,808,128,2,12,134,0,2972,1.124158816
leopard2-c0-v2,systematic_encode,per_payload_byte,63,7,low_v1,recursive_truncated_parent,parent_preserving,exact_arithmetic_lower_bound_scratch,64,64,128,128,70,58,1,57,1.828571429,gf8,gf8,false,false,337,674,337,808,808,64,12,12,134,0,3012,1.109229748
leopard2-c0-v2,systematic_encode,per_payload_byte,63,7,low_v1,binary_dyadic_exact,new_exact_profile,heuristic_optimistic_cross_block,64,63,128,70,70,58,1,57,1.828571429,gf8,gf8,false,false,258,1146,888,1909,1279,63,10,40,133,0,6150,0.543252033
leopard2-c0-v2,systematic_encode,per_payload_byte,63,7,low_v1,full_block_tail_exact,new_exact_profile,heuristic_conservative_dense_join,64,63,128,70,70,58,1,57,1.828571429,gf8,gf8,false,false,160,4164,4066,8203,2499,63,4,14,133,0,23014,0.145172504
leopard2-c0-v2,systematic_encode,per_payload_byte,63,7,low_v1,direct_matrix_exact,new_exact_profile,exact_dense_generator_arithmetic,64,63,128,70,70,58,1,57,1.828571429,gf8,gf8,false,false,0,434,441,441,7,1,0,1,0,0,1764,1.89399093
leopard2-c0-v2,systematic_encode,per_payload_byte,63,7,low_v1,subproduct_tree_exact,new_exact_profile,asymptotic_generic_polynomial_proxy,64,63,128,70,70,58,1,57,1.828571429,gf8,gf8,false,false,10290,10290,10290,20580,10290,280,7,21,0,0,61768,0.054089496
leopard2-c0-v2,systematic_encode,per_payload_byte,63,9,legacy_high_v1,padded_dyadic_parent,parent_preserving,exact_structural_radix2_dag,16,16,128,128,72,56,49,7,1.777777778,gf8,gf8,false,false,160,368,160,504,457,32,0,20,88,1,1649,1.0
leopard2-c0-v2,systematic_encode,per_payload_byte,63,9,legacy_high_v1,prefix_pruned_parent,parent_preserving,exact_structural_radix2_dag,16,16,128,128,72,56,49,7,1.777777778,gf8,gf8,false,false,160,368,160,504,456,32,1,20,88,0,1652,0.998184019
leopard2-c0-v2,systematic_encode,per_payload_byte,63,9,legacy_high_v1,dependency_pruned_parent,parent_preserving,exact_structural_radix2_dag,16,16,128,128,72,56,49,7,1.777777778,gf8,gf8,false,false,160,368,160,504,456,32,2,20,88,0,1656,0.995772947
leopard2-c0-v2,systematic_encode,per_payload_byte,63,9,legacy_high_v1,recursive_truncated_parent,parent_preserving,exact_arithmetic_lower_bound_scratch,16,16,128,128,72,56,49,7,1.777777778,gf8,gf8,false,false,160,368,160,504,456,16,8,20,88,0,1680,0.981547619
leopard2-c0-v2,systematic_encode,per_payload_byte,63,9,legacy_high_v1,binary_dyadic_exact,new_exact_profile,heuristic_optimistic_cross_block,16,9,128,72,72,56,49,7,1.777777778,gf8,gf8,false,false,96,318,168,525,399,9,8,32,81,0,1610,1.024223602
leopard2-c0-v2,systematic_encode,per_payload_byte,63,9,legacy_high_v1,full_block_tail_exact,new_exact_profile,heuristic_conservative_dense_join,16,9,128,72,72,56,49,7,1.777777778,gf8,gf8,false,false,96,310,168,517,399,9,16,40,81,0,1626,1.014145141
leopard2-c0-v2,systematic_encode,per_payload_byte,63,9,legacy_high_v1,direct_matrix_exact,new_exact_profile,exact_dense_generator_arithmetic,16,9,128,72,72,56,49,7,1.777777778,gf8,gf8,false,false,0,558,567,567,9,1,0,1,0,0,2268,0.72707231
leopard2-c0-v2,systematic_encode,per_payload_byte,63,9,legacy_high_v1,subproduct_tree_exact,new_exact_profile,asymptotic_generic_polynomial_proxy,16,9,128,72,72,56,49,7,1.777777778,gf8,gf8,false,false,10584,10584,10584,21168,10584,288,7,21,0,0,63532,0.025955424
leopard2-c0-v2,systematic_encode,per_payload_byte,63,9,low_v1,padded_dyadic_parent,parent_preserving,exact_structural_radix2_dag,64,64,128,128,72,56,1,55,1.777777778,gf8,gf8,false,false,384,768,384,904,905,128,0,12,136,1,3345,1.0
leopard2-c0-v2,systematic_encode,per_payload_byte,63,9,low_v1,prefix_pruned_parent,parent_preserving,exact_structural_radix2_dag,64,64,128,128,72,56,1,55,1.777777778,gf8,gf8,false,false,384,768,384,904,904,128,1,12,136,0,3348,0.999103943
leopard2-c0-v2,systematic_encode,per_payload_byte,63,9,low_v1,dependency_pruned_parent,parent_preserving,exact_structural_radix2_dag,64,64,128,128,72,56,1,55,1.777777778,gf8,gf8,false,false,347,694,347,830,830,128,2,12,136,0,3056,1.094568063
leopard2-c0-v2,systematic_encode,per_payload_byte,63,9,low_v1,recursive_truncated_parent,parent_preserving,exact_arithmetic_lower_bound_scratch,64,64,128,128,72,56,1,55,1.777777778,gf8,gf8,false,false,347,694,347,830,830,64,12,12,136,0,3096,1.080426357
leopard2-c0-v2,systematic_encode,per_payload_byte,63,9,low_v1,binary_dyadic_exact,new_exact_profile,heuristic_optimistic_cross_block,64,63,128,72,72,56,1,55,1.777777778,gf8,gf8,false,false,258,1146,888,1911,1281,63,10,40,135,0,6154,0.543548911
leopard2-c0-v2,systematic_encode,per_payload_byte,63,9,low_v1,full_block_tail_exact,new_exact_profile,heuristic_conservative_dense_join,64,63,128,72,72,56,1,55,1.777777778,gf8,gf8,false,false,160,4164,4066,8205,2501,63,4,14,135,0,23018,0.145321053
leopard2-c0-v2,systematic_encode,per_payload_byte,63,9,low_v1,direct_matrix_exact,new_exact_profile,exact_dense_generator_arithmetic,64,63,128,72,72,56,1,55,1.777777778,gf8,gf8,false,false,0,558,567,567,9,1,0,1,0,0,2268,1.474867725
leopard2-c0-v2,systematic_encode,per_payload_byte,63,9,low_v1,subproduct_tree_exact,new_exact_profile,asymptotic_generic_polynomial_proxy,64,63,128,72,72,56,1,55,1.777777778,gf8,gf8,false,false,10584,10584,10584,21168,10584,288,7,21,0,0,63532,0.052650633
leopard2-c0-v2,systematic_encode,per_payload_byte,63,15,legacy_high_v1,padded_dyadic_parent,parent_preserving,exact_structural_radix2_dag,16,16,128,128,78,50,49,1,1.641025641,gf8,gf8,false,false,160,368,160,510,463,32,0,20,94,1,1661,1.0
leopard2-c0-v2,systematic_encode,per_payload_byte,63,15,legacy_high_v1,prefix_pruned_parent,parent_preserving,exact_structural_radix2_dag,16,16,128,128,78,50,49,1,1.641025641,gf8,gf8,false,false,160,368,160,510,462,32,1,20,94,0,1664,0.998197115
leopard2-c0-v2,systematic_encode,per_payload_byte,63,15,legacy_high_v1,dependency_pruned_parent,parent_preserving,exact_structural_radix2_dag,16,16,128,128,78,50,49,1,1.641025641,gf8,gf8,false,false,160,368,160,510,462,32,2,20,94,0,1668,0.995803357
leopard2-c0-v2,systematic_encode,per_payload_byte,63,15,legacy_high_v1,recursive_truncated_parent,parent_preserving,exact_arithmetic_lower_bound_scratch,16,16,128,128,78,50,49,1,1.641025641,gf8,gf8,false,false,160,368,160,510,462,16,8,20,94,0,1692,0.981678487
leopard2-c0-v2,systematic_encode,per_payload_byte,63,15,legacy_high_v1,binary_dyadic_exact,new_exact_profile,heuristic_optimistic_cross_block,16,15,128,78,78,50,49,1,1.641025641,gf8,gf8,false,false,102,534,372,957,627,15,18,54,93,0,2934,0.566121336
leopard2-c0-v2,systematic_encode,per_payload_byte,63,15,legacy_high_v1,full_block_tail_exact,new_exact_profile,heuristic_conservative_dense_join,16,15,128,78,78,50,49,1,1.641025641,gf8,gf8,false,false,72,792,702,1575,675,15,12,30,93,0,4494,0.369603916
leopard2-c0-v2,systematic_encode,per_payload_byte,63,15,legacy_high_v1,direct_matrix_exact,new_exact_profile,exact_dense_generator_arithmetic,16,15,128,78,78,50,49,1,1.641025641,gf8,gf8,false,false,0,930,945,945,15,1,0,1,0,0,3780,0.439417989
leopard2-c0-v2,systematic_encode,per_payload_byte,63,15,legacy_high_v1,subproduct_tree_exact,new_exact_profile,asymptotic_generic_polynomial_proxy,16,15,128,78,78,50,49,1,1.641025641,gf8,gf8,false,false,11466,11466,11466,22932,11466,312,7,21,0,0,68824,0.024134023
leopard2-c0-v2,systematic_encode,per_payload_byte,63,15,low_v1,padded_dyadic_parent,parent_preserving,exact_structural_radix2_dag,64,64,128,128,78,50,1,49,1.641025641,gf8,gf8,false,false,384,768,384,910,911,128,0,12,142,1,3357,1.0
leopard2-c0-v2,systematic_encode,per_payload_byte,63,15,low_v1,prefix_pruned_parent,parent_preserving,exact_structural_radix2_dag,64,64,128,128,78,50,1,49,1.641025641,gf8,gf8,false,false,384,768,384,910,910,128,1,12,142,0,3360,0.999107143
leopard2-c0-v2,systematic_encode,per_payload_byte,63,15,low_v1,dependency_pruned_parent,parent_preserving,exact_structural_radix2_dag,64,64,128,128,78,50,1,49,1.641025641,gf8,gf8,false,false,365,730,365,872,872,128,2,12,142,0,3212,1.045143213
leopard2-c0-v2,systematic_encode,per_payload_byte,63,15,low_v1,recursive_truncated_parent,parent_preserving,exact_arithmetic_lower_bound_scratch,64,64,128,128,78,50,1,49,1.641025641,gf8,gf8,false,false,365,730,365,872,872,64,12,12,142,0,3252,1.032287823
leopard2-c0-v2,systematic_encode,per_payload_byte,63,15,low_v1,binary_dyadic_exact,new_exact_profile,heuristic_optimistic_cross_block,64,63,128,78,78,50,1,49,1.641025641,gf8,gf8,false,false,258,1146,888,1917,1287,63,10,40,141,0,6166,0.544437236
leopard2-c0-v2,systematic_encode,per_payload_byte,63,15,low_v1,full_block_tail_exact,new_exact_profile,heuristic_conservative_dense_join,64,63,128,78,78,50,1,49,1.641025641,gf8,gf8,false,false,160,4164,4066,8211,2507,63,4,14,141,0,23030,0.145766392
leopard2-c0-v2,systematic_encode,per_payload_byte,63,15,low_v1,direct_matrix_exact,new_exact_profile,exact_dense_generator_arithmetic,64,63,128,78,78,50,1,49,1.641025641,gf8,gf8,false,false,0,930,945,945,15,1,0,1,0,0,3780,0.888095238
leopard2-c0-v2,systematic_encode,per_payload_byte,63,15,low_v1,subproduct_tree_exact,new_exact_profile,asymptotic_generic_polynomial_proxy,64,63,128,78,78,50,1,49,1.641025641,gf8,gf8,false,false,11466,11466,11466,22932,11466,312,7,21,0,0,68824,0.04877659
leopard2-c0-v2,systematic_encode,per_payload_byte,63,17,legacy_high_v1,padded_dyadic_parent,parent_preserving,exact_structural_radix2_dag,32,32,128,128,80,48,33,15,1.6,gf8,gf8,false,false,240,512,240,656,625,64,0,15,112,1,2273,1.0
leopard2-c0-v2,systematic_encode,per_payload_byte,63,17,legacy_high_v1,prefix_pruned_parent,parent_preserving,exact_structural_radix2_dag,32,32,128,128,80,48,33,15,1.6,gf8,gf8,false,false,240,512,240,656,624,64,1,15,112,0,2276,0.998681898
leopard2-c0-v2,systematic_encode,per_payload_byte,63,17,legacy_high_v1,dependency_pruned_parent,parent_preserving,exact_structural_radix2_dag,32,32,128,128,80,48,33,15,1.6,gf8,gf8,false,false,240,512,240,656,624,64,2,15,112,0,2280,0.996929825
leopard2-c0-v2,systematic_encode,per_payload_byte,63,17,legacy_high_v1,recursive_truncated_parent,parent_preserving,exact_arithmetic_lower_bound_scratch,32,32,128,128,80,48,33,15,1.6,gf8,gf8,false,false,240,512,240,656,624,32,10,15,112,0,2312,0.983131488
leopard2-c0-v2,systematic_encode,per_payload_byte,63,17,legacy_high_v1,binary_dyadic_exact,new_exact_profile,heuristic_optimistic_cross_block,32,17,128,80,80,48,33,15,1.6,gf8,gf8,false,false,160,456,245,689,553,17,5,25,97,0,2208,1.029438406
leopard2-c0-v2,systematic_encode,per_payload_byte,63,17,legacy_high_v1,full_block_tail_exact,new_exact_profile,heuristic_conservative_dense_join,32,17,128,80,80,48,33,15,1.6,gf8,gf8,false,false,160,451,245,684,553,17,10,30,97,0,2218,1.024797115
leopard2-c0-v2,systematic_encode,per_payload_byte,63,17,legacy_high_v1,direct_matrix_exact,new_exact_profile,exact_dense_generator_arithmetic,32,17,128,80,80,48,33,15,1.6,gf8,gf8,false,false,0,1054,1071,1071,17,1,0,1,0,0,4284,0.530578898
leopard2-c0-v2,systematic_encode,per_payload_byte,63,17,legacy_high_v1,subproduct_tree_exact,new_exact_profile,asymptotic_generic_polynomial_proxy,32,17,128,80,80,48,33,15,1.6,gf8,gf8,false,false,11760,11760,11760,23520,11760,320,7,21,0,0,70588,0.032200941
leopard2-c0-v2,systematic_encode,per_payload_byte,63,17,low_v1,padded_dyadic_parent,parent_preserving,exact_structural_radix2_dag,64,64,128,128,80,48,1,47,1.6,gf8,gf8,false,false,384,768,384,912,913,128,0,12,144,1,3361,1.0
leopard2-c0-v2,systematic_encode,per_payload_byte,63,17,low_v1,prefix_pruned_parent,parent_preserving,exact_structural_radix2_dag,64,64,128,128,80,48,1,47,1.6,gf8,gf8,false,false,384,768,384,912,912,128,1,12,144,0,3364,0.999108205
leopard2-c0-v2,systematic_encode,per_payload_byte,63,17,low_v1,dependency_pruned_parent,parent_preserving,exact_structural_radix2_dag,64,64,128,128,80,48,1,47,1.6,gf8,gf8,false,false,369,738,369,882,882,128,2,12,144,0,3248,1.03479064
leopard2-c0-v2,systematic_encode,per_payload_byte,63,17,low_v1,recursive_truncated_parent,parent_preserving,exact_arithmetic_lower_bound_scratch,64,64,128,128,80,48,1,47,1.6,gf8,gf8,false,false,369,738,369,882,882,64,12,12,144,0,3288,1.022201946
leopard2-c0-v2,systematic_encode,per_payload_byte,63,17,low_v1,binary_dyadic_exact,new_exact_profile,heuristic_optimistic_cross_block,64,63,128,80,80,48,1,47,1.6,gf8,gf8,false,false,258,1146,888,1919,1289,63,10,40,143,0,6170,0.544732577
leopard2-c0-v2,systematic_encode,per_payload_byte,63,17,low_v1,full_block_tail_exact,new_exact_profile,heuristic_conservative_dense_join,64,63,128,80,80,48,1,47,1.6,gf8,gf8,false,false,160,4164,4066,8213,2509,63,4,14,143,0,23034,0.145914735
leopard2-c0-v2,systematic_encode,per_payload_byte,63,17,low_v1,direct_matrix_exact,new_exact_profile,exact_dense_generator_arithmetic,64,63,128,80,80,48,1,47,1.6,gf8,gf8,false,false,0,1054,1071,1071,17,1,0,1,0,0,4284,0.784547152
leopard2-c0-v2,systematic_encode,per_payload_byte,63,17,low_v1,subproduct_tree_exact,new_exact_profile,asymptotic_generic_polynomial_proxy,64,63,128,80,80,48,1,47,1.6,gf8,gf8,false,false,11760,11760,11760,23520,11760,320,7,21,0,0,70588,0.047614325
leopard2-c0-v2,systematic_encode,per_payload_byte,63,31,legacy_high_v1,padded_dyadic_parent,parent_preserving,exact_structural_radix2_dag,32,32,128,128,94,34,33,1,1.361702128,gf8,gf8,false,false,240,512,240,670,639,64,0,15,126,1,2301,1.0
leopard2-c0-v2,systematic_encode,per_payload_byte,63,31,legacy_high_v1,prefix_pruned_parent,parent_preserving,exact_structural_radix2_dag,32,32,128,128,94,34,33,1,1.361702128,gf8,gf8,false,false,240,512,240,670,638,64,1,15,126,0,2304,0.998697917
leopard2-c0-v2,systematic_encode,per_payload_byte,63,31,legacy_high_v1,dependency_pruned_parent,parent_preserving,exact_structural_radix2_dag,32,32,128,128,94,34,33,1,1.361702128,gf8,gf8,false,false,240,512,240,670,638,64,2,15,126,0,2308,0.996967071
leopard2-c0-v2,systematic_encode,per_payload_byte,63,31,legacy_high_v1,recursive_truncated_parent,parent_preserving,exact_arithmetic_lower_bound_scratch,32,32,128,128,94,34,33,1,1.361702128,gf8,gf8,false,false,240,512,240,670,638,32,10,15,126,0,2340,0.983333333
leopard2-c0-v2,systematic_encode,per_payload_byte,63,31,legacy_high_v1,binary_dyadic_exact,new_exact_profile,heuristic_optimistic_cross_block,32,31,128,94,94,34,33,1,1.361702128,gf8,gf8,false,false,196,950,692,1633,1075,31,16,56,125,0,5106,0.450646298
leopard2-c0-v2,systematic_encode,per_payload_byte,63,31,legacy_high_v1,full_block_tail_exact,new_exact_profile,heuristic_conservative_dense_join,32,31,128,94,94,34,33,1,1.361702128,gf8,gf8,false,false,128,2118,1988,4165,1463,31,8,24,125,0,11754,0.195763144
leopard2-c0-v2,systematic_encode,per_payload_byte,63,31,legacy_high_v1,direct_matrix_exact,new_exact_profile,exact_dense_generator_arithmetic,32,31,128,94,94,34,33,1,1.361702128,gf8,gf8,false,false,0,1922,1953,1953,31,1,0,1,0,0,7812,0.294546851
leopard2-c0-v2,systematic_encode,per_payload_byte,63,31,legacy_high_v1,subproduct_tree_exact,new_exact_profile,asymptotic_generic_polynomial_proxy,32,31,128,94,94,34,33,1,1.361702128,gf8,gf8,false,false,13818,13818,13818,27636,13818,376,7,21,0,0,82936,0.027744285
leopard2-c0-v2,systematic_encode,per_payload_byte,63,31,low_v1,padded_dyadic_parent,parent_preserving,exact_structural_radix2_dag,64,64,128,128,94,34,1,33,1.361702128,gf8,gf8,false,false,384,768,384,926,927,128,0,12,158,1,3389,1.0
leopard2-c0-v2,systematic_encode,per_payload_byte,63,31,low_v1,prefix_pruned_parent,parent_preserving,exact_structural_radix2_dag,64,64,128,128,94,34,1,33,1.361702128,gf8,gf8,false,false,384,768,384,926,926,128,1,12,158,0,3392,0.999115566
leopard2-c0-v2,systematic_encode,per_payload_byte,63,31,low_v1,dependency_pruned_parent,parent_preserving,exact_structural_radix2_dag,64,64,128,128,94,34,1,33,1.361702128,gf8,gf8,false,false,383,766,383,924,924,128,2,12,158,0,3388,1.000295159
leopard2-c0-v2,systematic_encode,per_payload_byte,63,31,low_v1,recursive_truncated_parent,parent_preserving,exact_arithmetic_lower_bound_scratch,64,64,128,128,94,34,1,33,1.361702128,gf8,gf8,false,false,383,766,383,924,924,64,12,12,158,0,3428,0.988623104
leopard2-c0-v2,systematic_encode,per_payload_byte,63,31,low_v1,binary_dyadic_exact,new_exact_profile,heuristic_optimistic_cross_block,64,63,128,94,94,34,1,33,1.361702128,gf8,gf8,false,false,258,1146,888,1933,1303,63,10,40,157,0,6198,0.546789287
leopard2-c0-v2,systematic_encode,per_payload_byte,63,31,low_v1,full_block_tail_exact,new_exact_profile,heuristic_conservative_dense_join,64,63,128,94,94,34,1,33,1.361702128,gf8,gf8,false,false,160,4164,4066,8227,2523,63,4,14,157,0,23062,0.146951695
leopard2-c0-v2,systematic_encode,per_payload_byte,63,31,low_v1,direct_matrix_exact,new_exact_profile,exact_dense_generator_arithmetic,64,63,128,94,94,34,1,33,1.361702128,gf8,gf8,false,false,0,1922,1953,1953,31,1,0,1,0,0,7812,0.433819764
leopard2-c0-v2,systematic_encode,per_payload_byte,63,31,low_v1,subproduct_tree_exact,new_exact_profile,asymptotic_generic_polynomial_proxy,64,63,128,94,94,34,1,33,1.361702128,gf8,gf8,false,false,13818,13818,13818,27636,13818,376,7,21,0,0,82936,0.040862834
leopard2-c0-v2,systematic_encode,per_payload_byte,63,33,legacy_high_v1,padded_dyadic_parent,parent_preserving,exact_structural_radix2_dag,64,64,128,128,96,32,1,31,1.333333333,gf8,gf8,false,false,384,768,384,928,929,128,0,12,160,1,3393,1.0
leopard2-c0-v2,systematic_encode,per_payload_byte,63,33,legacy_high_v1,prefix_pruned_parent,parent_preserving,exact_structural_radix2_dag,64,64,128,128,96,32,1,31,1.333333333,gf8,gf8,false,false,384,768,384,928,928,128,1,12,160,0,3396,0.999116608
leopard2-c0-v2,systematic_encode,per_payload_byte,63,33,legacy_high_v1,dependency_pruned_parent,parent_preserving,exact_structural_radix2_dag,64,64,128,128,96,32,1,31,1.333333333,gf8,gf8,false,false,384,768,384,928,928,128,2,12,160,0,3400,0.997941176
leopard2-c0-v2,systematic_encode,per_payload_byte,63,33,legacy_high_v1,recursive_truncated_parent,parent_preserving,exact_arithmetic_lower_bound_scratch,64,64,128,128,96,32,1,31,1.333333333,gf8,gf8,false,false,384,768,384,928,928,64,12,12,160,0,3440,0.986337209
leopard2-c0-v2,systematic_encode,per_payload_byte,63,33,legacy_high_v1,binary_dyadic_exact,new_exact_profile,heuristic_optimistic_cross_block,64,33,128,96,96,32,1,31,1.333333333,gf8,gf8,false,false,240,612,339,873,741,33,3,18,129,0,2916,1.163580247
leopard2-c0-v2,systematic_encode,per_payload_byte,63,33,legacy_high_v1,full_block_tail_exact,new_exact_profile,heuristic_conservative_dense_join,64,33,128,96,96,32,1,31,1.333333333,gf8,gf8,false,false,240,609,339,870,741,33,6,21,129,0,2922,1.161190965
leopard2-c0-v2,systematic_encode,per_payload_byte,63,33,legacy_high_v1,direct_matrix_exact,new_exact_profile,exact_dense_generator_arithmetic,64,33,128,96,96,32,1,31,1.333333333,gf8,gf8,false,false,0,2046,2079,2079,33,1,0,1,0,0,8316,0.408008658
leopard2-c0-v2,systematic_encode,per_payload_byte,63,33,legacy_high_v1,subproduct_tree_exact,new_exact_profile,asymptotic_generic_polynomial_proxy,64,33,128,96,96,32,1,31,1.333333333,gf8,gf8,false,false,14112,14112,14112,28224,14112,384,7,21,0,0,84700,0.040059032
leopard2-c0-v2,systematic_encode,per_payload_byte,63,33,low_v1,padded_dyadic_parent,parent_preserving,exact_structural_radix2_dag,64,64,128,128,96,32,1,31,1.333333333,gf8,gf8,false,false,384,768,384,928,929,128,0,12,160,1,3393,1.0
leopard2-c0-v2,systematic_encode,per_payload_byte,63,33,low_v1,prefix_pruned_parent,parent_preserving,exact_structural_radix2_dag,64,64,128,128,96,32,1,31,1.333333333,gf8,gf8,false,false,384,768,384,928,928,128,1,12,160,0,3396,0.999116608
leopard2-c0-v2,systematic_encode,per_payload_byte,63,33,low_v1,dependency_pruned_parent,parent_preserving,exact_structural_radix2_dag,64,64,128,128,96,32,1,31,1.333333333,gf8,gf8,false,false,384,768,384,928,928,128,2,12,160,0,3400,0.997941176
leopard2-c0-v2,systematic_encode,per_payload_byte,63,33,low_v1,recursive_truncated_parent,parent_preserving,exact_arithmetic_lower_bound_scratch,64,64,128,128,96,32,1,31,1.333333333,gf8,gf8,false,false,384,768,384,928,928,64,12,12,160,0,3440,0.986337209
leopard2-c0-v2,systematic_encode,per_payload_byte,63,33,low_v1,binary_dyadic_exact,new_exact_profile,heuristic_optimistic_cross_block,64,63,128,96,96,32,1,31,1.333333333,gf8,gf8,false,false,258,1146,888,1935,1305,63,10,40,159,0,6202,0.547081587
leopard2-c0-v2,systematic_encode,per_payload_byte,63,33,low_v1,full_block_tail_exact,new_exact_profile,heuristic_conservative_dense_join,64,63,128,96,96,32,1,31,1.333333333,gf8,gf8,false,false,160,4164,4066,8229,2525,63,4,14,159,0,23066,0.147099627
leopard2-c0-v2,systematic_encode,per_payload_byte,63,33,low_v1,direct_matrix_exact,new_exact_profile,exact_dense_generator_arithmetic,64,63,128,96,96,32,1,31,1.333333333,gf8,gf8,false,false,0,2046,2079,2079,33,1,0,1,0,0,8316,0.408008658
leopard2-c0-v2,systematic_encode,per_payload_byte,63,33,low_v1,subproduct_tree_exact,new_exact_profile,asymptotic_generic_polynomial_proxy,64,63,128,96,96,32,1,31,1.333333333,gf8,gf8,false,false,14112,14112,14112,28224,14112,384,7,21,0,0,84700,0.040059032
leopard2-c0-v2,systematic_encode,per_payload_byte,63,63,legacy_high_v1,padded_dyadic_parent,parent_preserving,exact_structural_radix2_dag,64,64,128,128,126,2,1,1,1.015873016,gf8,gf8,false,false,384,768,384,958,959,128,0,12,190,1,3453,1.0
leopard2-c0-v2,systematic_encode,per_payload_byte,63,63,legacy_high_v1,prefix_pruned_parent,parent_preserving,exact_structural_radix2_dag,64,64,128,128,126,2,1,1,1.015873016,gf8,gf8,false,false,384,768,384,958,958,128,1,12,190,0,3456,0.999131944
leopard2-c0-v2,systematic_encode,per_payload_byte,63,63,legacy_high_v1,dependency_pruned_parent,parent_preserving,exact_structural_radix2_dag,64,64,128,128,126,2,1,1,1.015873016,gf8,gf8,false,false,384,768,384,958,958,128,2,12,190,0,3460,0.997976879
leopard2-c0-v2,systematic_encode,per_payload_byte,63,63,legacy_high_v1,recursive_truncated_parent,parent_preserving,exact_arithmetic_lower_bound_scratch,64,64,128,128,126,2,1,1,1.015873016,gf8,gf8,false,false,384,768,384,958,958,64,12,12,190,0,3500,0.986571429
leopard2-c0-v2,systematic_encode,per_payload_byte,63,63,legacy_high_v1,binary_dyadic_exact,new_exact_profile,heuristic_optimistic_cross_block,64,63,128,126,126,2,1,1,1.015873016,gf8,gf8,false,false,258,1146,888,1965,1335,63,10,40,189,0,6262,0.551421271
leopard2-c0-v2,systematic_encode,per_payload_byte,63,63,legacy_high_v1,full_block_tail_exact,new_exact_profile,heuristic_conservative_dense_join,64,63,128,126,126,2,1,1,1.015873016,gf8,gf8,false,false,160,4164,4066,8259,2555,63,4,14,189,0,23126,0.149312462
leopard2-c0-v2,systematic_encode,per_payload_byte,63,63,legacy_high_v1,direct_matrix_exact,new_exact_profile,exact_dense_generator_arithmetic,64,63,128,126,126,2,1,1,1.015873016,gf8,gf8,false,false,0,3906,3969,3969,63,1,0,1,0,0,15876,0.21749811
leopard2-c0-v2,systematic_encode,per_payload_byte,63,63,legacy_high_v1,subproduct_tree_exact,new_exact_profile,asymptotic_generic_polynomial_proxy,64,63,128,126,126,2,1,1,1.015873016,gf8,gf8,false,false,18522,18522,18522,37044,18522,504,7,21,0,0,111160,0.031063332
leopard2-c0-v2,systematic_encode,per_payload_byte,63,63,low_v1,padded_dyadic_parent,parent_preserving,exact_structural_radix2_dag,64,64,128,128,126,2,1,1,1.015873016,gf8,gf8,false,false,384,768,384,958,959,128,0,12,190,1,3453,1.0
leopard2-c0-v2,systematic_encode,per_payload_byte,63,63,low_v1,prefix_pruned_parent,parent_preserving,exact_structural_radix2_dag,64,64,128,128,126,2,1,1,1.015873016,gf8,gf8,false,false,384,768,384,958,958,128,1,12,190,0,3456,0.999131944
leopard2-c0-v2,systematic_encode,per_payload_byte,63,63,low_v1,dependency_pruned_parent,parent_preserving,exact_structural_radix2_dag,64,64,128,128,126,2,1,1,1.015873016,gf8,gf8,false,false,384,768,384,958,958,128,2,12,190,0,3460,0.997976879
leopard2-c0-v2,systematic_encode,per_payload_byte,63,63,low_v1,recursive_truncated_parent,parent_preserving,exact_arithmetic_lower_bound_scratch,64,64,128,128,126,2,1,1,1.015873016,gf8,gf8,false,false,384,768,384,958,958,64,12,12,190,0,3500,0.986571429
leopard2-c0-v2,systematic_encode,per_payload_byte,63,63,low_v1,binary_dyadic_exact,new_exact_profile,heuristic_optimistic_cross_block,64,63,128,126,126,2,1,1,1.015873016,gf8,gf8,false,false,258,1146,888,1965,1335,63,10,40,189,0,6262,0.551421271
leopard2-c0-v2,systematic_encode,per_payload_byte,63,63,low_v1,full_block_tail_exact,new_exact_profile,heuristic_conservative_dense_join,64,63,128,126,126,2,1,1,1.015873016,gf8,gf8,false,false,160,4164,4066,8259,2555,63,4,14,189,0,23126,0.149312462
leopard2-c0-v2,systematic_encode,per_payload_byte,63,63,low_v1,direct_matrix_exact,new_exact_profile,exact_dense_generator_arithmetic,64,63,128,126,126,2,1,1,1.015873016,gf8,gf8,false,false,0,3906,3969,3969,63,1,0,1,0,0,15876,0.21749811
leopard2-c0-v2,systematic_encode,per_payload_byte,63,63,low_v1,subproduct_tree_exact,new_exact_profile,asymptotic_generic_polynomial_proxy,64,63,128,126,126,2,1,1,1.015873016,gf8,gf8,false,false,18522,18522,18522,37044,18522,504,7,21,0,0,111160,0.031063332
leopard2-c0-v2,systematic_encode,per_payload_byte,63,65,legacy_high_v1,padded_dyadic_parent,parent_preserving,exact_structural_radix2_dag,128,128,256,256,128,128,65,63,2.0,gf8,gf8,false,false,896,1792,896,2048,2113,256,0,14,256,65,7745,1.0
leopard2-c0-v2,systematic_encode,per_payload_byte,63,65,legacy_high_v1,prefix_pruned_parent,parent_preserving,exact_structural_radix2_dag,128,128,256,256,128,128,65,63,2.0,gf8,gf8,false,false,704,1408,704,1664,1664,256,1,14,256,0,6148,1.259759271
leopard2-c0-v2,systematic_encode,per_payload_byte,63,65,legacy_high_v1,dependency_pruned_parent,parent_preserving,exact_structural_radix2_dag,128,128,256,256,128,128,65,63,2.0,gf8,gf8,false,false,704,1408,704,1664,1664,256,2,14,256,0,6152,1.258940182
leopard2-c0-v2,systematic_encode,per_payload_byte,63,65,legacy_high_v1,recursive_truncated_parent,parent_preserving,exact_arithmetic_lower_bound_scratch,128,128,256,256,128,128,65,63,2.0,gf8,gf8,false,false,704,1408,704,1664,1664,128,14,14,256,0,6200,1.249193548
leopard2-c0-v2,systematic_encode,per_payload_byte,63,65,legacy_high_v1,binary_dyadic_exact,new_exact_profile,heuristic_optimistic_cross_block,128,65,256,128,128,128,65,63,2.0,gf8,gf8,false,false,384,898,514,1221,1091,65,2,14,193,0,4246,1.824069713
leopard2-c0-v2,systematic_encode,per_payload_byte,63,65,legacy_high_v1,full_block_tail_exact,new_exact_profile,heuristic_conservative_dense_join,128,65,256,128,128,128,65,63,2.0,gf8,gf8,false,false,384,896,514,1219,1091,65,4,16,193,0,4250,1.822352941
leopard2-c0-v2,systematic_encode,per_payload_byte,63,65,legacy_high_v1,direct_matrix_exact,new_exact_profile,exact_dense_generator_arithmetic,128,65,256,128,128,128,65,63,2.0,gf8,gf8,false,false,0,4030,4095,4095,65,1,0,1,0,0,16380,0.472832723
leopard2-c0-v2,systematic_encode,per_payload_byte,63,65,legacy_high_v1,subproduct_tree_exact,new_exact_profile,asymptotic_generic_polynomial_proxy,128,65,256,128,128,128,65,63,2.0,gf8,gf8,false,false,18816,18816,18816,37632,18816,512,7,21,0,0,112924,0.068585952
leopard2-c0-v2,systematic_encode,per_payload_byte,63,65,low_v1,padded_dyadic_parent,parent_preserving,exact_structural_radix2_dag,64,64,256,256,128,128,1,127,2.0,gf8,gf8,false,false,576,1152,576,1408,1409,128,0,18,256,1,5121,1.0
leopard2-c0-v2,systematic_encode,per_payload_byte,63,65,low_v1,prefix_pruned_parent,parent_preserving,exact_structural_radix2_dag,64,64,256,256,128,128,1,127,2.0,gf8,gf8,false,false,576,1152,576,1408,1408,128,1,18,256,0,5124,0.99941452
leopard2-c0-v2,systematic_encode,per_payload_byte,63,65,low_v1,dependency_pruned_parent,parent_preserving,exact_structural_radix2_dag,64,64,256,256,128,128,1,127,2.0,gf8,gf8,false,false,447,894,447,1150,1150,128,2,18,256,0,4096,1.250244141
leopard2-c0-v2,systematic_encode,per_payload_byte,63,65,low_v1,recursive_truncated_parent,parent_preserving,exact_arithmetic_lower_bound_scratch,64,64,256,256,128,128,1,127,2.0,gf8,gf8,false,false,447,894,447,1150,1150,64,12,18,256,0,4136,1.238152805
leopard2-c0-v2,systematic_encode,per_payload_byte,63,65,low_v1,binary_dyadic_exact,new_exact_profile,heuristic_optimistic_cross_block,64,63,256,128,128,128,1,127,2.0,gf8,gf8,false,false,387,1719,1332,2918,1973,63,15,60,254,0,9334,0.548639383
leopard2-c0-v2,systematic_encode,per_payload_byte,63,65,low_v1,full_block_tail_exact,new_exact_profile,heuristic_conservative_dense_join,64,63,256,128,128,128,1,127,2.0,gf8,gf8,false,false,240,6246,6099,12359,3803,63,6,21,254,0,34630,0.147877563
leopard2-c0-v2,systematic_encode,per_payload_byte,63,65,low_v1,direct_matrix_exact,new_exact_profile,exact_dense_generator_arithmetic,64,63,256,128,128,128,1,127,2.0,gf8,gf8,false,false,0,4030,4095,4095,65,1,0,1,0,0,16380,0.312637363
leopard2-c0-v2,systematic_encode,per_payload_byte,63,65,low_v1,subproduct_tree_exact,new_exact_profile,asymptotic_generic_polynomial_proxy,64,63,256,128,128,128,1,127,2.0,gf8,gf8,false,false,18816,18816,18816,37632,18816,512,7,21,0,0,112924,0.045349084
leopard2-c0-v2,systematic_encode,per_payload_byte,63,127,legacy_high_v1,padded_dyadic_parent,parent_preserving,exact_structural_radix2_dag,128,128,256,256,190,66,65,1,1.347368421,gf8,gf8,false,false,896,1792,896,2110,2175,256,0,14,318,65,7869,1.0
leopard2-c0-v2,systematic_encode,per_payload_byte,63,127,legacy_high_v1,prefix_pruned_parent,parent_preserving,exact_structural_radix2_dag,128,128,256,256,190,66,65,1,1.347368421,gf8,gf8,false,false,704,1408,704,1726,1726,256,1,14,318,0,6272,1.254623724
leopard2-c0-v2,systematic_encode,per_payload_byte,63,127,legacy_high_v1,dependency_pruned_parent,parent_preserving,exact_structural_radix2_dag,128,128,256,256,190,66,65,1,1.347368421,gf8,gf8,false,false,704,1408,704,1726,1726,256,2,14,318,0,6276,1.253824092
leopard2-c0-v2,systematic_encode,per_payload_byte,63,127,legacy_high_v1,recursive_truncated_parent,parent_preserving,exact_arithmetic_lower_bound_scratch,128,128,256,256,190,66,65,1,1.347368421,gf8,gf8,false,false,704,1408,704,1726,1726,128,14,14,318,0,6324,1.2443074
leopard2-c0-v2,systematic_encode,per_payload_byte,63,127,legacy_high_v1,binary_dyadic_exact,new_exact_profile,heuristic_optimistic_cross_block,128,127,256,190,190,66,65,1,1.347368421,gf8,gf8,false,false,642,2808,2166,4649,3125,127,12,54,317,0,14962,0.525932362
leopard2-c0-v2,systematic_encode,per_payload_byte,63,127,legacy_high_v1,full_block_tail_exact,new_exact_profile,heuristic_conservative_dense_join,128,127,256,190,190,66,65,1,1.347368421,gf8,gf8,false,false,384,16644,16386,32963,9275,127,4,16,317,0,91670,0.085840515
leopard2-c0-v2,systematic_encode,per_payload_byte,63,127,legacy_high_v1,direct_matrix_exact,new_exact_profile,exact_dense_generator_arithmetic,128,127,256,190,190,66,65,1,1.347368421,gf8,gf8,false,false,0,7874,8001,8001,127,1,0,1,0,0,32004,0.245875516
leopard2-c0-v2,systematic_encode,per_payload_byte,63,127,legacy_high_v1,subproduct_tree_exact,new_exact_profile,asymptotic_generic_polynomial_proxy,128,127,256,190,190,66,65,1,1.347368421,gf8,gf8,false,false,36480,36480,36480,72960,36480,760,8,24,0,0,218912,0.035945951
leopard2-c0-v2,systematic_encode,per_payload_byte,63,127,low_v1,padded_dyadic_parent,parent_preserving,exact_structural_radix2_dag,64,64,256,256,190,66,1,65,1.347368421,gf8,gf8,false,false,576,1152,576,1470,1471,128,0,18,318,1,5245,1.0
leopard2-c0-v2,systematic_encode,per_payload_byte,63,127,low_v1,prefix_pruned_parent,parent_preserving,exact_structural_radix2_dag,64,64,256,256,190,66,1,65,1.347368421,gf8,gf8,false,false,576,1152,576,1470,1470,128,1,18,318,0,5248,0.999428354
leopard2-c0-v2,systematic_encode,per_payload_byte,63,127,low_v1,dependency_pruned_parent,parent_preserving,exact_structural_radix2_dag,64,64,256,256,190,66,1,65,1.347368421,gf8,gf8,false,false,576,1152,576,1470,1470,128,2,18,318,0,5252,0.998667174
leopard2-c0-v2,systematic_encode,per_payload_byte,63,127,low_v1,recursive_truncated_parent,parent_preserving,exact_arithmetic_lower_bound_scratch,64,64,256,256,190,66,1,65,1.347368421,gf8,gf8,false,false,576,1152,576,1470,1470,64,12,18,318,0,5292,0.99111867
leopard2-c0-v2,systematic_encode,per_payload_byte,63,127,low_v1,binary_dyadic_exact,new_exact_profile,heuristic_optimistic_cross_block,64,63,256,190,190,66,1,65,1.347368421,gf8,gf8,false,false,516,2292,1776,3931,2671,63,20,80,379,0,12526,0.418729044
leopard2-c0-v2,systematic_encode,per_payload_byte,63,127,low_v1,full_block_tail_exact,new_exact_profile,heuristic_conservative_dense_join,64,63,256,190,190,66,1,65,1.347368421,gf8,gf8,false,false,320,8328,8132,16519,5111,63,8,28,379,0,46254,0.113395598
leopard2-c0-v2,systematic_encode,per_payload_byte,63,127,low_v1,direct_matrix_exact,new_exact_profile,exact_dense_generator_arithmetic,64,63,256,190,190,66,1,65,1.347368421,gf8,gf8,false,false,0,7874,8001,8001,127,1,0,1,0,0,32004,0.163885764
leopard2-c0-v2,systematic_encode,per_payload_byte,63,127,low_v1,subproduct_tree_exact,new_exact_profile,asymptotic_generic_polynomial_proxy,64,63,256,190,190,66,1,65,1.347368421,gf8,gf8,false,false,36480,36480,36480,72960,36480,760,8,24,0,0,218912,0.023959399
leopard2-c0-v2,systematic_encode,per_payload_byte,63,129,legacy_high_v1,padded_dyadic_parent,parent_preserving,exact_structural_radix2_dag,256,256,512,512,192,320,193,127,2.666666667,gf16,gf16,true,false,2048,4096,2048,4544,4737,512,0,16,448,193,17473,1.0
leopard2-c0-v2,systematic_encode,per_payload_byte,63,129,legacy_high_v1,prefix_pruned_parent,parent_preserving,exact_structural_radix2_dag,256,256,512,512,192,320,193,127,2.666666667,gf16,gf16,true,false,1408,2816,1408,3264,3264,512,1,16,448,0,12164,1.436451825
leopard2-c0-v2,systematic_encode,per_payload_byte,63,129,legacy_high_v1,dependency_pruned_parent,parent_preserving,exact_structural_radix2_dag,256,256,512,512,192,320,193,127,2.666666667,gf16,gf16,true,false,1408,2816,1408,3264,3264,512,2,16,448,0,12168,1.435979619
leopard2-c0-v2,systematic_encode,per_payload_byte,63,129,legacy_high_v1,recursive_truncated_parent,parent_preserving,exact_arithmetic_lower_bound_scratch,256,256,512,512,192,320,193,127,2.666666667,gf16,gf16,true,false,1408,2816,1408,3264,3264,256,16,16,448,0,12224,1.429401178
leopard2-c0-v2,systematic_encode,per_payload_byte,63,129,legacy_high_v1,binary_dyadic_exact,new_exact_profile,heuristic_optimistic_cross_block,256,129,512,192,192,320,193,127,2.666666667,gf16,gf8,true,true,896,2050,1154,2629,2371,129,2,16,321,0,9366,1.865577621
leopard2-c0-v2,systematic_encode,per_payload_byte,63,129,legacy_high_v1,full_block_tail_exact,new_exact_profile,heuristic_conservative_dense_join,256,129,512,192,192,320,193,127,2.666666667,gf16,gf8,true,true,896,2048,1154,2627,2371,129,4,18,321,0,9370,1.864781217
leopard2-c0-v2,systematic_encode,per_payload_byte,63,129,legacy_high_v1,direct_matrix_exact,new_exact_profile,exact_dense_generator_arithmetic,256,129,512,192,192,320,193,127,2.666666667,gf16,gf8,true,true,0,7998,8127,8127,129,1,0,1,0,0,32508,0.537498462
leopard2-c0-v2,systematic_encode,per_payload_byte,63,129,legacy_high_v1,subproduct_tree_exact,new_exact_profile,asymptotic_generic_polynomial_proxy,256,129,512,192,192,320,193,127,2.666666667,gf16,gf8,true,true,36864,36864,36864,73728,36864,768,8,24,0,0,221216,0.078986149
leopard2-c0-v2,systematic_encode,per_payload_byte,63,129,low_v1,padded_dyadic_parent,parent_preserving,exact_structural_radix2_dag,64,64,256,256,192,64,1,63,1.333333333,gf8,gf8,false,false,768,1536,768,1920,1921,128,0,24,384,1,6913,1.0
leopard2-c0-v2,systematic_encode,per_payload_byte,63,129,low_v1,prefix_pruned_parent,parent_preserving,exact_structural_radix2_dag,64,64,256,256,192,64,1,63,1.333333333,gf8,gf8,false,false,768,1536,768,1920,1920,128,1,24,384,0,6916,0.999566223
leopard2-c0-v2,systematic_encode,per_payload_byte,63,129,low_v1,dependency_pruned_parent,parent_preserving,exact_structural_radix2_dag,64,64,256,256,192,64,1,63,1.333333333,gf8,gf8,false,false,639,1278,639,1662,1662,128,2,24,384,0,5888,1.17408288
leopard2-c0-v2,systematic_encode,per_payload_byte,63,129,low_v1,recursive_truncated_parent,parent_preserving,exact_arithmetic_lower_bound_scratch,64,64,256,256,192,64,1,63,1.333333333,gf8,gf8,false,false,639,1278,639,1662,1662,64,12,24,384,0,5928,1.166160594
leopard2-c0-v2,systematic_encode,per_payload_byte,63,129,low_v1,binary_dyadic_exact,new_exact_profile,heuristic_optimistic_cross_block,64,63,256,192,192,64,1,63,1.333333333,gf8,gf8,false,false,516,2292,1776,3933,2673,63,20,80,381,0,12530,0.551715882
leopard2-c0-v2,systematic_encode,per_payload_byte,63,129,low_v1,full_block_tail_exact,new_exact_profile,heuristic_conservative_dense_join,64,63,256,192,192,64,1,63,1.333333333,gf8,gf8,false,false,320,8328,8132,16521,5113,63,8,28,381,0,46258,0.14944442
leopard2-c0-v2,systematic_encode,per_payload_byte,63,129,low_v1,direct_matrix_exact,new_exact_profile,exact_dense_generator_arithmetic,64,63,256,192,192,64,1,63,1.333333333,gf8,gf8,false,false,0,7998,8127,8127,129,1,0,1,0,0,32508,0.212655346
leopard2-c0-v2,systematic_encode,per_payload_byte,63,129,low_v1,subproduct_tree_exact,new_exact_profile,asymptotic_generic_polynomial_proxy,64,63,256,192,192,64,1,63,1.333333333,gf8,gf8,false,false,36864,36864,36864,73728,36864,768,8,24,0,0,221216,0.03125
leopard2-c0-v2,systematic_encode,per_payload_byte,63,255,legacy_high_v1,padded_dyadic_parent,parent_preserving,exact_structural_radix2_dag,256,256,512,512,318,194,193,1,1.610062893,gf16,gf16,false,false,2048,4096,2048,4670,4863,512,0,16,574,193,17725,1.0
leopard2-c0-v2,systematic_encode,per_payload_byte,63,255,legacy_high_v1,prefix_pruned_parent,parent_preserving,exact_structural_radix2_dag,256,256,512,512,318,194,193,1,1.610062893,gf16,gf16,false,false,1408,2816,1408,3390,3390,512,1,16,574,0,12416,1.427593428
leopard2-c0-v2,systematic_encode,per_payload_byte,63,255,legacy_high_v1,dependency_pruned_parent,parent_preserving,exact_structural_radix2_dag,256,256,512,512,318,194,193,1,1.610062893,gf16,gf16,false,false,1408,2816,1408,3390,3390,512,2,16,574,0,12420,1.427133655
leopard2-c0-v2,systematic_encode,per_payload_byte,63,255,legacy_high_v1,recursive_truncated_parent,parent_preserving,exact_arithmetic_lower_bound_scratch,256,256,512,512,318,194,193,1,1.610062893,gf16,gf16,false,false,1408,2816,1408,3390,3390,256,16,16,574,0,12476,1.420727797
leopard2-c0-v2,systematic_encode,per_payload_byte,63,255,legacy_high_v1,binary_dyadic_exact,new_exact_profile,heuristic_optimistic_cross_block,256,255,512,318,318,194,193,1,1.610062893,gf16,gf16,false,false,1538,6646,5108,10789,7219,255,14,70,573,0,34926,0.507501575
leopard2-c0-v2,systematic_encode,per_payload_byte,63,255,legacy_high_v1,full_block_tail_exact,new_exact_profile,heuristic_conservative_dense_join,256,255,512,318,318,194,193,1,1.610062893,gf16,gf16,false,false,896,66308,65666,131651,35131,255,4,18,573,0,364438,0.048636531
leopard2-c0-v2,systematic_encode,per_payload_byte,63,255,legacy_high_v1,direct_matrix_exact,new_exact_profile,exact_dense_generator_arithmetic,256,255,512,318,318,194,193,1,1.610062893,gf16,gf16,false,false,0,15810,16065,16065,255,1,0,1,0,0,64260,0.275832555
leopard2-c0-v2,systematic_encode,per_payload_byte,63,255,legacy_high_v1,subproduct_tree_exact,new_exact_profile,asymptotic_generic_polynomial_proxy,256,255,512,318,318,194,193,1,1.610062893,gf16,gf16,false,false,77274,77274,77274,154548,77274,1272,9,27,0,0,463680,0.038226794
leopard2-c0-v2,systematic_encode,per_payload_byte,63,255,low_v1,padded_dyadic_parent,parent_preserving,exact_structural_radix2_dag,64,64,512,512,318,194,1,193,1.610062893,gf16,gf16,false,false,960,1920,960,2494,2495,128,0,30,574,1,8829,1.0
leopard2-c0-v2,systematic_encode,per_payload_byte,63,255,low_v1,prefix_pruned_parent,parent_preserving,exact_structural_radix2_dag,64,64,512,512,318,194,1,193,1.610062893,gf16,gf16,false,false,960,1920,960,2494,2494,128,1,30,574,0,8832,0.999660326
leopard2-c0-v2,systematic_encode,per_payload_byte,63,255,low_v1,dependency_pruned_parent,parent_preserving,exact_structural_radix2_dag,64,64,512,512,318,194,1,193,1.610062893,gf16,gf16,false,false,960,1920,960,2494,2494,128,2,30,574,0,8836,0.999207786
leopard2-c0-v2,systematic_encode,per_payload_byte,63,255,low_v1,recursive_truncated_parent,parent_preserving,exact_arithmetic_lower_bound_scratch,64,64,512,512,318,194,1,193,1.610062893,gf16,gf16,false,false,960,1920,960,2494,2494,64,12,30,574,0,8876,0.994704822
leopard2-c0-v2,systematic_encode,per_payload_byte,63,255,low_v1,binary_dyadic_exact,new_exact_profile,heuristic_optimistic_cross_block,64,63,512,318,318,194,1,193,1.610062893,gf16,gf16,false,false,774,3438,2664,5961,4071,63,30,120,633,0,18918,0.466698382
leopard2-c0-v2,systematic_encode,per_payload_byte,63,255,low_v1,full_block_tail_exact,new_exact_profile,heuristic_conservative_dense_join,64,63,512,318,318,194,1,193,1.610062893,gf16,gf16,false,false,480,12492,12198,24843,7731,63,12,42,633,0,69510,0.127017695
leopard2-c0-v2,systematic_encode,per_payload_byte,63,255,low_v1,direct_matrix_exact,new_exact_profile,exact_dense_generator_arithmetic,64,63,512,318,318,194,1,193,1.610062893,gf16,gf16,false,false,0,15810,16065,16065,255,1,0,1,0,0,64260,0.137394958
leopard2-c0-v2,systematic_encode,per_payload_byte,63,255,low_v1,subproduct_tree_exact,new_exact_profile,asymptotic_generic_polynomial_proxy,64,63,512,318,318,194,1,193,1.610062893,gf16,gf16,false,false,77274,77274,77274,154548,77274,1272,9,27,0,0,463680,0.019041149
leopard2-c0-v2,systematic_encode,per_payload_byte,65,3,legacy_high_v1,padded_dyadic_parent,parent_preserving,exact_structural_radix2_dag,4,4,128,128,68,60,59,1,1.882352941,gf8,gf8,false,false,72,208,72,344,283,8,0,36,72,3,979,1.0
leopard2-c0-v2,systematic_encode,per_payload_byte,65,3,legacy_high_v1,prefix_pruned_parent,parent_preserving,exact_structural_radix2_dag,4,4,128,128,68,60,59,1,1.882352941,gf8,gf8,false,false,71,206,71,342,278,8,1,36,72,0,972,1.007201646
leopard2-c0-v2,systematic_encode,per_payload_byte,65,3,legacy_high_v1,dependency_pruned_parent,parent_preserving,exact_structural_radix2_dag,4,4,128,128,68,60,59,1,1.882352941,gf8,gf8,false,false,71,206,71,342,278,8,2,36,72,0,976,1.00307377
leopard2-c0-v2,systematic_encode,per_payload_byte,65,3,legacy_high_v1,recursive_truncated_parent,parent_preserving,exact_arithmetic_lower_bound_scratch,4,4,128,128,68,60,59,1,1.882352941,gf8,gf8,false,false,71,206,71,342,278,4,4,36,72,0,984,0.994918699
leopard2-c0-v2,systematic_encode,per_payload_byte,65,3,legacy_high_v1,binary_dyadic_exact,new_exact_profile,heuristic_optimistic_cross_block,4,3,128,68,68,60,59,1,1.882352941,gf8,gf8,false,false,23,178,92,381,249,3,23,46,71,0,1084,0.903136531
leopard2-c0-v2,systematic_encode,per_payload_byte,65,3,legacy_high_v1,full_block_tail_exact,new_exact_profile,heuristic_conservative_dense_join,4,3,128,68,68,60,59,1,1.882352941,gf8,gf8,false,false,23,155,92,358,249,3,46,69,71,0,1130,0.866371681
leopard2-c0-v2,systematic_encode,per_payload_byte,65,3,legacy_high_v1,direct_matrix_exact,new_exact_profile,exact_dense_generator_arithmetic,4,3,128,68,68,60,59,1,1.882352941,gf8,gf8,false,false,0,192,195,195,3,1,0,1,0,0,780,1.255128205
leopard2-c0-v2,systematic_encode,per_payload_byte,65,3,legacy_high_v1,subproduct_tree_exact,new_exact_profile,asymptotic_generic_polynomial_proxy,4,3,128,68,68,60,59,1,1.882352941,gf8,gf8,false,false,9996,9996,9996,19992,9996,272,7,21,0,0,60004,0.016315579
leopard2-c0-v2,systematic_encode,per_payload_byte,65,3,low_v1,padded_dyadic_parent,parent_preserving,exact_structural_radix2_dag,128,128,256,256,68,188,63,125,3.764705882,gf8,gf8,false,false,896,1792,896,1988,2051,256,0,14,196,63,7623,1.0
leopard2-c0-v2,systematic_encode,per_payload_byte,65,3,low_v1,prefix_pruned_parent,parent_preserving,exact_structural_radix2_dag,128,128,256,256,68,188,63,125,3.764705882,gf8,gf8,false,false,767,1534,767,1730,1730,256,1,14,196,0,6532,1.167023882
leopard2-c0-v2,systematic_encode,per_payload_byte,65,3,low_v1,dependency_pruned_parent,parent_preserving,exact_structural_radix2_dag,128,128,256,256,68,188,63,125,3.764705882,gf8,gf8,false,false,540,1080,540,1276,1276,256,2,14,196,0,4720,1.615042373
leopard2-c0-v2,systematic_encode,per_payload_byte,65,3,low_v1,recursive_truncated_parent,parent_preserving,exact_arithmetic_lower_bound_scratch,128,128,256,256,68,188,63,125,3.764705882,gf8,gf8,false,false,540,1080,540,1276,1276,128,14,14,196,0,4768,1.598783557
leopard2-c0-v2,systematic_encode,per_payload_byte,65,3,low_v1,binary_dyadic_exact,new_exact_profile,heuristic_optimistic_cross_block,128,65,256,68,68,188,63,125,3.764705882,gf8,gf8,false,false,384,898,514,1161,1031,65,2,14,133,0,4126,1.847552109
leopard2-c0-v2,systematic_encode,per_payload_byte,65,3,low_v1,full_block_tail_exact,new_exact_profile,heuristic_conservative_dense_join,128,65,256,68,68,188,63,125,3.764705882,gf8,gf8,false,false,384,896,514,1159,1031,65,4,16,133,0,4130,1.845762712
leopard2-c0-v2,systematic_encode,per_payload_byte,65,3,low_v1,direct_matrix_exact,new_exact_profile,exact_dense_generator_arithmetic,128,65,256,68,68,188,63,125,3.764705882,gf8,gf8,false,false,0,192,195,195,3,1,0,1,0,0,780,9.773076923
leopard2-c0-v2,systematic_encode,per_payload_byte,65,3,low_v1,subproduct_tree_exact,new_exact_profile,asymptotic_generic_polynomial_proxy,128,65,256,68,68,188,63,125,3.764705882,gf8,gf8,false,false,9996,9996,9996,19992,9996,272,7,21,0,0,60004,0.127041531
leopard2-c0-v2,systematic_encode,per_payload_byte,65,5,legacy_high_v1,padded_dyadic_parent,parent_preserving,exact_structural_radix2_dag,8,8,128,128,70,58,55,3,1.828571429,gf8,gf8,false,false,120,304,120,446,389,16,0,30,78,7,1379,1.0
leopard2-c0-v2,systematic_encode,per_payload_byte,65,5,legacy_high_v1,prefix_pruned_parent,parent_preserving,exact_structural_radix2_dag,8,8,128,128,70,58,55,3,1.828571429,gf8,gf8,false,false,115,294,115,436,372,16,1,30,78,0,1336,1.032185629
leopard2-c0-v2,systematic_encode,per_payload_byte,65,5,legacy_high_v1,dependency_pruned_parent,parent_preserving,exact_structural_radix2_dag,8,8,128,128,70,58,55,3,1.828571429,gf8,gf8,false,false,115,294,115,436,372,16,2,30,78,0,1340,1.029104478
leopard2-c0-v2,systematic_encode,per_payload_byte,65,5,legacy_high_v1,recursive_truncated_parent,parent_preserving,exact_arithmetic_lower_bound_scratch,8,8,128,128,70,58,55,3,1.828571429,gf8,gf8,false,false,115,294,115,436,372,8,6,30,78,0,1356,1.016961652
leopard2-c0-v2,systematic_encode,per_payload_byte,65,5,legacy_high_v1,binary_dyadic_exact,new_exact_profile,heuristic_optimistic_cross_block,8,5,128,70,70,58,55,3,1.828571429,gf8,gf8,false,false,56,242,126,447,317,5,14,42,75,0,1314,1.049467275
leopard2-c0-v2,systematic_encode,per_payload_byte,65,5,legacy_high_v1,full_block_tail_exact,new_exact_profile,heuristic_conservative_dense_join,8,5,128,70,70,58,55,3,1.828571429,gf8,gf8,false,false,56,228,126,433,317,5,28,56,75,0,1342,1.02757079
leopard2-c0-v2,systematic_encode,per_payload_byte,65,5,legacy_high_v1,direct_matrix_exact,new_exact_profile,exact_dense_generator_arithmetic,8,5,128,70,70,58,55,3,1.828571429,gf8,gf8,false,false,0,320,325,325,5,1,0,1,0,0,1300,1.060769231
leopard2-c0-v2,systematic_encode,per_payload_byte,65,5,legacy_high_v1,subproduct_tree_exact,new_exact_profile,asymptotic_generic_polynomial_proxy,8,5,128,70,70,58,55,3,1.828571429,gf8,gf8,false,false,10290,10290,10290,20580,10290,280,7,21,0,0,61768,0.022325476
leopard2-c0-v2,systematic_encode,per_payload_byte,65,5,low_v1,padded_dyadic_parent,parent_preserving,exact_structural_radix2_dag,128,128,256,256,70,186,63,123,3.657142857,gf8,gf8,false,false,896,1792,896,1990,2053,256,0,14,198,63,7627,1.0
leopard2-c0-v2,systematic_encode,per_payload_byte,65,5,low_v1,prefix_pruned_parent,parent_preserving,exact_structural_radix2_dag,128,128,256,256,70,186,63,123,3.657142857,gf8,gf8,false,false,767,1534,767,1732,1732,256,1,14,198,0,6536,1.166921665
leopard2-c0-v2,systematic_encode,per_payload_byte,65,5,low_v1,dependency_pruned_parent,parent_preserving,exact_structural_radix2_dag,128,128,256,256,70,186,63,123,3.657142857,gf8,gf8,false,false,586,1172,586,1370,1370,256,2,14,198,0,5092,1.497839749
leopard2-c0-v2,systematic_encode,per_payload_byte,65,5,low_v1,recursive_truncated_parent,parent_preserving,exact_arithmetic_lower_bound_scratch,128,128,256,256,70,186,63,123,3.657142857,gf8,gf8,false,false,586,1172,586,1370,1370,128,14,14,198,0,5140,1.48385214
leopard2-c0-v2,systematic_encode,per_payload_byte,65,5,low_v1,binary_dyadic_exact,new_exact_profile,heuristic_optimistic_cross_block,128,65,256,70,70,186,63,123,3.657142857,gf8,gf8,false,false,384,898,514,1163,1033,65,2,14,135,0,4130,1.846731235
leopard2-c0-v2,systematic_encode,per_payload_byte,65,5,low_v1,full_block_tail_exact,new_exact_profile,heuristic_conservative_dense_join,128,65,256,70,70,186,63,123,3.657142857,gf8,gf8,false,false,384,896,514,1161,1033,65,4,16,135,0,4134,1.844944364
leopard2-c0-v2,systematic_encode,per_payload_byte,65,5,low_v1,direct_matrix_exact,new_exact_profile,exact_dense_generator_arithmetic,128,65,256,70,70,186,63,123,3.657142857,gf8,gf8,false,false,0,320,325,325,5,1,0,1,0,0,1300,5.866923077
leopard2-c0-v2,systematic_encode,per_payload_byte,65,5,low_v1,subproduct_tree_exact,new_exact_profile,asymptotic_generic_polynomial_proxy,128,65,256,70,70,186,63,123,3.657142857,gf8,gf8,false,false,10290,10290,10290,20580,10290,280,7,21,0,0,61768,0.123478176
leopard2-c0-v2,systematic_encode,per_payload_byte,65,7,legacy_high_v1,padded_dyadic_parent,parent_preserving,exact_structural_radix2_dag,8,8,128,128,72,56,55,1,1.777777778,gf8,gf8,false,false,120,304,120,448,391,16,0,30,80,7,1383,1.0
leopard2-c0-v2,systematic_encode,per_payload_byte,65,7,legacy_high_v1,prefix_pruned_parent,parent_preserving,exact_structural_radix2_dag,8,8,128,128,72,56,55,1,1.777777778,gf8,gf8,false,false,115,294,115,438,374,16,1,30,80,0,1340,1.032089552
leopard2-c0-v2,systematic_encode,per_payload_byte,65,7,legacy_high_v1,dependency_pruned_parent,parent_preserving,exact_structural_radix2_dag,8,8,128,128,72,56,55,1,1.777777778,gf8,gf8,false,false,115,294,115,438,374,16,2,30,80,0,1344,1.029017857
leopard2-c0-v2,systematic_encode,per_payload_byte,65,7,legacy_high_v1,recursive_truncated_parent,parent_preserving,exact_arithmetic_lower_bound_scratch,8,8,128,128,72,56,55,1,1.777777778,gf8,gf8,false,false,115,294,115,438,374,8,6,30,80,0,1360,1.016911765
leopard2-c0-v2,systematic_encode,per_payload_byte,65,7,legacy_high_v1,binary_dyadic_exact,new_exact_profile,heuristic_optimistic_cross_block,8,7,128,72,72,56,55,1,1.777777778,gf8,gf8,false,false,55,327,209,623,406,7,22,55,79,0,1862,0.742749731
leopard2-c0-v2,systematic_encode,per_payload_byte,65,7,legacy_high_v1,full_block_tail_exact,new_exact_profile,heuristic_conservative_dense_join,8,7,128,72,72,56,55,1,1.777777778,gf8,gf8,false,false,44,349,275,722,395,7,22,44,79,0,2104,0.657319392
leopard2-c0-v2,systematic_encode,per_payload_byte,65,7,legacy_high_v1,direct_matrix_exact,new_exact_profile,exact_dense_generator_arithmetic,8,7,128,72,72,56,55,1,1.777777778,gf8,gf8,false,false,0,448,455,455,7,1,0,1,0,0,1820,0.75989011
leopard2-c0-v2,systematic_encode,per_payload_byte,65,7,legacy_high_v1,subproduct_tree_exact,new_exact_profile,asymptotic_generic_polynomial_proxy,8,7,128,72,72,56,55,1,1.777777778,gf8,gf8,false,false,10584,10584,10584,21168,10584,288,7,21,0,0,63532,0.021768558
leopard2-c0-v2,systematic_encode,per_payload_byte,65,7,low_v1,padded_dyadic_parent,parent_preserving,exact_structural_radix2_dag,128,128,256,256,72,184,63,121,3.555555556,gf8,gf8,false,false,896,1792,896,1992,2055,256,0,14,200,63,7631,1.0
leopard2-c0-v2,systematic_encode,per_payload_byte,65,7,low_v1,prefix_pruned_parent,parent_preserving,exact_structural_radix2_dag,128,128,256,256,72,184,63,121,3.555555556,gf8,gf8,false,false,767,1534,767,1734,1734,256,1,14,200,0,6540,1.166819572
leopard2-c0-v2,systematic_encode,per_payload_byte,65,7,low_v1,dependency_pruned_parent,parent_preserving,exact_structural_radix2_dag,128,128,256,256,72,184,63,121,3.555555556,gf8,gf8,false,false,616,1232,616,1432,1432,256,2,14,200,0,5336,1.430097451
leopard2-c0-v2,systematic_encode,per_payload_byte,65,7,low_v1,recursive_truncated_parent,parent_preserving,exact_arithmetic_lower_bound_scratch,128,128,256,256,72,184,63,121,3.555555556,gf8,gf8,false,false,616,1232,616,1432,1432,128,14,14,200,0,5384,1.417347697
leopard2-c0-v2,systematic_encode,per_payload_byte,65,7,low_v1,binary_dyadic_exact,new_exact_profile,heuristic_optimistic_cross_block,128,65,256,72,72,184,63,121,3.555555556,gf8,gf8,false,false,384,898,514,1165,1035,65,2,14,137,0,4134,1.84591195
leopard2-c0-v2,systematic_encode,per_payload_byte,65,7,low_v1,full_block_tail_exact,new_exact_profile,heuristic_conservative_dense_join,128,65,256,72,72,184,63,121,3.555555556,gf8,gf8,false,false,384,896,514,1163,1035,65,4,16,137,0,4138,1.844127598
leopard2-c0-v2,systematic_encode,per_payload_byte,65,7,low_v1,direct_matrix_exact,new_exact_profile,exact_dense_generator_arithmetic,128,65,256,72,72,184,63,121,3.555555556,gf8,gf8,false,false,0,448,455,455,7,1,0,1,0,0,1820,4.192857143
leopard2-c0-v2,systematic_encode,per_payload_byte,65,7,low_v1,subproduct_tree_exact,new_exact_profile,asymptotic_generic_polynomial_proxy,128,65,256,72,72,184,63,121,3.555555556,gf8,gf8,false,false,10584,10584,10584,21168,10584,288,7,21,0,0,63532,0.120112699
leopard2-c0-v2,systematic_encode,per_payload_byte,65,9,legacy_high_v1,padded_dyadic_parent,parent_preserving,exact_structural_radix2_dag,16,16,128,128,74,54,47,7,1.72972973,gf8,gf8,false,false,192,448,192,602,553,32,0,24,90,15,1987,1.0
leopard2-c0-v2,systematic_encode,per_payload_byte,65,9,legacy_high_v1,prefix_pruned_parent,parent_preserving,exact_structural_radix2_dag,16,16,128,128,74,54,47,7,1.72972973,gf8,gf8,false,false,175,414,175,568,504,32,1,24,90,0,1840,1.079891304
leopard2-c0-v2,systematic_encode,per_payload_byte,65,9,legacy_high_v1,dependency_pruned_parent,parent_preserving,exact_structural_radix2_dag,16,16,128,128,74,54,47,7,1.72972973,gf8,gf8,false,false,175,414,175,568,504,32,2,24,90,0,1844,1.077548807
leopard2-c0-v2,systematic_encode,per_payload_byte,65,9,legacy_high_v1,recursive_truncated_parent,parent_preserving,exact_arithmetic_lower_bound_scratch,16,16,128,128,74,54,47,7,1.72972973,gf8,gf8,false,false,175,414,175,568,504,16,8,24,90,0,1868,1.063704497
leopard2-c0-v2,systematic_encode,per_payload_byte,65,9,legacy_high_v1,binary_dyadic_exact,new_exact_profile,heuristic_optimistic_cross_block,16,9,128,74,74,54,47,7,1.72972973,gf8,gf8,false,false,108,360,189,587,443,9,9,36,83,0,1804,1.101441242
leopard2-c0-v2,systematic_encode,per_payload_byte,65,9,legacy_high_v1,full_block_tail_exact,new_exact_profile,heuristic_conservative_dense_join,16,9,128,74,74,54,47,7,1.72972973,gf8,gf8,false,false,108,351,189,578,443,9,18,45,83,0,1822,1.090559824
leopard2-c0-v2,systematic_encode,per_payload_byte,65,9,legacy_high_v1,direct_matrix_exact,new_exact_profile,exact_dense_generator_arithmetic,16,9,128,74,74,54,47,7,1.72972973,gf8,gf8,false,false,0,576,585,585,9,1,0,1,0,0,2340,0.849145299
leopard2-c0-v2,systematic_encode,per_payload_byte,65,9,legacy_high_v1,subproduct_tree_exact,new_exact_profile,asymptotic_generic_polynomial_proxy,16,9,128,74,74,54,47,7,1.72972973,gf8,gf8,false,false,10878,10878,10878,21756,10878,296,7,21,0,0,65296,0.030430654
leopard2-c0-v2,systematic_encode,per_payload_byte,65,9,low_v1,padded_dyadic_parent,parent_preserving,exact_structural_radix2_dag,128,128,256,256,74,182,63,119,3.459459459,gf8,gf8,false,false,896,1792,896,1994,2057,256,0,14,202,63,7635,1.0
leopard2-c0-v2,systematic_encode,per_payload_byte,65,9,low_v1,prefix_pruned_parent,parent_preserving,exact_structural_radix2_dag,128,128,256,256,74,182,63,119,3.459459459,gf8,gf8,false,false,767,1534,767,1736,1736,256,1,14,202,0,6544,1.166717604
leopard2-c0-v2,systematic_encode,per_payload_byte,65,9,low_v1,dependency_pruned_parent,parent_preserving,exact_structural_radix2_dag,128,128,256,256,74,182,63,119,3.459459459,gf8,gf8,false,false,638,1276,638,1478,1478,256,2,14,202,0,5516,1.384155185
leopard2-c0-v2,systematic_encode,per_payload_byte,65,9,low_v1,recursive_truncated_parent,parent_preserving,exact_arithmetic_lower_bound_scratch,128,128,256,256,74,182,63,119,3.459459459,gf8,gf8,false,false,638,1276,638,1478,1478,128,14,14,202,0,5564,1.372214234
leopard2-c0-v2,systematic_encode,per_payload_byte,65,9,low_v1,binary_dyadic_exact,new_exact_profile,heuristic_optimistic_cross_block,128,65,256,74,74,182,63,119,3.459459459,gf8,gf8,false,false,384,898,514,1167,1037,65,2,14,139,0,4138,1.845094248
leopard2-c0-v2,systematic_encode,per_payload_byte,65,9,low_v1,full_block_tail_exact,new_exact_profile,heuristic_conservative_dense_join,128,65,256,74,74,182,63,119,3.459459459,gf8,gf8,false,false,384,896,514,1165,1037,65,4,16,139,0,4142,1.843312409
leopard2-c0-v2,systematic_encode,per_payload_byte,65,9,low_v1,direct_matrix_exact,new_exact_profile,exact_dense_generator_arithmetic,128,65,256,74,74,182,63,119,3.459459459,gf8,gf8,false,false,0,576,585,585,9,1,0,1,0,0,2340,3.262820513
leopard2-c0-v2,systematic_encode,per_payload_byte,65,9,low_v1,subproduct_tree_exact,new_exact_profile,asymptotic_generic_polynomial_proxy,128,65,256,74,74,182,63,119,3.459459459,gf8,gf8,false,false,10878,10878,10878,21756,10878,296,7,21,0,0,65296,0.116929062
leopard2-c0-v2,systematic_encode,per_payload_byte,65,15,legacy_high_v1,padded_dyadic_parent,parent_preserving,exact_structural_radix2_dag,16,16,128,128,80,48,47,1,1.6,gf8,gf8,false,false,192,448,192,608,559,32,0,24,96,15,1999,1.0
leopard2-c0-v2,systematic_encode,per_payload_byte,65,15,legacy_high_v1,prefix_pruned_parent,parent_preserving,exact_structural_radix2_dag,16,16,128,128,80,48,47,1,1.6,gf8,gf8,false,false,175,414,175,574,510,32,1,24,96,0,1852,1.07937365
leopard2-c0-v2,systematic_encode,per_payload_byte,65,15,legacy_high_v1,dependency_pruned_parent,parent_preserving,exact_structural_radix2_dag,16,16,128,128,80,48,47,1,1.6,gf8,gf8,false,false,175,414,175,574,510,32,2,24,96,0,1856,1.077047414
leopard2-c0-v2,systematic_encode,per_payload_byte,65,15,legacy_high_v1,recursive_truncated_parent,parent_preserving,exact_arithmetic_lower_bound_scratch,16,16,128,128,80,48,47,1,1.6,gf8,gf8,false,false,175,414,175,574,510,16,8,24,96,0,1880,1.063297872
leopard2-c0-v2,systematic_encode,per_payload_byte,65,15,legacy_high_v1,binary_dyadic_exact,new_exact_profile,heuristic_optimistic_cross_block,16,15,128,80,80,48,47,1,1.6,gf8,gf8,false,false,102,534,372,959,629,15,18,54,95,0,2938,0.680394826
leopard2-c0-v2,systematic_encode,per_payload_byte,65,15,legacy_high_v1,full_block_tail_exact,new_exact_profile,heuristic_conservative_dense_join,16,15,128,80,80,48,47,1,1.6,gf8,gf8,false,false,72,792,702,1577,677,15,12,30,95,0,4498,0.444419742
leopard2-c0-v2,systematic_encode,per_payload_byte,65,15,legacy_high_v1,direct_matrix_exact,new_exact_profile,exact_dense_generator_arithmetic,16,15,128,80,80,48,47,1,1.6,gf8,gf8,false,false,0,960,975,975,15,1,0,1,0,0,3900,0.512564103
leopard2-c0-v2,systematic_encode,per_payload_byte,65,15,legacy_high_v1,subproduct_tree_exact,new_exact_profile,asymptotic_generic_polynomial_proxy,16,15,128,80,80,48,47,1,1.6,gf8,gf8,false,false,11760,11760,11760,23520,11760,320,7,21,0,0,70588,0.028319261
leopard2-c0-v2,systematic_encode,per_payload_byte,65,15,low_v1,padded_dyadic_parent,parent_preserving,exact_structural_radix2_dag,128,128,256,256,80,176,63,113,3.2,gf8,gf8,false,false,896,1792,896,2000,2063,256,0,14,208,63,7647,1.0
leopard2-c0-v2,systematic_encode,per_payload_byte,65,15,low_v1,prefix_pruned_parent,parent_preserving,exact_structural_radix2_dag,128,128,256,256,80,176,63,113,3.2,gf8,gf8,false,false,767,1534,767,1742,1742,256,1,14,208,0,6556,1.166412447
leopard2-c0-v2,systematic_encode,per_payload_byte,65,15,low_v1,dependency_pruned_parent,parent_preserving,exact_structural_radix2_dag,128,128,256,256,80,176,63,113,3.2,gf8,gf8,false,false,680,1360,680,1568,1568,256,2,14,208,0,5864,1.304058663
leopard2-c0-v2,systematic_encode,per_payload_byte,65,15,low_v1,recursive_truncated_parent,parent_preserving,exact_arithmetic_lower_bound_scratch,128,128,256,256,80,176,63,113,3.2,gf8,gf8,false,false,680,1360,680,1568,1568,128,14,14,208,0,5912,1.293470907
leopard2-c0-v2,systematic_encode,per_payload_byte,65,15,low_v1,binary_dyadic_exact,new_exact_profile,heuristic_optimistic_cross_block,128,65,256,80,80,176,63,113,3.2,gf8,gf8,false,false,384,898,514,1173,1043,65,2,14,145,0,4150,1.842650602
leopard2-c0-v2,systematic_encode,per_payload_byte,65,15,low_v1,full_block_tail_exact,new_exact_profile,heuristic_conservative_dense_join,128,65,256,80,80,176,63,113,3.2,gf8,gf8,false,false,384,896,514,1171,1043,65,4,16,145,0,4154,1.840876264
leopard2-c0-v2,systematic_encode,per_payload_byte,65,15,low_v1,direct_matrix_exact,new_exact_profile,exact_dense_generator_arithmetic,128,65,256,80,80,176,63,113,3.2,gf8,gf8,false,false,0,960,975,975,15,1,0,1,0,0,3900,1.960769231
leopard2-c0-v2,systematic_encode,per_payload_byte,65,15,low_v1,subproduct_tree_exact,new_exact_profile,asymptotic_generic_polynomial_proxy,128,65,256,80,80,176,63,113,3.2,gf8,gf8,false,false,11760,11760,11760,23520,11760,320,7,21,0,0,70588,0.108332861
leopard2-c0-v2,systematic_encode,per_payload_byte,65,17,legacy_high_v1,padded_dyadic_parent,parent_preserving,exact_structural_radix2_dag,32,32,128,128,82,46,31,15,1.56097561,gf8,gf8,false,false,320,704,320,882,849,64,0,20,114,31,3075,1.0
leopard2-c0-v2,systematic_encode,per_payload_byte,65,17,legacy_high_v1,prefix_pruned_parent,parent_preserving,exact_structural_radix2_dag,32,32,128,128,82,46,31,15,1.56097561,gf8,gf8,false,false,271,606,271,784,720,64,1,20,114,0,2656,1.157756024
leopard2-c0-v2,systematic_encode,per_payload_byte,65,17,legacy_high_v1,dependency_pruned_parent,parent_preserving,exact_structural_radix2_dag,32,32,128,128,82,46,31,15,1.56097561,gf8,gf8,false,false,271,606,271,784,720,64,2,20,114,0,2660,1.156015038
leopard2-c0-v2,systematic_encode,per_payload_byte,65,17,legacy_high_v1,recursive_truncated_parent,parent_preserving,exact_arithmetic_lower_bound_scratch,32,32,128,128,82,46,31,15,1.56097561,gf8,gf8,false,false,271,606,271,784,720,32,10,20,114,0,2692,1.142273403
leopard2-c0-v2,systematic_encode,per_payload_byte,65,17,legacy_high_v1,binary_dyadic_exact,new_exact_profile,heuristic_optimistic_cross_block,32,17,128,82,82,46,31,15,1.56097561,gf8,gf8,false,false,160,456,245,691,555,17,5,25,99,0,2212,1.390144665
leopard2-c0-v2,systematic_encode,per_payload_byte,65,17,legacy_high_v1,full_block_tail_exact,new_exact_profile,heuristic_conservative_dense_join,32,17,128,82,82,46,31,15,1.56097561,gf8,gf8,false,false,160,451,245,686,555,17,10,30,99,0,2222,1.383888389
leopard2-c0-v2,systematic_encode,per_payload_byte,65,17,legacy_high_v1,direct_matrix_exact,new_exact_profile,exact_dense_generator_arithmetic,32,17,128,82,82,46,31,15,1.56097561,gf8,gf8,false,false,0,1088,1105,1105,17,1,0,1,0,0,4420,0.695701357
leopard2-c0-v2,systematic_encode,per_payload_byte,65,17,legacy_high_v1,subproduct_tree_exact,new_exact_profile,asymptotic_generic_polynomial_proxy,32,17,128,82,82,46,31,15,1.56097561,gf8,gf8,false,false,12054,12054,12054,24108,12054,328,7,21,0,0,72352,0.042500553
leopard2-c0-v2,systematic_encode,per_payload_byte,65,17,low_v1,padded_dyadic_parent,parent_preserving,exact_structural_radix2_dag,128,128,256,256,82,174,63,111,3.12195122,gf8,gf8,false,false,896,1792,896,2002,2065,256,0,14,210,63,7651,1.0
leopard2-c0-v2,systematic_encode,per_payload_byte,65,17,low_v1,prefix_pruned_parent,parent_preserving,exact_structural_radix2_dag,128,128,256,256,82,174,63,111,3.12195122,gf8,gf8,false,false,767,1534,767,1744,1744,256,1,14,210,0,6560,1.166310976
leopard2-c0-v2,systematic_encode,per_payload_byte,65,17,low_v1,dependency_pruned_parent,parent_preserving,exact_structural_radix2_dag,128,128,256,256,82,174,63,111,3.12195122,gf8,gf8,false,false,690,1380,690,1590,1590,256,2,14,210,0,5948,1.286314728
leopard2-c0-v2,systematic_encode,per_payload_byte,65,17,low_v1,recursive_truncated_parent,parent_preserving,exact_arithmetic_lower_bound_scratch,128,128,256,256,82,174,63,111,3.12195122,gf8,gf8,false,false,690,1380,690,1590,1590,128,14,14,210,0,5996,1.276017345
leopard2-c0-v2,systematic_encode,per_payload_byte,65,17,low_v1,binary_dyadic_exact,new_exact_profile,heuristic_optimistic_cross_block,128,65,256,82,82,174,63,111,3.12195122,gf8,gf8,false,false,384,898,514,1175,1045,65,2,14,147,0,4154,1.841839191
leopard2-c0-v2,systematic_encode,per_payload_byte,65,17,low_v1,full_block_tail_exact,new_exact_profile,heuristic_conservative_dense_join,128,65,256,82,82,174,63,111,3.12195122,gf8,gf8,false,false,384,896,514,1173,1045,65,4,16,147,0,4158,1.84006734
leopard2-c0-v2,systematic_encode,per_payload_byte,65,17,low_v1,direct_matrix_exact,new_exact_profile,exact_dense_generator_arithmetic,128,65,256,82,82,174,63,111,3.12195122,gf8,gf8,false,false,0,1088,1105,1105,17,1,0,1,0,0,4420,1.730995475
leopard2-c0-v2,systematic_encode,per_payload_byte,65,17,low_v1,subproduct_tree_exact,new_exact_profile,asymptotic_generic_polynomial_proxy,128,65,256,82,82,174,63,111,3.12195122,gf8,gf8,false,false,12054,12054,12054,24108,12054,328,7,21,0,0,72352,0.105746904
leopard2-c0-v2,systematic_encode,per_payload_byte,65,31,legacy_high_v1,padded_dyadic_parent,parent_preserving,exact_structural_radix2_dag,32,32,128,128,96,32,31,1,1.333333333,gf8,gf8,false,false,320,704,320,896,863,64,0,20,128,31,3103,1.0
leopard2-c0-v2,systematic_encode,per_payload_byte,65,31,legacy_high_v1,prefix_pruned_parent,parent_preserving,exact_structural_radix2_dag,32,32,128,128,96,32,31,1,1.333333333,gf8,gf8,false,false,271,606,271,798,734,64,1,20,128,0,2684,1.156110283
leopard2-c0-v2,systematic_encode,per_payload_byte,65,31,legacy_high_v1,dependency_pruned_parent,parent_preserving,exact_structural_radix2_dag,32,32,128,128,96,32,31,1,1.333333333,gf8,gf8,false,false,271,606,271,798,734,64,2,20,128,0,2688,1.154389881
leopard2-c0-v2,systematic_encode,per_payload_byte,65,31,legacy_high_v1,recursive_truncated_parent,parent_preserving,exact_arithmetic_lower_bound_scratch,32,32,128,128,96,32,31,1,1.333333333,gf8,gf8,false,false,271,606,271,798,734,32,10,20,128,0,2720,1.140808824
leopard2-c0-v2,systematic_encode,per_payload_byte,65,31,legacy_high_v1,binary_dyadic_exact,new_exact_profile,heuristic_optimistic_cross_block,32,31,128,96,96,32,31,1,1.333333333,gf8,gf8,false,false,196,950,692,1635,1077,31,16,56,127,0,5110,0.607240705
leopard2-c0-v2,systematic_encode,per_payload_byte,65,31,legacy_high_v1,full_block_tail_exact,new_exact_profile,heuristic_conservative_dense_join,32,31,128,96,96,32,31,1,1.333333333,gf8,gf8,false,false,128,2118,1988,4167,1465,31,8,24,127,0,11758,0.263905426
leopard2-c0-v2,systematic_encode,per_payload_byte,65,31,legacy_high_v1,direct_matrix_exact,new_exact_profile,exact_dense_generator_arithmetic,32,31,128,96,96,32,31,1,1.333333333,gf8,gf8,false,false,0,1984,2015,2015,31,1,0,1,0,0,8060,0.384987593
leopard2-c0-v2,systematic_encode,per_payload_byte,65,31,legacy_high_v1,subproduct_tree_exact,new_exact_profile,asymptotic_generic_polynomial_proxy,32,31,128,96,96,32,31,1,1.333333333,gf8,gf8,false,false,14112,14112,14112,28224,14112,384,7,21,0,0,84700,0.036635183
leopard2-c0-v2,systematic_encode,per_payload_byte,65,31,low_v1,padded_dyadic_parent,parent_preserving,exact_structural_radix2_dag,128,128,256,256,96,160,63,97,2.666666667,gf8,gf8,false,false,896,1792,896,2016,2079,256,0,14,224,63,7679,1.0
leopard2-c0-v2,systematic_encode,per_payload_byte,65,31,low_v1,prefix_pruned_parent,parent_preserving,exact_structural_radix2_dag,128,128,256,256,96,160,63,97,2.666666667,gf8,gf8,false,false,767,1534,767,1758,1758,256,1,14,224,0,6588,1.165604129
leopard2-c0-v2,systematic_encode,per_payload_byte,65,31,low_v1,dependency_pruned_parent,parent_preserving,exact_structural_radix2_dag,128,128,256,256,96,160,63,97,2.666666667,gf8,gf8,false,false,732,1464,732,1688,1688,256,2,14,224,0,6312,1.21657161
leopard2-c0-v2,systematic_encode,per_payload_byte,65,31,low_v1,recursive_truncated_parent,parent_preserving,exact_arithmetic_lower_bound_scratch,128,128,256,256,96,160,63,97,2.666666667,gf8,gf8,false,false,732,1464,732,1688,1688,128,14,14,224,0,6360,1.207389937
leopard2-c0-v2,systematic_encode,per_payload_byte,65,31,low_v1,binary_dyadic_exact,new_exact_profile,heuristic_optimistic_cross_block,128,65,256,96,96,160,63,97,2.666666667,gf8,gf8,false,false,384,898,514,1189,1059,65,2,14,161,0,4182,1.836202774
leopard2-c0-v2,systematic_encode,per_payload_byte,65,31,low_v1,full_block_tail_exact,new_exact_profile,heuristic_conservative_dense_join,128,65,256,96,96,160,63,97,2.666666667,gf8,gf8,false,false,384,896,514,1187,1059,65,4,16,161,0,4186,1.834448161
leopard2-c0-v2,systematic_encode,per_payload_byte,65,31,low_v1,direct_matrix_exact,new_exact_profile,exact_dense_generator_arithmetic,128,65,256,96,96,160,63,97,2.666666667,gf8,gf8,false,false,0,1984,2015,2015,31,1,0,1,0,0,8060,0.952729529
leopard2-c0-v2,systematic_encode,per_payload_byte,65,31,low_v1,subproduct_tree_exact,new_exact_profile,asymptotic_generic_polynomial_proxy,128,65,256,96,96,160,63,97,2.666666667,gf8,gf8,false,false,14112,14112,14112,28224,14112,384,7,21,0,0,84700,0.090661157
leopard2-c0-v2,systematic_encode,per_payload_byte,65,33,legacy_high_v1,padded_dyadic_parent,parent_preserving,exact_structural_radix2_dag,64,64,256,256,98,158,127,31,2.612244898,gf8,gf8,false,false,576,1216,576,1442,1441,128,0,18,162,63,5251,1.0
leopard2-c0-v2,systematic_encode,per_payload_byte,65,33,legacy_high_v1,prefix_pruned_parent,parent_preserving,exact_structural_radix2_dag,64,64,256,256,98,158,127,31,2.612244898,gf8,gf8,false,false,447,958,447,1184,1120,128,1,18,162,0,4160,1.262259615
leopard2-c0-v2,systematic_encode,per_payload_byte,65,33,legacy_high_v1,dependency_pruned_parent,parent_preserving,exact_structural_radix2_dag,64,64,256,256,98,158,127,31,2.612244898,gf8,gf8,false,false,447,958,447,1184,1120,128,2,18,162,0,4164,1.26104707
leopard2-c0-v2,systematic_encode,per_payload_byte,65,33,legacy_high_v1,recursive_truncated_parent,parent_preserving,exact_arithmetic_lower_bound_scratch,64,64,256,256,98,158,127,31,2.612244898,gf8,gf8,false,false,447,958,447,1184,1120,64,12,18,162,0,4204,1.249048525
leopard2-c0-v2,systematic_encode,per_payload_byte,65,33,legacy_high_v1,binary_dyadic_exact,new_exact_profile,heuristic_optimistic_cross_block,64,33,256,98,98,158,127,31,2.612244898,gf8,gf8,false,false,240,612,339,875,743,33,3,18,131,0,2920,1.798287671
leopard2-c0-v2,systematic_encode,per_payload_byte,65,33,legacy_high_v1,full_block_tail_exact,new_exact_profile,heuristic_conservative_dense_join,64,33,256,98,98,158,127,31,2.612244898,gf8,gf8,false,false,240,609,339,872,743,33,6,21,131,0,2926,1.794600137
leopard2-c0-v2,systematic_encode,per_payload_byte,65,33,legacy_high_v1,direct_matrix_exact,new_exact_profile,exact_dense_generator_arithmetic,64,33,256,98,98,158,127,31,2.612244898,gf8,gf8,false,false,0,2112,2145,2145,33,1,0,1,0,0,8580,0.612004662
leopard2-c0-v2,systematic_encode,per_payload_byte,65,33,legacy_high_v1,subproduct_tree_exact,new_exact_profile,asymptotic_generic_polynomial_proxy,64,33,256,98,98,158,127,31,2.612244898,gf8,gf8,false,false,14406,14406,14406,28812,14406,392,7,21,0,0,86464,0.060730477
leopard2-c0-v2,systematic_encode,per_payload_byte,65,33,low_v1,padded_dyadic_parent,parent_preserving,exact_structural_radix2_dag,128,128,256,256,98,158,63,95,2.612244898,gf8,gf8,false,false,896,1792,896,2018,2081,256,0,14,226,63,7683,1.0
leopard2-c0-v2,systematic_encode,per_payload_byte,65,33,low_v1,prefix_pruned_parent,parent_preserving,exact_structural_radix2_dag,128,128,256,256,98,158,63,95,2.612244898,gf8,gf8,false,false,767,1534,767,1760,1760,256,1,14,226,0,6592,1.165503641
leopard2-c0-v2,systematic_encode,per_payload_byte,65,33,low_v1,dependency_pruned_parent,parent_preserving,exact_structural_radix2_dag,128,128,256,256,98,158,63,95,2.612244898,gf8,gf8,false,false,736,1472,736,1698,1698,256,2,14,226,0,6348,1.210302457
leopard2-c0-v2,systematic_encode,per_payload_byte,65,33,low_v1,recursive_truncated_parent,parent_preserving,exact_arithmetic_lower_bound_scratch,128,128,256,256,98,158,63,95,2.612244898,gf8,gf8,false,false,736,1472,736,1698,1698,128,14,14,226,0,6396,1.201219512
leopard2-c0-v2,systematic_encode,per_payload_byte,65,33,low_v1,binary_dyadic_exact,new_exact_profile,heuristic_optimistic_cross_block,128,65,256,98,98,158,63,95,2.612244898,gf8,gf8,false,false,384,898,514,1191,1061,65,2,14,163,0,4186,1.835403727
leopard2-c0-v2,systematic_encode,per_payload_byte,65,33,low_v1,full_block_tail_exact,new_exact_profile,heuristic_conservative_dense_join,128,65,256,98,98,158,63,95,2.612244898,gf8,gf8,false,false,384,896,514,1189,1061,65,4,16,163,0,4190,1.833651551
leopard2-c0-v2,systematic_encode,per_payload_byte,65,33,low_v1,direct_matrix_exact,new_exact_profile,exact_dense_generator_arithmetic,128,65,256,98,98,158,63,95,2.612244898,gf8,gf8,false,false,0,2112,2145,2145,33,1,0,1,0,0,8580,0.895454545
leopard2-c0-v2,systematic_encode,per_payload_byte,65,33,low_v1,subproduct_tree_exact,new_exact_profile,asymptotic_generic_polynomial_proxy,128,65,256,98,98,158,63,95,2.612244898,gf8,gf8,false,false,14406,14406,14406,28812,14406,392,7,21,0,0,86464,0.088857791
leopard2-c0-v2,systematic_encode,per_payload_byte,65,63,legacy_high_v1,padded_dyadic_parent,parent_preserving,exact_structural_radix2_dag,64,64,256,256,128,128,127,1,2.0,gf8,gf8,false,false,576,1216,576,1472,1471,128,0,18,192,63,5311,1.0
leopard2-c0-v2,systematic_encode,per_payload_byte,65,63,legacy_high_v1,prefix_pruned_parent,parent_preserving,exact_structural_radix2_dag,64,64,256,256,128,128,127,1,2.0,gf8,gf8,false,false,447,958,447,1214,1150,128,1,18,192,0,4220,1.258530806
leopard2-c0-v2,systematic_encode,per_payload_byte,65,63,legacy_high_v1,dependency_pruned_parent,parent_preserving,exact_structural_radix2_dag,64,64,256,256,128,128,127,1,2.0,gf8,gf8,false,false,447,958,447,1214,1150,128,2,18,192,0,4224,1.257339015
leopard2-c0-v2,systematic_encode,per_payload_byte,65,63,legacy_high_v1,recursive_truncated_parent,parent_preserving,exact_arithmetic_lower_bound_scratch,64,64,256,256,128,128,127,1,2.0,gf8,gf8,false,false,447,958,447,1214,1150,64,12,18,192,0,4264,1.24554409
leopard2-c0-v2,systematic_encode,per_payload_byte,65,63,legacy_high_v1,binary_dyadic_exact,new_exact_profile,heuristic_optimistic_cross_block,64,63,256,128,128,128,127,1,2.0,gf8,gf8,false,false,387,1782,1332,2981,1973,63,15,60,191,0,9460,0.56141649
leopard2-c0-v2,systematic_encode,per_payload_byte,65,63,legacy_high_v1,full_block_tail_exact,new_exact_profile,heuristic_conservative_dense_join,64,63,256,128,128,128,127,1,2.0,gf8,gf8,false,false,240,6309,6099,12422,3803,63,6,21,191,0,34756,0.152808148
leopard2-c0-v2,systematic_encode,per_payload_byte,65,63,legacy_high_v1,direct_matrix_exact,new_exact_profile,exact_dense_generator_arithmetic,64,63,256,128,128,128,127,1,2.0,gf8,gf8,false,false,0,4032,4095,4095,63,1,0,1,0,0,16380,0.324236874
leopard2-c0-v2,systematic_encode,per_payload_byte,65,63,legacy_high_v1,subproduct_tree_exact,new_exact_profile,asymptotic_generic_polynomial_proxy,64,63,256,128,128,128,127,1,2.0,gf8,gf8,false,false,18816,18816,18816,37632,18816,512,7,21,0,0,112924,0.047031632
leopard2-c0-v2,systematic_encode,per_payload_byte,65,63,low_v1,padded_dyadic_parent,parent_preserving,exact_structural_radix2_dag,128,128,256,256,128,128,63,65,2.0,gf8,gf8,false,false,896,1792,896,2048,2111,256,0,14,256,63,7743,1.0
leopard2-c0-v2,systematic_encode,per_payload_byte,65,63,low_v1,prefix_pruned_parent,parent_preserving,exact_structural_radix2_dag,128,128,256,256,128,128,63,65,2.0,gf8,gf8,false,false,767,1534,767,1790,1790,256,1,14,256,0,6652,1.164010824
leopard2-c0-v2,systematic_encode,per_payload_byte,65,63,low_v1,dependency_pruned_parent,parent_preserving,exact_structural_radix2_dag,128,128,256,256,128,128,63,65,2.0,gf8,gf8,false,false,766,1532,766,1788,1788,256,2,14,256,0,6648,1.164711191
leopard2-c0-v2,systematic_encode,per_payload_byte,65,63,low_v1,recursive_truncated_parent,parent_preserving,exact_arithmetic_lower_bound_scratch,128,128,256,256,128,128,63,65,2.0,gf8,gf8,false,false,766,1532,766,1788,1788,128,14,14,256,0,6696,1.156362007
leopard2-c0-v2,systematic_encode,per_payload_byte,65,63,low_v1,binary_dyadic_exact,new_exact_profile,heuristic_optimistic_cross_block,128,65,256,128,128,128,63,65,2.0,gf8,gf8,false,false,384,898,514,1221,1091,65,2,14,193,0,4246,1.823598681
leopard2-c0-v2,systematic_encode,per_payload_byte,65,63,low_v1,full_block_tail_exact,new_exact_profile,heuristic_conservative_dense_join,128,65,256,128,128,128,63,65,2.0,gf8,gf8,false,false,384,896,514,1219,1091,65,4,16,193,0,4250,1.821882353
leopard2-c0-v2,systematic_encode,per_payload_byte,65,63,low_v1,direct_matrix_exact,new_exact_profile,exact_dense_generator_arithmetic,128,65,256,128,128,128,63,65,2.0,gf8,gf8,false,false,0,4032,4095,4095,63,1,0,1,0,0,16380,0.472710623
leopard2-c0-v2,systematic_encode,per_payload_byte,65,63,low_v1,subproduct_tree_exact,new_exact_profile,asymptotic_generic_polynomial_proxy,128,65,256,128,128,128,63,65,2.0,gf8,gf8,false,false,18816,18816,18816,37632,18816,512,7,21,0,0,112924,0.068568241
leopard2-c0-v2,systematic_encode,per_payload_byte,65,65,legacy_high_v1,padded_dyadic_parent,parent_preserving,exact_structural_radix2_dag,128,128,256,256,130,126,63,63,1.969230769,gf8,gf8,false,false,896,1792,896,2050,2113,256,0,14,258,63,7747,1.0
leopard2-c0-v2,systematic_encode,per_payload_byte,65,65,legacy_high_v1,prefix_pruned_parent,parent_preserving,exact_structural_radix2_dag,128,128,256,256,130,126,63,63,1.969230769,gf8,gf8,false,false,767,1534,767,1792,1792,256,1,14,258,0,6656,1.16391226
leopard2-c0-v2,systematic_encode,per_payload_byte,65,65,legacy_high_v1,dependency_pruned_parent,parent_preserving,exact_structural_radix2_dag,128,128,256,256,130,126,63,63,1.969230769,gf8,gf8,false,false,767,1534,767,1792,1792,256,2,14,258,0,6660,1.163213213
leopard2-c0-v2,systematic_encode,per_payload_byte,65,65,legacy_high_v1,recursive_truncated_parent,parent_preserving,exact_arithmetic_lower_bound_scratch,128,128,256,256,130,126,63,63,1.969230769,gf8,gf8,false,false,767,1534,767,1792,1792,128,14,14,258,0,6708,1.154889684
leopard2-c0-v2,systematic_encode,per_payload_byte,65,65,legacy_high_v1,binary_dyadic_exact,new_exact_profile,heuristic_optimistic_cross_block,128,65,256,130,130,126,63,63,1.969230769,gf8,gf8,false,false,384,898,514,1223,1093,65,2,14,195,0,4250,1.822823529
leopard2-c0-v2,systematic_encode,per_payload_byte,65,65,legacy_high_v1,full_block_tail_exact,new_exact_profile,heuristic_conservative_dense_join,128,65,256,130,130,126,63,63,1.969230769,gf8,gf8,false,false,384,896,514,1221,1093,65,4,16,195,0,4254,1.821109544
leopard2-c0-v2,systematic_encode,per_payload_byte,65,65,legacy_high_v1,direct_matrix_exact,new_exact_profile,exact_dense_generator_arithmetic,128,65,256,130,130,126,63,63,1.969230769,gf8,gf8,false,false,0,4160,4225,4225,65,1,0,1,0,0,16900,0.458402367
leopard2-c0-v2,systematic_encode,per_payload_byte,65,65,legacy_high_v1,subproduct_tree_exact,new_exact_profile,asymptotic_generic_polynomial_proxy,128,65,256,130,130,126,63,63,1.969230769,gf8,gf8,false,false,24960,24960,24960,49920,24960,520,8,24,0,0,149792,0.051718383
leopard2-c0-v2,systematic_encode,per_payload_byte,65,65,low_v1,padded_dyadic_parent,parent_preserving,exact_structural_radix2_dag,128,128,256,256,130,126,63,63,1.969230769,gf8,gf8,false,false,896,1792,896,2050,2113,256,0,14,258,63,7747,1.0
leopard2-c0-v2,systematic_encode,per_payload_byte,65,65,low_v1,prefix_pruned_parent,parent_preserving,exact_structural_radix2_dag,128,128,256,256,130,126,63,63,1.969230769,gf8,gf8,false,false,767,1534,767,1792,1792,256,1,14,258,0,6656,1.16391226
leopard2-c0-v2,systematic_encode,per_payload_byte,65,65,low_v1,dependency_pruned_parent,parent_preserving,exact_structural_radix2_dag,128,128,256,256,130,126,63,63,1.969230769,gf8,gf8,false,false,767,1534,767,1792,1792,256,2,14,258,0,6660,1.163213213
leopard2-c0-v2,systematic_encode,per_payload_byte,65,65,low_v1,recursive_truncated_parent,parent_preserving,exact_arithmetic_lower_bound_scratch,128,128,256,256,130,126,63,63,1.969230769,gf8,gf8,false,false,767,1534,767,1792,1792,128,14,14,258,0,6708,1.154889684
leopard2-c0-v2,systematic_encode,per_payload_byte,65,65,low_v1,binary_dyadic_exact,new_exact_profile,heuristic_optimistic_cross_block,128,65,256,130,130,126,63,63,1.969230769,gf8,gf8,false,false,384,898,514,1223,1093,65,2,14,195,0,4250,1.822823529
leopard2-c0-v2,systematic_encode,per_payload_byte,65,65,low_v1,full_block_tail_exact,new_exact_profile,heuristic_conservative_dense_join,128,65,256,130,130,126,63,63,1.969230769,gf8,gf8,false,false,384,896,514,1221,1093,65,4,16,195,0,4254,1.821109544
leopard2-c0-v2,systematic_encode,per_payload_byte,65,65,low_v1,direct_matrix_exact,new_exact_profile,exact_dense_generator_arithmetic,128,65,256,130,130,126,63,63,1.969230769,gf8,gf8,false,false,0,4160,4225,4225,65,1,0,1,0,0,16900,0.458402367
leopard2-c0-v2,systematic_encode,per_payload_byte,65,65,low_v1,subproduct_tree_exact,new_exact_profile,asymptotic_generic_polynomial_proxy,128,65,256,130,130,126,63,63,1.969230769,gf8,gf8,false,false,24960,24960,24960,49920,24960,520,8,24,0,0,149792,0.051718383
leopard2-c0-v2,systematic_encode,per_payload_byte,65,127,legacy_high_v1,padded_dyadic_parent,parent_preserving,exact_structural_radix2_dag,128,128,256,256,192,64,63,1,1.333333333,gf8,gf8,false,false,896,1792,896,2112,2175,256,0,14,320,63,7871,1.0
leopard2-c0-v2,systematic_encode,per_payload_byte,65,127,legacy_high_v1,prefix_pruned_parent,parent_preserving,exact_structural_radix2_dag,128,128,256,256,192,64,63,1,1.333333333,gf8,gf8,false,false,767,1534,767,1854,1854,256,1,14,320,0,6780,1.160914454
leopard2-c0-v2,systematic_encode,per_payload_byte,65,127,legacy_high_v1,dependency_pruned_parent,parent_preserving,exact_structural_radix2_dag,128,128,256,256,192,64,63,1,1.333333333,gf8,gf8,false,false,767,1534,767,1854,1854,256,2,14,320,0,6784,1.160229953
leopard2-c0-v2,systematic_encode,per_payload_byte,65,127,legacy_high_v1,recursive_truncated_parent,parent_preserving,exact_arithmetic_lower_bound_scratch,128,128,256,256,192,64,63,1,1.333333333,gf8,gf8,false,false,767,1534,767,1854,1854,128,14,14,320,0,6832,1.152078454
leopard2-c0-v2,systematic_encode,per_payload_byte,65,127,legacy_high_v1,binary_dyadic_exact,new_exact_profile,heuristic_optimistic_cross_block,128,127,256,192,192,64,63,1,1.333333333,gf8,gf8,false,false,642,2808,2166,4651,3127,127,12,54,319,0,14966,0.525925431
leopard2-c0-v2,systematic_encode,per_payload_byte,65,127,legacy_high_v1,full_block_tail_exact,new_exact_profile,heuristic_conservative_dense_join,128,127,256,192,192,64,63,1,1.333333333,gf8,gf8,false,false,384,16644,16386,32965,9277,127,4,16,319,0,91674,0.085858586
leopard2-c0-v2,systematic_encode,per_payload_byte,65,127,legacy_high_v1,direct_matrix_exact,new_exact_profile,exact_dense_generator_arithmetic,128,127,256,192,192,64,63,1,1.333333333,gf8,gf8,false,false,0,8128,8255,8255,127,1,0,1,0,0,33020,0.238370684
leopard2-c0-v2,systematic_encode,per_payload_byte,65,127,legacy_high_v1,subproduct_tree_exact,new_exact_profile,asymptotic_generic_polynomial_proxy,128,127,256,192,192,64,63,1,1.333333333,gf8,gf8,false,false,36864,36864,36864,73728,36864,768,8,24,0,0,221216,0.035580609
leopard2-c0-v2,systematic_encode,per_payload_byte,65,127,low_v1,padded_dyadic_parent,parent_preserving,exact_structural_radix2_dag,128,128,256,256,192,64,63,1,1.333333333,gf8,gf8,false,false,896,1792,896,2112,2175,256,0,14,320,63,7871,1.0
leopard2-c0-v2,systematic_encode,per_payload_byte,65,127,low_v1,prefix_pruned_parent,parent_preserving,exact_structural_radix2_dag,128,128,256,256,192,64,63,1,1.333333333,gf8,gf8,false,false,767,1534,767,1854,1854,256,1,14,320,0,6780,1.160914454
leopard2-c0-v2,systematic_encode,per_payload_byte,65,127,low_v1,dependency_pruned_parent,parent_preserving,exact_structural_radix2_dag,128,128,256,256,192,64,63,1,1.333333333,gf8,gf8,false,false,767,1534,767,1854,1854,256,2,14,320,0,6784,1.160229953
leopard2-c0-v2,systematic_encode,per_payload_byte,65,127,low_v1,recursive_truncated_parent,parent_preserving,exact_arithmetic_lower_bound_scratch,128,128,256,256,192,64,63,1,1.333333333,gf8,gf8,false,false,767,1534,767,1854,1854,128,14,14,320,0,6832,1.152078454
leopard2-c0-v2,systematic_encode,per_payload_byte,65,127,low_v1,binary_dyadic_exact,new_exact_profile,heuristic_optimistic_cross_block,128,65,256,192,192,64,63,1,1.333333333,gf8,gf8,false,false,576,1347,771,1864,1669,65,3,21,322,0,6434,1.223344731
leopard2-c0-v2,systematic_encode,per_payload_byte,65,127,low_v1,full_block_tail_exact,new_exact_profile,heuristic_conservative_dense_join,128,65,256,192,192,64,63,1,1.333333333,gf8,gf8,false,false,576,1344,771,1861,1669,65,6,24,322,0,6440,1.222204969
leopard2-c0-v2,systematic_encode,per_payload_byte,65,127,low_v1,direct_matrix_exact,new_exact_profile,exact_dense_generator_arithmetic,128,65,256,192,192,64,63,1,1.333333333,gf8,gf8,false,false,0,8128,8255,8255,127,1,0,1,0,0,33020,0.238370684
leopard2-c0-v2,systematic_encode,per_payload_byte,65,127,low_v1,subproduct_tree_exact,new_exact_profile,asymptotic_generic_polynomial_proxy,128,65,256,192,192,64,63,1,1.333333333,gf8,gf8,false,false,36864,36864,36864,73728,36864,768,8,24,0,0,221216,0.035580609
leopard2-c0-v2,systematic_encode,per_payload_byte,65,129,legacy_high_v1,padded_dyadic_parent,parent_preserving,exact_structural_radix2_dag,256,256,512,512,194,318,191,127,2.639175258,gf16,gf16,true,false,2048,4096,2048,4546,4737,512,0,16,450,191,17475,1.0
leopard2-c0-v2,systematic_encode,per_payload_byte,65,129,legacy_high_v1,prefix_pruned_parent,parent_preserving,exact_structural_radix2_dag,256,256,512,512,194,318,191,127,2.639175258,gf16,gf16,true,false,1471,2942,1471,3392,3392,512,1,16,450,0,12672,1.379024621
leopard2-c0-v2,systematic_encode,per_payload_byte,65,129,legacy_high_v1,dependency_pruned_parent,parent_preserving,exact_structural_radix2_dag,256,256,512,512,194,318,191,127,2.639175258,gf16,gf16,true,false,1471,2942,1471,3392,3392,512,2,16,450,0,12676,1.37858946
leopard2-c0-v2,systematic_encode,per_payload_byte,65,129,legacy_high_v1,recursive_truncated_parent,parent_preserving,exact_arithmetic_lower_bound_scratch,256,256,512,512,194,318,191,127,2.639175258,gf16,gf16,true,false,1471,2942,1471,3392,3392,256,16,16,450,0,12732,1.372525919
leopard2-c0-v2,systematic_encode,per_payload_byte,65,129,legacy_high_v1,binary_dyadic_exact,new_exact_profile,heuristic_optimistic_cross_block,256,129,512,194,194,318,191,127,2.639175258,gf16,gf8,true,true,896,2050,1154,2631,2373,129,2,16,323,0,9370,1.864994664
leopard2-c0-v2,systematic_encode,per_payload_byte,65,129,legacy_high_v1,full_block_tail_exact,new_exact_profile,heuristic_conservative_dense_join,256,129,512,194,194,318,191,127,2.639175258,gf16,gf8,true,true,896,2048,1154,2629,2373,129,4,18,323,0,9374,1.864198848
leopard2-c0-v2,systematic_encode,per_payload_byte,65,129,legacy_high_v1,direct_matrix_exact,new_exact_profile,exact_dense_generator_arithmetic,256,129,512,194,194,318,191,127,2.639175258,gf16,gf8,true,true,0,8256,8385,8385,129,1,0,1,0,0,33540,0.521019678
leopard2-c0-v2,systematic_encode,per_payload_byte,65,129,legacy_high_v1,subproduct_tree_exact,new_exact_profile,asymptotic_generic_polynomial_proxy,256,129,512,194,194,318,191,127,2.639175258,gf16,gf8,true,true,37248,37248,37248,74496,37248,776,8,24,0,0,223520,0.078180923
leopard2-c0-v2,systematic_encode,per_payload_byte,65,129,low_v1,padded_dyadic_parent,parent_preserving,exact_structural_radix2_dag,128,128,512,512,194,318,63,255,2.639175258,gf16,gf16,true,false,1344,2688,1344,3138,3201,256,0,21,450,63,11715,1.0
leopard2-c0-v2,systematic_encode,per_payload_byte,65,129,low_v1,prefix_pruned_parent,parent_preserving,exact_structural_radix2_dag,128,128,512,512,194,318,63,255,2.639175258,gf16,gf16,true,false,1215,2430,1215,2880,2880,256,1,21,450,0,10624,1.102692018
leopard2-c0-v2,systematic_encode,per_payload_byte,65,129,low_v1,dependency_pruned_parent,parent_preserving,exact_structural_radix2_dag,128,128,512,512,194,318,63,255,2.639175258,gf16,gf16,true,false,894,1788,894,2238,2238,256,2,21,450,0,8060,1.453473945
leopard2-c0-v2,systematic_encode,per_payload_byte,65,129,low_v1,recursive_truncated_parent,parent_preserving,exact_arithmetic_lower_bound_scratch,128,128,512,512,194,318,63,255,2.639175258,gf16,gf16,true,false,894,1788,894,2238,2238,128,14,21,450,0,8108,1.444869265
leopard2-c0-v2,systematic_encode,per_payload_byte,65,129,low_v1,binary_dyadic_exact,new_exact_profile,heuristic_optimistic_cross_block,128,65,512,194,194,318,63,255,2.639175258,gf16,gf8,true,true,576,1347,771,1866,1671,65,3,21,324,0,6438,1.819664492
leopard2-c0-v2,systematic_encode,per_payload_byte,65,129,low_v1,full_block_tail_exact,new_exact_profile,heuristic_conservative_dense_join,128,65,512,194,194,318,63,255,2.639175258,gf16,gf8,true,true,576,1344,771,1863,1671,65,6,24,324,0,6444,1.817970205
leopard2-c0-v2,systematic_encode,per_payload_byte,65,129,low_v1,direct_matrix_exact,new_exact_profile,exact_dense_generator_arithmetic,128,65,512,194,194,318,63,255,2.639175258,gf16,gf8,true,true,0,8256,8385,8385,129,1,0,1,0,0,33540,0.349284436
leopard2-c0-v2,systematic_encode,per_payload_byte,65,129,low_v1,subproduct_tree_exact,new_exact_profile,asymptotic_generic_polynomial_proxy,128,65,512,194,194,318,63,255,2.639175258,gf16,gf8,true,true,37248,37248,37248,74496,37248,776,8,24,0,0,223520,0.052411417
leopard2-c0-v2,systematic_encode,per_payload_byte,65,255,legacy_high_v1,padded_dyadic_parent,parent_preserving,exact_structural_radix2_dag,256,256,512,512,320,192,191,1,1.6,gf16,gf16,false,false,2048,4096,2048,4672,4863,512,0,16,576,191,17727,1.0
leopard2-c0-v2,systematic_encode,per_payload_byte,65,255,legacy_high_v1,prefix_pruned_parent,parent_preserving,exact_structural_radix2_dag,256,256,512,512,320,192,191,1,1.6,gf16,gf16,false,false,1471,2942,1471,3518,3518,512,1,16,576,0,12924,1.371634169
leopard2-c0-v2,systematic_encode,per_payload_byte,65,255,legacy_high_v1,dependency_pruned_parent,parent_preserving,exact_structural_radix2_dag,256,256,512,512,320,192,191,1,1.6,gf16,gf16,false,false,1471,2942,1471,3518,3518,512,2,16,576,0,12928,1.371209777
leopard2-c0-v2,systematic_encode,per_payload_byte,65,255,legacy_high_v1,recursive_truncated_parent,parent_preserving,exact_arithmetic_lower_bound_scratch,256,256,512,512,320,192,191,1,1.6,gf16,gf16,false,false,1471,2942,1471,3518,3518,256,16,16,576,0,12984,1.365295749
leopard2-c0-v2,systematic_encode,per_payload_byte,65,255,legacy_high_v1,binary_dyadic_exact,new_exact_profile,heuristic_optimistic_cross_block,256,255,512,320,320,192,191,1,1.6,gf16,gf16,false,false,1538,6646,5108,10791,7221,255,14,70,575,0,34930,0.507500716
leopard2-c0-v2,systematic_encode,per_payload_byte,65,255,legacy_high_v1,full_block_tail_exact,new_exact_profile,heuristic_conservative_dense_join,256,255,512,320,320,192,191,1,1.6,gf16,gf16,false,false,896,66308,65666,131653,35133,255,4,18,575,0,364442,0.048641485
leopard2-c0-v2,systematic_encode,per_payload_byte,65,255,legacy_high_v1,direct_matrix_exact,new_exact_profile,exact_dense_generator_arithmetic,256,255,512,320,320,192,191,1,1.6,gf16,gf16,false,false,0,16320,16575,16575,255,1,0,1,0,0,66300,0.267375566
leopard2-c0-v2,systematic_encode,per_payload_byte,65,255,legacy_high_v1,subproduct_tree_exact,new_exact_profile,asymptotic_generic_polynomial_proxy,256,255,512,320,320,192,191,1,1.6,gf16,gf16,false,false,77760,77760,77760,155520,77760,1280,9,27,0,0,466596,0.037992182
leopard2-c0-v2,systematic_encode,per_payload_byte,65,255,low_v1,padded_dyadic_parent,parent_preserving,exact_structural_radix2_dag,128,128,512,512,320,192,63,129,1.6,gf16,gf16,false,false,1344,2688,1344,3264,3327,256,0,21,576,63,11967,1.0
leopard2-c0-v2,systematic_encode,per_payload_byte,65,255,low_v1,prefix_pruned_parent,parent_preserving,exact_structural_radix2_dag,128,128,512,512,320,192,63,129,1.6,gf16,gf16,false,false,1215,2430,1215,3006,3006,256,1,21,576,0,10876,1.100312615
leopard2-c0-v2,systematic_encode,per_payload_byte,65,255,low_v1,dependency_pruned_parent,parent_preserving,exact_structural_radix2_dag,128,128,512,512,320,192,63,129,1.6,gf16,gf16,false,false,1215,2430,1215,3006,3006,256,2,21,576,0,10880,1.099908088
leopard2-c0-v2,systematic_encode,per_payload_byte,65,255,low_v1,recursive_truncated_parent,parent_preserving,exact_arithmetic_lower_bound_scratch,128,128,512,512,320,192,63,129,1.6,gf16,gf16,false,false,1215,2430,1215,3006,3006,128,14,21,576,0,10928,1.095076867
leopard2-c0-v2,systematic_encode,per_payload_byte,65,255,low_v1,binary_dyadic_exact,new_exact_profile,heuristic_optimistic_cross_block,128,65,512,320,320,192,63,129,1.6,gf16,gf16,false,false,960,2245,1285,3150,2825,65,5,35,580,0,10810,1.107030527
leopard2-c0-v2,systematic_encode,per_payload_byte,65,255,low_v1,full_block_tail_exact,new_exact_profile,heuristic_conservative_dense_join,128,65,512,320,320,192,63,129,1.6,gf16,gf16,false,false,960,2240,1285,3145,2825,65,10,40,580,0,10820,1.106007394
leopard2-c0-v2,systematic_encode,per_payload_byte,65,255,low_v1,direct_matrix_exact,new_exact_profile,exact_dense_generator_arithmetic,128,65,512,320,320,192,63,129,1.6,gf16,gf16,false,false,0,16320,16575,16575,255,1,0,1,0,0,66300,0.180497738
leopard2-c0-v2,systematic_encode,per_payload_byte,65,255,low_v1,subproduct_tree_exact,new_exact_profile,asymptotic_generic_polynomial_proxy,128,65,512,320,320,192,63,129,1.6,gf16,gf16,false,false,77760,77760,77760,155520,77760,1280,9,27,0,0,466596,0.025647455
leopard2-c0-v2,systematic_encode,per_payload_byte,127,3,legacy_high_v1,padded_dyadic_parent,parent_preserving,exact_structural_radix2_dag,4,4,256,256,130,126,125,1,1.969230769,gf8,gf8,false,false,132,388,132,646,523,8,0,66,134,1,1821,1.0
leopard2-c0-v2,systematic_encode,per_payload_byte,127,3,legacy_high_v1,prefix_pruned_parent,parent_preserving,exact_structural_radix2_dag,4,4,256,256,130,126,125,1,1.969230769,gf8,gf8,false,false,132,388,132,646,522,8,1,66,134,0,1824,0.998355263
leopard2-c0-v2,systematic_encode,per_payload_byte,127,3,legacy_high_v1,dependency_pruned_parent,parent_preserving,exact_structural_radix2_dag,4,4,256,256,130,126,125,1,1.969230769,gf8,gf8,false,false,132,388,132,646,522,8,2,66,134,0,1828,0.996170678
leopard2-c0-v2,systematic_encode,per_payload_byte,127,3,legacy_high_v1,recursive_truncated_parent,parent_preserving,exact_arithmetic_lower_bound_scratch,4,4,256,256,130,126,125,1,1.969230769,gf8,gf8,false,false,132,388,132,646,522,4,4,66,134,0,1836,0.991830065
leopard2-c0-v2,systematic_encode,per_payload_byte,127,3,legacy_high_v1,binary_dyadic_exact,new_exact_profile,heuristic_optimistic_cross_block,4,3,256,130,130,126,125,1,1.969230769,gf8,gf8,false,false,44,346,176,737,479,3,44,88,133,0,2090,0.871291866
leopard2-c0-v2,systematic_encode,per_payload_byte,127,3,legacy_high_v1,full_block_tail_exact,new_exact_profile,heuristic_conservative_dense_join,4,3,256,130,130,126,125,1,1.969230769,gf8,gf8,false,false,44,302,176,693,479,3,88,132,133,0,2178,0.836088154
leopard2-c0-v2,systematic_encode,per_payload_byte,127,3,legacy_high_v1,direct_matrix_exact,new_exact_profile,exact_dense_generator_arithmetic,4,3,256,130,130,126,125,1,1.969230769,gf8,gf8,false,false,0,378,381,381,3,1,0,1,0,0,1524,1.19488189
leopard2-c0-v2,systematic_encode,per_payload_byte,127,3,legacy_high_v1,subproduct_tree_exact,new_exact_profile,asymptotic_generic_polynomial_proxy,4,3,256,130,130,126,125,1,1.969230769,gf8,gf8,false,false,24960,24960,24960,49920,24960,520,8,24,0,0,149792,0.012156858
leopard2-c0-v2,systematic_encode,per_payload_byte,127,3,low_v1,padded_dyadic_parent,parent_preserving,exact_structural_radix2_dag,128,128,256,256,130,126,1,125,1.969230769,gf8,gf8,false,false,896,1792,896,2050,2051,256,0,14,258,1,7685,1.0
leopard2-c0-v2,systematic_encode,per_payload_byte,127,3,low_v1,prefix_pruned_parent,parent_preserving,exact_structural_radix2_dag,128,128,256,256,130,126,1,125,1.969230769,gf8,gf8,false,false,896,1792,896,2050,2050,256,1,14,258,0,7688,0.999609781
leopard2-c0-v2,systematic_encode,per_payload_byte,127,3,low_v1,dependency_pruned_parent,parent_preserving,exact_structural_radix2_dag,128,128,256,256,130,126,1,125,1.969230769,gf8,gf8,false,false,669,1338,669,1596,1596,256,2,14,258,0,5876,1.307862491
leopard2-c0-v2,systematic_encode,per_payload_byte,127,3,low_v1,recursive_truncated_parent,parent_preserving,exact_arithmetic_lower_bound_scratch,128,128,256,256,130,126,1,125,1.969230769,gf8,gf8,false,false,669,1338,669,1596,1596,128,14,14,258,0,5924,1.297265361
leopard2-c0-v2,systematic_encode,per_payload_byte,127,3,low_v1,binary_dyadic_exact,new_exact_profile,heuristic_optimistic_cross_block,128,127,256,130,130,126,1,125,1.969230769,gf8,gf8,false,false,642,2808,2166,4589,3065,127,12,54,257,0,14842,0.51778736
leopard2-c0-v2,systematic_encode,per_payload_byte,127,3,low_v1,full_block_tail_exact,new_exact_profile,heuristic_conservative_dense_join,128,127,256,130,130,126,1,125,1.969230769,gf8,gf8,false,false,384,16644,16386,32903,9215,127,4,16,257,0,91550,0.0839432
leopard2-c0-v2,systematic_encode,per_payload_byte,127,3,low_v1,direct_matrix_exact,new_exact_profile,exact_dense_generator_arithmetic,128,127,256,130,130,126,1,125,1.969230769,gf8,gf8,false,false,0,378,381,381,3,1,0,1,0,0,1524,5.042650919
leopard2-c0-v2,systematic_encode,per_payload_byte,127,3,low_v1,subproduct_tree_exact,new_exact_profile,asymptotic_generic_polynomial_proxy,128,127,256,130,130,126,1,125,1.969230769,gf8,gf8,false,false,24960,24960,24960,49920,24960,520,8,24,0,0,149792,0.051304476
leopard2-c0-v2,systematic_encode,per_payload_byte,127,5,legacy_high_v1,padded_dyadic_parent,parent_preserving,exact_structural_radix2_dag,8,8,256,256,132,124,121,3,1.939393939,gf8,gf8,false,false,204,528,204,788,669,16,0,51,140,1,2393,1.0
leopard2-c0-v2,systematic_encode,per_payload_byte,127,5,legacy_high_v1,prefix_pruned_parent,parent_preserving,exact_structural_radix2_dag,8,8,256,256,132,124,121,3,1.939393939,gf8,gf8,false,false,204,528,204,788,668,16,1,51,140,0,2396,0.998747913
leopard2-c0-v2,systematic_encode,per_payload_byte,127,5,legacy_high_v1,dependency_pruned_parent,parent_preserving,exact_structural_radix2_dag,8,8,256,256,132,124,121,3,1.939393939,gf8,gf8,false,false,204,528,204,788,668,16,2,51,140,0,2400,0.997083333
leopard2-c0-v2,systematic_encode,per_payload_byte,127,5,legacy_high_v1,recursive_truncated_parent,parent_preserving,exact_arithmetic_lower_bound_scratch,8,8,256,256,132,124,121,3,1.939393939,gf8,gf8,false,false,204,528,204,788,668,8,6,51,140,0,2416,0.990480132
leopard2-c0-v2,systematic_encode,per_payload_byte,127,5,legacy_high_v1,binary_dyadic_exact,new_exact_profile,heuristic_optimistic_cross_block,8,5,256,132,132,124,121,3,1.939393939,gf8,gf8,false,false,108,476,243,873,613,5,27,81,137,0,2556,0.936228482
leopard2-c0-v2,systematic_encode,per_payload_byte,127,5,legacy_high_v1,full_block_tail_exact,new_exact_profile,heuristic_conservative_dense_join,8,5,256,132,132,124,121,3,1.939393939,gf8,gf8,false,false,108,449,243,846,613,5,54,108,137,0,2610,0.916858238
leopard2-c0-v2,systematic_encode,per_payload_byte,127,5,legacy_high_v1,direct_matrix_exact,new_exact_profile,exact_dense_generator_arithmetic,8,5,256,132,132,124,121,3,1.939393939,gf8,gf8,false,false,0,630,635,635,5,1,0,1,0,0,2540,0.942125984
leopard2-c0-v2,systematic_encode,per_payload_byte,127,5,legacy_high_v1,subproduct_tree_exact,new_exact_profile,asymptotic_generic_polynomial_proxy,8,5,256,132,132,124,121,3,1.939393939,gf8,gf8,false,false,25344,25344,25344,50688,25344,528,8,24,0,0,152096,0.015733484
leopard2-c0-v2,systematic_encode,per_payload_byte,127,5,low_v1,padded_dyadic_parent,parent_preserving,exact_structural_radix2_dag,128,128,256,256,132,124,1,123,1.939393939,gf8,gf8,false,false,896,1792,896,2052,2053,256,0,14,260,1,7689,1.0
leopard2-c0-v2,systematic_encode,per_payload_byte,127,5,low_v1,prefix_pruned_parent,parent_preserving,exact_structural_radix2_dag,128,128,256,256,132,124,1,123,1.939393939,gf8,gf8,false,false,896,1792,896,2052,2052,256,1,14,260,0,7692,0.999609984
leopard2-c0-v2,systematic_encode,per_payload_byte,127,5,low_v1,dependency_pruned_parent,parent_preserving,exact_structural_radix2_dag,128,128,256,256,132,124,1,123,1.939393939,gf8,gf8,false,false,715,1430,715,1690,1690,256,2,14,260,0,6248,1.230633803
leopard2-c0-v2,systematic_encode,per_payload_byte,127,5,low_v1,recursive_truncated_parent,parent_preserving,exact_arithmetic_lower_bound_scratch,128,128,256,256,132,124,1,123,1.939393939,gf8,gf8,false,false,715,1430,715,1690,1690,128,14,14,260,0,6296,1.221251588
leopard2-c0-v2,systematic_encode,per_payload_byte,127,5,low_v1,binary_dyadic_exact,new_exact_profile,heuristic_optimistic_cross_block,128,127,256,132,132,124,1,123,1.939393939,gf8,gf8,false,false,642,2808,2166,4591,3067,127,12,54,259,0,14846,0.517917284
leopard2-c0-v2,systematic_encode,per_payload_byte,127,5,low_v1,full_block_tail_exact,new_exact_profile,heuristic_conservative_dense_join,128,127,256,132,132,124,1,123,1.939393939,gf8,gf8,false,false,384,16644,16386,32905,9217,127,4,16,259,0,91554,0.083983223
leopard2-c0-v2,systematic_encode,per_payload_byte,127,5,low_v1,direct_matrix_exact,new_exact_profile,exact_dense_generator_arithmetic,128,127,256,132,132,124,1,123,1.939393939,gf8,gf8,false,false,0,630,635,635,5,1,0,1,0,0,2540,3.027165354
leopard2-c0-v2,systematic_encode,per_payload_byte,127,5,low_v1,subproduct_tree_exact,new_exact_profile,asymptotic_generic_polynomial_proxy,128,127,256,132,132,124,1,123,1.939393939,gf8,gf8,false,false,25344,25344,25344,50688,25344,528,8,24,0,0,152096,0.050553598
leopard2-c0-v2,systematic_encode,per_payload_byte,127,7,legacy_high_v1,padded_dyadic_parent,parent_preserving,exact_structural_radix2_dag,8,8,256,256,134,122,121,1,1.910447761,gf8,gf8,false,false,204,528,204,790,671,16,0,51,142,1,2397,1.0
leopard2-c0-v2,systematic_encode,per_payload_byte,127,7,legacy_high_v1,prefix_pruned_parent,parent_preserving,exact_structural_radix2_dag,8,8,256,256,134,122,121,1,1.910447761,gf8,gf8,false,false,204,528,204,790,670,16,1,51,142,0,2400,0.99875
leopard2-c0-v2,systematic_encode,per_payload_byte,127,7,legacy_high_v1,dependency_pruned_parent,parent_preserving,exact_structural_radix2_dag,8,8,256,256,134,122,121,1,1.910447761,gf8,gf8,false,false,204,528,204,790,670,16,2,51,142,0,2404,0.997088186
leopard2-c0-v2,systematic_encode,per_payload_byte,127,7,legacy_high_v1,recursive_truncated_parent,parent_preserving,exact_arithmetic_lower_bound_scratch,8,8,256,256,134,122,121,1,1.910447761,gf8,gf8,false,false,204,528,204,790,670,8,6,51,142,0,2420,0.990495868
leopard2-c0-v2,systematic_encode,per_payload_byte,127,7,legacy_high_v1,binary_dyadic_exact,new_exact_profile,heuristic_optimistic_cross_block,8,7,256,134,134,122,121,1,1.910447761,gf8,gf8,false,false,100,606,380,1153,747,7,40,100,141,0,3426,0.699649737
leopard2-c0-v2,systematic_encode,per_payload_byte,127,7,legacy_high_v1,full_block_tail_exact,new_exact_profile,heuristic_conservative_dense_join,8,7,256,134,134,122,121,1,1.910447761,gf8,gf8,false,false,80,646,500,1333,727,7,40,80,141,0,3866,0.620020693
leopard2-c0-v2,systematic_encode,per_payload_byte,127,7,legacy_high_v1,direct_matrix_exact,new_exact_profile,exact_dense_generator_arithmetic,8,7,256,134,134,122,121,1,1.910447761,gf8,gf8,false,false,0,882,889,889,7,1,0,1,0,0,3556,0.674071991
leopard2-c0-v2,systematic_encode,per_payload_byte,127,7,legacy_high_v1,subproduct_tree_exact,new_exact_profile,asymptotic_generic_polynomial_proxy,8,7,256,134,134,122,121,1,1.910447761,gf8,gf8,false,false,25728,25728,25728,51456,25728,536,8,24,0,0,154400,0.015524611
leopard2-c0-v2,systematic_encode,per_payload_byte,127,7,low_v1,padded_dyadic_parent,parent_preserving,exact_structural_radix2_dag,128,128,256,256,134,122,1,121,1.910447761,gf8,gf8,false,false,896,1792,896,2054,2055,256,0,14,262,1,7693,1.0
leopard2-c0-v2,systematic_encode,per_payload_byte,127,7,low_v1,prefix_pruned_parent,parent_preserving,exact_structural_radix2_dag,128,128,256,256,134,122,1,121,1.910447761,gf8,gf8,false,false,896,1792,896,2054,2054,256,1,14,262,0,7696,0.999610187
leopard2-c0-v2,systematic_encode,per_payload_byte,127,7,low_v1,dependency_pruned_parent,parent_preserving,exact_structural_radix2_dag,128,128,256,256,134,122,1,121,1.910447761,gf8,gf8,false,false,745,1490,745,1752,1752,256,2,14,262,0,6492,1.184996919
leopard2-c0-v2,systematic_encode,per_payload_byte,127,7,low_v1,recursive_truncated_parent,parent_preserving,exact_arithmetic_lower_bound_scratch,128,128,256,256,134,122,1,121,1.910447761,gf8,gf8,false,false,745,1490,745,1752,1752,128,14,14,262,0,6540,1.176299694
leopard2-c0-v2,systematic_encode,per_payload_byte,127,7,low_v1,binary_dyadic_exact,new_exact_profile,heuristic_optimistic_cross_block,128,127,256,134,134,122,1,121,1.910447761,gf8,gf8,false,false,642,2808,2166,4593,3069,127,12,54,261,0,14850,0.518047138
leopard2-c0-v2,systematic_encode,per_payload_byte,127,7,low_v1,full_block_tail_exact,new_exact_profile,heuristic_conservative_dense_join,128,127,256,134,134,122,1,121,1.910447761,gf8,gf8,false,false,384,16644,16386,32907,9219,127,4,16,261,0,91558,0.084023242
leopard2-c0-v2,systematic_encode,per_payload_byte,127,7,low_v1,direct_matrix_exact,new_exact_profile,exact_dense_generator_arithmetic,128,127,256,134,134,122,1,121,1.910447761,gf8,gf8,false,false,0,882,889,889,7,1,0,1,0,0,3556,2.163385827
leopard2-c0-v2,systematic_encode,per_payload_byte,127,7,low_v1,subproduct_tree_exact,new_exact_profile,asymptotic_generic_polynomial_proxy,128,127,256,134,134,122,1,121,1.910447761,gf8,gf8,false,false,25728,25728,25728,51456,25728,536,8,24,0,0,154400,0.04982513
leopard2-c0-v2,systematic_encode,per_payload_byte,127,9,legacy_high_v1,padded_dyadic_parent,parent_preserving,exact_structural_radix2_dag,16,16,256,256,136,120,113,7,1.882352941,gf8,gf8,false,false,288,688,288,952,841,32,0,36,152,1,3057,1.0
leopard2-c0-v2,systematic_encode,per_payload_byte,127,9,legacy_high_v1,prefix_pruned_parent,parent_preserving,exact_structural_radix2_dag,16,16,256,256,136,120,113,7,1.882352941,gf8,gf8,false,false,288,688,288,952,840,32,1,36,152,0,3060,0.999019608
leopard2-c0-v2,systematic_encode,per_payload_byte,127,9,legacy_high_v1,dependency_pruned_parent,parent_preserving,exact_structural_radix2_dag,16,16,256,256,136,120,113,7,1.882352941,gf8,gf8,false,false,288,688,288,952,840,32,2,36,152,0,3064,0.997715405
leopard2-c0-v2,systematic_encode,per_payload_byte,127,9,legacy_high_v1,recursive_truncated_parent,parent_preserving,exact_arithmetic_lower_bound_scratch,16,16,256,256,136,120,113,7,1.882352941,gf8,gf8,false,false,288,688,288,952,840,16,8,36,152,0,3088,0.98996114
leopard2-c0-v2,systematic_encode,per_payload_byte,127,9,legacy_high_v1,binary_dyadic_exact,new_exact_profile,heuristic_optimistic_cross_block,16,9,256,136,136,120,113,7,1.882352941,gf8,gf8,false,false,192,654,336,1069,799,9,16,64,145,0,3258,0.938305709
leopard2-c0-v2,systematic_encode,per_payload_byte,127,9,legacy_high_v1,full_block_tail_exact,new_exact_profile,heuristic_conservative_dense_join,16,9,256,136,136,120,113,7,1.882352941,gf8,gf8,false,false,192,638,336,1053,799,9,32,80,145,0,3290,0.929179331
leopard2-c0-v2,systematic_encode,per_payload_byte,127,9,legacy_high_v1,direct_matrix_exact,new_exact_profile,exact_dense_generator_arithmetic,16,9,256,136,136,120,113,7,1.882352941,gf8,gf8,false,false,0,1134,1143,1143,9,1,0,1,0,0,4572,0.668635171
leopard2-c0-v2,systematic_encode,per_payload_byte,127,9,legacy_high_v1,subproduct_tree_exact,new_exact_profile,asymptotic_generic_polynomial_proxy,16,9,256,136,136,120,113,7,1.882352941,gf8,gf8,false,false,26112,26112,26112,52224,26112,544,8,24,0,0,156704,0.019508117
leopard2-c0-v2,systematic_encode,per_payload_byte,127,9,low_v1,padded_dyadic_parent,parent_preserving,exact_structural_radix2_dag,128,128,256,256,136,120,1,119,1.882352941,gf8,gf8,false,false,896,1792,896,2056,2057,256,0,14,264,1,7697,1.0
leopard2-c0-v2,systematic_encode,per_payload_byte,127,9,low_v1,prefix_pruned_parent,parent_preserving,exact_structural_radix2_dag,128,128,256,256,136,120,1,119,1.882352941,gf8,gf8,false,false,896,1792,896,2056,2056,256,1,14,264,0,7700,0.99961039
leopard2-c0-v2,systematic_encode,per_payload_byte,127,9,low_v1,dependency_pruned_parent,parent_preserving,exact_structural_radix2_dag,128,128,256,256,136,120,1,119,1.882352941,gf8,gf8,false,false,767,1534,767,1798,1798,256,2,14,264,0,6672,1.153627098
leopard2-c0-v2,systematic_encode,per_payload_byte,127,9,low_v1,recursive_truncated_parent,parent_preserving,exact_arithmetic_lower_bound_scratch,128,128,256,256,136,120,1,119,1.882352941,gf8,gf8,false,false,767,1534,767,1798,1798,128,14,14,264,0,6720,1.145386905
leopard2-c0-v2,systematic_encode,per_payload_byte,127,9,low_v1,binary_dyadic_exact,new_exact_profile,heuristic_optimistic_cross_block,128,127,256,136,136,120,1,119,1.882352941,gf8,gf8,false,false,642,2808,2166,4595,3071,127,12,54,263,0,14854,0.518176922
leopard2-c0-v2,systematic_encode,per_payload_byte,127,9,low_v1,full_block_tail_exact,new_exact_profile,heuristic_conservative_dense_join,128,127,256,136,136,120,1,119,1.882352941,gf8,gf8,false,false,384,16644,16386,32909,9221,127,4,16,263,0,91562,0.084063258
leopard2-c0-v2,systematic_encode,per_payload_byte,127,9,low_v1,direct_matrix_exact,new_exact_profile,exact_dense_generator_arithmetic,128,127,256,136,136,120,1,119,1.882352941,gf8,gf8,false,false,0,1134,1143,1143,9,1,0,1,0,0,4572,1.683508311
leopard2-c0-v2,systematic_encode,per_payload_byte,127,9,low_v1,subproduct_tree_exact,new_exact_profile,asymptotic_generic_polynomial_proxy,128,127,256,136,136,120,1,119,1.882352941,gf8,gf8,false,false,26112,26112,26112,52224,26112,544,8,24,0,0,156704,0.049118082
leopard2-c0-v2,systematic_encode,per_payload_byte,127,15,legacy_high_v1,padded_dyadic_parent,parent_preserving,exact_structural_radix2_dag,16,16,256,256,142,114,113,1,1.802816901,gf8,gf8,false,false,288,688,288,958,847,32,0,36,158,1,3069,1.0
leopard2-c0-v2,systematic_encode,per_payload_byte,127,15,legacy_high_v1,prefix_pruned_parent,parent_preserving,exact_structural_radix2_dag,16,16,256,256,142,114,113,1,1.802816901,gf8,gf8,false,false,288,688,288,958,846,32,1,36,158,0,3072,0.999023438
leopard2-c0-v2,systematic_encode,per_payload_byte,127,15,legacy_high_v1,dependency_pruned_parent,parent_preserving,exact_structural_radix2_dag,16,16,256,256,142,114,113,1,1.802816901,gf8,gf8,false,false,288,688,288,958,846,32,2,36,158,0,3076,0.997724317
leopard2-c0-v2,systematic_encode,per_payload_byte,127,15,legacy_high_v1,recursive_truncated_parent,parent_preserving,exact_arithmetic_lower_bound_scratch,16,16,256,256,142,114,113,1,1.802816901,gf8,gf8,false,false,288,688,288,958,846,16,8,36,158,0,3100,0.99
leopard2-c0-v2,systematic_encode,per_payload_byte,127,15,legacy_high_v1,binary_dyadic_exact,new_exact_profile,heuristic_optimistic_cross_block,16,15,256,142,142,114,113,1,1.802816901,gf8,gf8,false,false,170,910,620,1637,1067,15,30,90,157,0,4974,0.617008444
leopard2-c0-v2,systematic_encode,per_payload_byte,127,15,legacy_high_v1,full_block_tail_exact,new_exact_profile,heuristic_conservative_dense_join,16,15,256,142,142,114,113,1,1.802816901,gf8,gf8,false,false,120,1340,1170,2667,1147,15,20,50,157,0,7574,0.405202007
leopard2-c0-v2,systematic_encode,per_payload_byte,127,15,legacy_high_v1,direct_matrix_exact,new_exact_profile,exact_dense_generator_arithmetic,16,15,256,142,142,114,113,1,1.802816901,gf8,gf8,false,false,0,1890,1905,1905,15,1,0,1,0,0,7620,0.402755906
leopard2-c0-v2,systematic_encode,per_payload_byte,127,15,legacy_high_v1,subproduct_tree_exact,new_exact_profile,asymptotic_generic_polynomial_proxy,16,15,256,142,142,114,113,1,1.802816901,gf8,gf8,false,false,27264,27264,27264,54528,27264,568,8,24,0,0,163616,0.018757334
leopard2-c0-v2,systematic_encode,per_payload_byte,127,15,low_v1,padded_dyadic_parent,parent_preserving,exact_structural_radix2_dag,128,128,256,256,142,114,1,113,1.802816901,gf8,gf8,false,false,896,1792,896,2062,2063,256,0,14,270,1,7709,1.0
leopard2-c0-v2,systematic_encode,per_payload_byte,127,15,low_v1,prefix_pruned_parent,parent_preserving,exact_structural_radix2_dag,128,128,256,256,142,114,1,113,1.802816901,gf8,gf8,false,false,896,1792,896,2062,2062,256,1,14,270,0,7712,0.999610996
leopard2-c0-v2,systematic_encode,per_payload_byte,127,15,low_v1,dependency_pruned_parent,parent_preserving,exact_structural_radix2_dag,128,128,256,256,142,114,1,113,1.802816901,gf8,gf8,false,false,809,1618,809,1888,1888,256,2,14,270,0,7020,1.098148148
leopard2-c0-v2,systematic_encode,per_payload_byte,127,15,low_v1,recursive_truncated_parent,parent_preserving,exact_arithmetic_lower_bound_scratch,128,128,256,256,142,114,1,113,1.802816901,gf8,gf8,false,false,809,1618,809,1888,1888,128,14,14,270,0,7068,1.090690436
leopard2-c0-v2,systematic_encode,per_payload_byte,127,15,low_v1,binary_dyadic_exact,new_exact_profile,heuristic_optimistic_cross_block,128,127,256,142,142,114,1,113,1.802816901,gf8,gf8,false,false,642,2808,2166,4601,3077,127,12,54,269,0,14866,0.518565855
leopard2-c0-v2,systematic_encode,per_payload_byte,127,15,low_v1,full_block_tail_exact,new_exact_profile,heuristic_conservative_dense_join,128,127,256,142,142,114,1,113,1.802816901,gf8,gf8,false,false,384,16644,16386,32915,9227,127,4,16,269,0,91574,0.084183283
leopard2-c0-v2,systematic_encode,per_payload_byte,127,15,low_v1,direct_matrix_exact,new_exact_profile,exact_dense_generator_arithmetic,128,127,256,142,142,114,1,113,1.802816901,gf8,gf8,false,false,0,1890,1905,1905,15,1,0,1,0,0,7620,1.01167979
leopard2-c0-v2,systematic_encode,per_payload_byte,127,15,low_v1,subproduct_tree_exact,new_exact_profile,asymptotic_generic_polynomial_proxy,128,127,256,142,142,114,1,113,1.802816901,gf8,gf8,false,false,27264,27264,27264,54528,27264,568,8,24,0,0,163616,0.047116419
leopard2-c0-v2,systematic_encode,per_payload_byte,127,17,legacy_high_v1,padded_dyadic_parent,parent_preserving,exact_structural_radix2_dag,32,32,256,256,144,112,97,15,1.777777778,gf8,gf8,false,false,400,896,400,1168,1073,64,0,25,176,1,3937,1.0
leopard2-c0-v2,systematic_encode,per_payload_byte,127,17,legacy_high_v1,prefix_pruned_parent,parent_preserving,exact_structural_radix2_dag,32,32,256,256,144,112,97,15,1.777777778,gf8,gf8,false,false,400,896,400,1168,1072,64,1,25,176,0,3940,0.999238579
leopard2-c0-v2,systematic_encode,per_payload_byte,127,17,legacy_high_v1,dependency_pruned_parent,parent_preserving,exact_structural_radix2_dag,32,32,256,256,144,112,97,15,1.777777778,gf8,gf8,false,false,400,896,400,1168,1072,64,2,25,176,0,3944,0.998225152
leopard2-c0-v2,systematic_encode,per_payload_byte,127,17,legacy_high_v1,recursive_truncated_parent,parent_preserving,exact_arithmetic_lower_bound_scratch,32,32,256,256,144,112,97,15,1.777777778,gf8,gf8,false,false,400,896,400,1168,1072,32,10,25,176,0,3976,0.990191147
leopard2-c0-v2,systematic_encode,per_payload_byte,127,17,legacy_high_v1,binary_dyadic_exact,new_exact_profile,heuristic_optimistic_cross_block,32,17,256,144,144,112,97,15,1.777777778,gf8,gf8,false,false,288,848,441,1281,1009,17,9,45,161,0,4056,0.97066075
leopard2-c0-v2,systematic_encode,per_payload_byte,127,17,legacy_high_v1,full_block_tail_exact,new_exact_profile,heuristic_conservative_dense_join,32,17,256,144,144,112,97,15,1.777777778,gf8,gf8,false,false,288,839,441,1272,1009,17,18,54,161,0,4074,0.966372116
leopard2-c0-v2,systematic_encode,per_payload_byte,127,17,legacy_high_v1,direct_matrix_exact,new_exact_profile,exact_dense_generator_arithmetic,32,17,256,144,144,112,97,15,1.777777778,gf8,gf8,false,false,0,2142,2159,2159,17,1,0,1,0,0,8636,0.455882353
leopard2-c0-v2,systematic_encode,per_payload_byte,127,17,legacy_high_v1,subproduct_tree_exact,new_exact_profile,asymptotic_generic_polynomial_proxy,32,17,256,144,144,112,97,15,1.777777778,gf8,gf8,false,false,27648,27648,27648,55296,27648,576,8,24,0,0,165920,0.023728303
leopard2-c0-v2,systematic_encode,per_payload_byte,127,17,low_v1,padded_dyadic_parent,parent_preserving,exact_structural_radix2_dag,128,128,256,256,144,112,1,111,1.777777778,gf8,gf8,false,false,896,1792,896,2064,2065,256,0,14,272,1,7713,1.0
leopard2-c0-v2,systematic_encode,per_payload_byte,127,17,low_v1,prefix_pruned_parent,parent_preserving,exact_structural_radix2_dag,128,128,256,256,144,112,1,111,1.777777778,gf8,gf8,false,false,896,1792,896,2064,2064,256,1,14,272,0,7716,0.999611198
leopard2-c0-v2,systematic_encode,per_payload_byte,127,17,low_v1,dependency_pruned_parent,parent_preserving,exact_structural_radix2_dag,128,128,256,256,144,112,1,111,1.777777778,gf8,gf8,false,false,819,1638,819,1910,1910,256,2,14,272,0,7104,1.085726351
leopard2-c0-v2,systematic_encode,per_payload_byte,127,17,low_v1,recursive_truncated_parent,parent_preserving,exact_arithmetic_lower_bound_scratch,128,128,256,256,144,112,1,111,1.777777778,gf8,gf8,false,false,819,1638,819,1910,1910,128,14,14,272,0,7152,1.078439597
leopard2-c0-v2,systematic_encode,per_payload_byte,127,17,low_v1,binary_dyadic_exact,new_exact_profile,heuristic_optimistic_cross_block,128,127,256,144,144,112,1,111,1.777777778,gf8,gf8,false,false,642,2808,2166,4603,3079,127,12,54,271,0,14870,0.51869536
leopard2-c0-v2,systematic_encode,per_payload_byte,127,17,low_v1,full_block_tail_exact,new_exact_profile,heuristic_conservative_dense_join,128,127,256,144,144,112,1,111,1.777777778,gf8,gf8,false,false,384,16644,16386,32917,9229,127,4,16,271,0,91578,0.084223285
leopard2-c0-v2,systematic_encode,per_payload_byte,127,17,low_v1,direct_matrix_exact,new_exact_profile,exact_dense_generator_arithmetic,128,127,256,144,144,112,1,111,1.777777778,gf8,gf8,false,false,0,2142,2159,2159,17,1,0,1,0,0,8636,0.893121816
leopard2-c0-v2,systematic_encode,per_payload_byte,127,17,low_v1,subproduct_tree_exact,new_exact_profile,asymptotic_generic_polynomial_proxy,128,127,256,144,144,112,1,111,1.777777778,gf8,gf8,false,false,27648,27648,27648,55296,27648,576,8,24,0,0,165920,0.046486258
leopard2-c0-v2,systematic_encode,per_payload_byte,127,31,legacy_high_v1,padded_dyadic_parent,parent_preserving,exact_structural_radix2_dag,32,32,256,256,158,98,97,1,1.620253165,gf8,gf8,false,false,400,896,400,1182,1087,64,0,25,190,1,3965,1.0
leopard2-c0-v2,systematic_encode,per_payload_byte,127,31,legacy_high_v1,prefix_pruned_parent,parent_preserving,exact_structural_radix2_dag,32,32,256,256,158,98,97,1,1.620253165,gf8,gf8,false,false,400,896,400,1182,1086,64,1,25,190,0,3968,0.999243952
leopard2-c0-v2,systematic_encode,per_payload_byte,127,31,legacy_high_v1,dependency_pruned_parent,parent_preserving,exact_structural_radix2_dag,32,32,256,256,158,98,97,1,1.620253165,gf8,gf8,false,false,400,896,400,1182,1086,64,2,25,190,0,3972,0.998237664
leopard2-c0-v2,systematic_encode,per_payload_byte,127,31,legacy_high_v1,recursive_truncated_parent,parent_preserving,exact_arithmetic_lower_bound_scratch,32,32,256,256,158,98,97,1,1.620253165,gf8,gf8,false,false,400,896,400,1182,1086,32,10,25,190,0,4004,0.99025974
leopard2-c0-v2,systematic_encode,per_payload_byte,127,31,legacy_high_v1,binary_dyadic_exact,new_exact_profile,heuristic_optimistic_cross_block,32,31,256,158,158,98,97,1,1.620253165,gf8,gf8,false,false,294,1456,1038,2513,1645,31,24,84,189,0,7786,0.509247367
leopard2-c0-v2,systematic_encode,per_payload_byte,127,31,legacy_high_v1,full_block_tail_exact,new_exact_profile,heuristic_conservative_dense_join,32,31,256,158,158,98,97,1,1.620253165,gf8,gf8,false,false,192,3208,2982,6311,2227,31,12,36,189,0,17758,0.223279649
leopard2-c0-v2,systematic_encode,per_payload_byte,127,31,legacy_high_v1,direct_matrix_exact,new_exact_profile,exact_dense_generator_arithmetic,32,31,256,158,158,98,97,1,1.620253165,gf8,gf8,false,false,0,3906,3937,3937,31,1,0,1,0,0,15748,0.251778004
leopard2-c0-v2,systematic_encode,per_payload_byte,127,31,legacy_high_v1,subproduct_tree_exact,new_exact_profile,asymptotic_generic_polynomial_proxy,32,31,256,158,158,98,97,1,1.620253165,gf8,gf8,false,false,30336,30336,30336,60672,30336,632,8,24,0,0,182048,0.02177997
leopard2-c0-v2,systematic_encode,per_payload_byte,127,31,low_v1,padded_dyadic_parent,parent_preserving,exact_structural_radix2_dag,128,128,256,256,158,98,1,97,1.620253165,gf8,gf8,false,false,896,1792,896,2078,2079,256,0,14,286,1,7741,1.0
leopard2-c0-v2,systematic_encode,per_payload_byte,127,31,low_v1,prefix_pruned_parent,parent_preserving,exact_structural_radix2_dag,128,128,256,256,158,98,1,97,1.620253165,gf8,gf8,false,false,896,1792,896,2078,2078,256,1,14,286,0,7744,0.999612603
leopard2-c0-v2,systematic_encode,per_payload_byte,127,31,low_v1,dependency_pruned_parent,parent_preserving,exact_structural_radix2_dag,128,128,256,256,158,98,1,97,1.620253165,gf8,gf8,false,false,861,1722,861,2008,2008,256,2,14,286,0,7468,1.036555972
leopard2-c0-v2,systematic_encode,per_payload_byte,127,31,low_v1,recursive_truncated_parent,parent_preserving,exact_arithmetic_lower_bound_scratch,128,128,256,256,158,98,1,97,1.620253165,gf8,gf8,false,false,861,1722,861,2008,2008,128,14,14,286,0,7516,1.029936136
leopard2-c0-v2,systematic_encode,per_payload_byte,127,31,low_v1,binary_dyadic_exact,new_exact_profile,heuristic_optimistic_cross_block,128,127,256,158,158,98,1,97,1.620253165,gf8,gf8,false,false,642,2808,2166,4617,3093,127,12,54,285,0,14898,0.519599946
leopard2-c0-v2,systematic_encode,per_payload_byte,127,31,low_v1,full_block_tail_exact,new_exact_profile,heuristic_conservative_dense_join,128,127,256,158,158,98,1,97,1.620253165,gf8,gf8,false,false,384,16644,16386,32931,9243,127,4,16,285,0,91606,0.084503198
leopard2-c0-v2,systematic_encode,per_payload_byte,127,31,low_v1,direct_matrix_exact,new_exact_profile,exact_dense_generator_arithmetic,128,127,256,158,158,98,1,97,1.620253165,gf8,gf8,false,false,0,3906,3937,3937,31,1,0,1,0,0,15748,0.491554483
leopard2-c0-v2,systematic_encode,per_payload_byte,127,31,low_v1,subproduct_tree_exact,new_exact_profile,asymptotic_generic_polynomial_proxy,128,127,256,158,158,98,1,97,1.620253165,gf8,gf8,false,false,30336,30336,30336,60672,30336,632,8,24,0,0,182048,0.042521753
leopard2-c0-v2,systematic_encode,per_payload_byte,127,33,legacy_high_v1,padded_dyadic_parent,parent_preserving,exact_structural_radix2_dag,64,64,256,256,160,96,65,31,1.6,gf8,gf8,false,false,576,1216,576,1504,1441,128,0,18,224,1,5313,1.0
leopard2-c0-v2,systematic_encode,per_payload_byte,127,33,legacy_high_v1,prefix_pruned_parent,parent_preserving,exact_structural_radix2_dag,64,64,256,256,160,96,65,31,1.6,gf8,gf8,false,false,576,1216,576,1504,1440,128,1,18,224,0,5316,0.999435666
leopard2-c0-v2,systematic_encode,per_payload_byte,127,33,legacy_high_v1,dependency_pruned_parent,parent_preserving,exact_structural_radix2_dag,64,64,256,256,160,96,65,31,1.6,gf8,gf8,false,false,576,1216,576,1504,1440,128,2,18,224,0,5320,0.998684211
leopard2-c0-v2,systematic_encode,per_payload_byte,127,33,legacy_high_v1,recursive_truncated_parent,parent_preserving,exact_arithmetic_lower_bound_scratch,64,64,256,256,160,96,65,31,1.6,gf8,gf8,false,false,576,1216,576,1504,1440,64,12,18,224,0,5360,0.991231343
leopard2-c0-v2,systematic_encode,per_payload_byte,127,33,legacy_high_v1,binary_dyadic_exact,new_exact_profile,heuristic_optimistic_cross_block,64,33,256,160,160,96,65,31,1.6,gf8,gf8,false,false,400,1064,565,1521,1257,33,5,30,193,0,4992,1.064302885
leopard2-c0-v2,systematic_encode,per_payload_byte,127,33,legacy_high_v1,full_block_tail_exact,new_exact_profile,heuristic_conservative_dense_join,64,33,256,160,160,96,65,31,1.6,gf8,gf8,false,false,400,1059,565,1516,1257,33,10,35,193,0,5002,1.06217513
leopard2-c0-v2,systematic_encode,per_payload_byte,127,33,legacy_high_v1,direct_matrix_exact,new_exact_profile,exact_dense_generator_arithmetic,64,33,256,160,160,96,65,31,1.6,gf8,gf8,false,false,0,4158,4191,4191,33,1,0,1,0,0,16764,0.316929134
leopard2-c0-v2,systematic_encode,per_payload_byte,127,33,legacy_high_v1,subproduct_tree_exact,new_exact_profile,asymptotic_generic_polynomial_proxy,64,33,256,160,160,96,65,31,1.6,gf8,gf8,false,false,30720,30720,30720,61440,30720,640,8,24,0,0,184352,0.028819866
leopard2-c0-v2,systematic_encode,per_payload_byte,127,33,low_v1,padded_dyadic_parent,parent_preserving,exact_structural_radix2_dag,128,128,256,256,160,96,1,95,1.6,gf8,gf8,false,false,896,1792,896,2080,2081,256,0,14,288,1,7745,1.0
leopard2-c0-v2,systematic_encode,per_payload_byte,127,33,low_v1,prefix_pruned_parent,parent_preserving,exact_structural_radix2_dag,128,128,256,256,160,96,1,95,1.6,gf8,gf8,false,false,896,1792,896,2080,2080,256,1,14,288,0,7748,0.999612803
leopard2-c0-v2,systematic_encode,per_payload_byte,127,33,low_v1,dependency_pruned_parent,parent_preserving,exact_structural_radix2_dag,128,128,256,256,160,96,1,95,1.6,gf8,gf8,false,false,865,1730,865,2018,2018,256,2,14,288,0,7504,1.032116205
leopard2-c0-v2,systematic_encode,per_payload_byte,127,33,low_v1,recursive_truncated_parent,parent_preserving,exact_arithmetic_lower_bound_scratch,128,128,256,256,160,96,1,95,1.6,gf8,gf8,false,false,865,1730,865,2018,2018,128,14,14,288,0,7552,1.025556144
leopard2-c0-v2,systematic_encode,per_payload_byte,127,33,low_v1,binary_dyadic_exact,new_exact_profile,heuristic_optimistic_cross_block,128,127,256,160,160,96,1,95,1.6,gf8,gf8,false,false,642,2808,2166,4619,3095,127,12,54,287,0,14902,0.519728895
leopard2-c0-v2,systematic_encode,per_payload_byte,127,33,low_v1,full_block_tail_exact,new_exact_profile,heuristic_conservative_dense_join,128,127,256,160,160,96,1,95,1.6,gf8,gf8,false,false,384,16644,16386,32933,9245,127,4,16,287,0,91610,0.084543172
leopard2-c0-v2,systematic_encode,per_payload_byte,127,33,low_v1,direct_matrix_exact,new_exact_profile,exact_dense_generator_arithmetic,128,127,256,160,160,96,1,95,1.6,gf8,gf8,false,false,0,4158,4191,4191,33,1,0,1,0,0,16764,0.462001909
leopard2-c0-v2,systematic_encode,per_payload_byte,127,33,low_v1,subproduct_tree_exact,new_exact_profile,asymptotic_generic_polynomial_proxy,128,127,256,160,160,96,1,95,1.6,gf8,gf8,false,false,30720,30720,30720,61440,30720,640,8,24,0,0,184352,0.04201202
leopard2-c0-v2,systematic_encode,per_payload_byte,127,63,legacy_high_v1,padded_dyadic_parent,parent_preserving,exact_structural_radix2_dag,64,64,256,256,190,66,65,1,1.347368421,gf8,gf8,false,false,576,1216,576,1534,1471,128,0,18,254,1,5373,1.0
leopard2-c0-v2,systematic_encode,per_payload_byte,127,63,legacy_high_v1,prefix_pruned_parent,parent_preserving,exact_structural_radix2_dag,64,64,256,256,190,66,65,1,1.347368421,gf8,gf8,false,false,576,1216,576,1534,1470,128,1,18,254,0,5376,0.999441964
leopard2-c0-v2,systematic_encode,per_payload_byte,127,63,legacy_high_v1,dependency_pruned_parent,parent_preserving,exact_structural_radix2_dag,64,64,256,256,190,66,65,1,1.347368421,gf8,gf8,false,false,576,1216,576,1534,1470,128,2,18,254,0,5380,0.998698885
leopard2-c0-v2,systematic_encode,per_payload_byte,127,63,legacy_high_v1,recursive_truncated_parent,parent_preserving,exact_arithmetic_lower_bound_scratch,64,64,256,256,190,66,65,1,1.347368421,gf8,gf8,false,false,576,1216,576,1534,1470,64,12,18,254,0,5420,0.991328413
leopard2-c0-v2,systematic_encode,per_payload_byte,127,63,legacy_high_v1,binary_dyadic_exact,new_exact_profile,heuristic_optimistic_cross_block,64,63,256,190,190,66,65,1,1.347368421,gf8,gf8,false,false,516,2418,1776,4057,2671,63,20,80,253,0,12778,0.420488339
leopard2-c0-v2,systematic_encode,per_payload_byte,127,63,legacy_high_v1,full_block_tail_exact,new_exact_profile,heuristic_conservative_dense_join,64,63,256,190,190,66,65,1,1.347368421,gf8,gf8,false,false,320,8454,8132,16645,5111,63,8,28,253,0,46506,0.11553348
leopard2-c0-v2,systematic_encode,per_payload_byte,127,63,legacy_high_v1,direct_matrix_exact,new_exact_profile,exact_dense_generator_arithmetic,64,63,256,190,190,66,65,1,1.347368421,gf8,gf8,false,false,0,7938,8001,8001,63,1,0,1,0,0,32004,0.167885264
leopard2-c0-v2,systematic_encode,per_payload_byte,127,63,legacy_high_v1,subproduct_tree_exact,new_exact_profile,asymptotic_generic_polynomial_proxy,64,63,256,190,190,66,65,1,1.347368421,gf8,gf8,false,false,36480,36480,36480,72960,36480,760,8,24,0,0,218912,0.024544109
leopard2-c0-v2,systematic_encode,per_payload_byte,127,63,low_v1,padded_dyadic_parent,parent_preserving,exact_structural_radix2_dag,128,128,256,256,190,66,1,65,1.347368421,gf8,gf8,false,false,896,1792,896,2110,2111,256,0,14,318,1,7805,1.0
leopard2-c0-v2,systematic_encode,per_payload_byte,127,63,low_v1,prefix_pruned_parent,parent_preserving,exact_structural_radix2_dag,128,128,256,256,190,66,1,65,1.347368421,gf8,gf8,false,false,896,1792,896,2110,2110,256,1,14,318,0,7808,0.999615779
leopard2-c0-v2,systematic_encode,per_payload_byte,127,63,low_v1,dependency_pruned_parent,parent_preserving,exact_structural_radix2_dag,128,128,256,256,190,66,1,65,1.347368421,gf8,gf8,false,false,895,1790,895,2108,2108,256,2,14,318,0,7804,1.000128139
leopard2-c0-v2,systematic_encode,per_payload_byte,127,63,low_v1,recursive_truncated_parent,parent_preserving,exact_arithmetic_lower_bound_scratch,128,128,256,256,190,66,1,65,1.347368421,gf8,gf8,false,false,895,1790,895,2108,2108,128,14,14,318,0,7852,0.994014264
leopard2-c0-v2,systematic_encode,per_payload_byte,127,63,low_v1,binary_dyadic_exact,new_exact_profile,heuristic_optimistic_cross_block,128,127,256,190,190,66,1,65,1.347368421,gf8,gf8,false,false,642,2808,2166,4649,3125,127,12,54,317,0,14962,0.521654859
leopard2-c0-v2,systematic_encode,per_payload_byte,127,63,low_v1,full_block_tail_exact,new_exact_profile,heuristic_conservative_dense_join,128,127,256,190,190,66,1,65,1.347368421,gf8,gf8,false,false,384,16644,16386,32963,9275,127,4,16,317,0,91670,0.085142358
leopard2-c0-v2,systematic_encode,per_payload_byte,127,63,low_v1,direct_matrix_exact,new_exact_profile,exact_dense_generator_arithmetic,128,127,256,190,190,66,1,65,1.347368421,gf8,gf8,false,false,0,7938,8001,8001,63,1,0,1,0,0,32004,0.243875766
leopard2-c0-v2,systematic_encode,per_payload_byte,127,63,low_v1,subproduct_tree_exact,new_exact_profile,asymptotic_generic_polynomial_proxy,128,127,256,190,190,66,1,65,1.347368421,gf8,gf8,false,false,36480,36480,36480,72960,36480,760,8,24,0,0,218912,0.035653596
leopard2-c0-v2,systematic_encode,per_payload_byte,127,65,legacy_high_v1,padded_dyadic_parent,parent_preserving,exact_structural_radix2_dag,128,128,256,256,192,64,1,63,1.333333333,gf8,gf8,false,false,896,1792,896,2112,2113,256,0,14,320,1,7809,1.0
leopard2-c0-v2,systematic_encode,per_payload_byte,127,65,legacy_high_v1,prefix_pruned_parent,parent_preserving,exact_structural_radix2_dag,128,128,256,256,192,64,1,63,1.333333333,gf8,gf8,false,false,896,1792,896,2112,2112,256,1,14,320,0,7812,0.999615975
leopard2-c0-v2,systematic_encode,per_payload_byte,127,65,legacy_high_v1,dependency_pruned_parent,parent_preserving,exact_structural_radix2_dag,128,128,256,256,192,64,1,63,1.333333333,gf8,gf8,false,false,896,1792,896,2112,2112,256,2,14,320,0,7816,0.999104401
leopard2-c0-v2,systematic_encode,per_payload_byte,127,65,legacy_high_v1,recursive_truncated_parent,parent_preserving,exact_arithmetic_lower_bound_scratch,128,128,256,256,192,64,1,63,1.333333333,gf8,gf8,false,false,896,1792,896,2112,2112,128,14,14,320,0,7864,0.993006104
leopard2-c0-v2,systematic_encode,per_payload_byte,127,65,legacy_high_v1,binary_dyadic_exact,new_exact_profile,heuristic_optimistic_cross_block,128,65,256,192,192,64,1,63,1.333333333,gf8,gf8,false,false,576,1412,771,1929,1669,65,3,21,257,0,6564,1.189670932
leopard2-c0-v2,systematic_encode,per_payload_byte,127,65,legacy_high_v1,full_block_tail_exact,new_exact_profile,heuristic_conservative_dense_join,128,65,256,192,192,64,1,63,1.333333333,gf8,gf8,false,false,576,1409,771,1926,1669,65,6,24,257,0,6570,1.188584475
leopard2-c0-v2,systematic_encode,per_payload_byte,127,65,legacy_high_v1,direct_matrix_exact,new_exact_profile,exact_dense_generator_arithmetic,128,65,256,192,192,64,1,63,1.333333333,gf8,gf8,false,false,0,8190,8255,8255,65,1,0,1,0,0,33020,0.236493035
leopard2-c0-v2,systematic_encode,per_payload_byte,127,65,legacy_high_v1,subproduct_tree_exact,new_exact_profile,asymptotic_generic_polynomial_proxy,128,65,256,192,192,64,1,63,1.333333333,gf8,gf8,false,false,36864,36864,36864,73728,36864,768,8,24,0,0,221216,0.03530034
leopard2-c0-v2,systematic_encode,per_payload_byte,127,65,low_v1,padded_dyadic_parent,parent_preserving,exact_structural_radix2_dag,128,128,256,256,192,64,1,63,1.333333333,gf8,gf8,false,false,896,1792,896,2112,2113,256,0,14,320,1,7809,1.0
leopard2-c0-v2,systematic_encode,per_payload_byte,127,65,low_v1,prefix_pruned_parent,parent_preserving,exact_structural_radix2_dag,128,128,256,256,192,64,1,63,1.333333333,gf8,gf8,false,false,896,1792,896,2112,2112,256,1,14,320,0,7812,0.999615975
leopard2-c0-v2,systematic_encode,per_payload_byte,127,65,low_v1,dependency_pruned_parent,parent_preserving,exact_structural_radix2_dag,128,128,256,256,192,64,1,63,1.333333333,gf8,gf8,false,false,896,1792,896,2112,2112,256,2,14,320,0,7816,0.999104401
leopard2-c0-v2,systematic_encode,per_payload_byte,127,65,low_v1,recursive_truncated_parent,parent_preserving,exact_arithmetic_lower_bound_scratch,128,128,256,256,192,64,1,63,1.333333333,gf8,gf8,false,false,896,1792,896,2112,2112,128,14,14,320,0,7864,0.993006104
leopard2-c0-v2,systematic_encode,per_payload_byte,127,65,low_v1,binary_dyadic_exact,new_exact_profile,heuristic_optimistic_cross_block,128,127,256,192,192,64,1,63,1.333333333,gf8,gf8,false,false,642,2808,2166,4651,3127,127,12,54,319,0,14966,0.521782707
leopard2-c0-v2,systematic_encode,per_payload_byte,127,65,low_v1,full_block_tail_exact,new_exact_profile,heuristic_conservative_dense_join,128,127,256,192,192,64,1,63,1.333333333,gf8,gf8,false,false,384,16644,16386,32965,9277,127,4,16,319,0,91674,0.085182276
leopard2-c0-v2,systematic_encode,per_payload_byte,127,65,low_v1,direct_matrix_exact,new_exact_profile,exact_dense_generator_arithmetic,128,127,256,192,192,64,1,63,1.333333333,gf8,gf8,false,false,0,8190,8255,8255,65,1,0,1,0,0,33020,0.236493035
leopard2-c0-v2,systematic_encode,per_payload_byte,127,65,low_v1,subproduct_tree_exact,new_exact_profile,asymptotic_generic_polynomial_proxy,128,127,256,192,192,64,1,63,1.333333333,gf8,gf8,false,false,36864,36864,36864,73728,36864,768,8,24,0,0,221216,0.03530034
leopard2-c0-v2,systematic_encode,per_payload_byte,127,127,legacy_high_v1,padded_dyadic_parent,parent_preserving,exact_structural_radix2_dag,128,128,256,256,254,2,1,1,1.007874016,gf8,gf8,false,false,896,1792,896,2174,2175,256,0,14,382,1,7933,1.0
leopard2-c0-v2,systematic_encode,per_payload_byte,127,127,legacy_high_v1,prefix_pruned_parent,parent_preserving,exact_structural_radix2_dag,128,128,256,256,254,2,1,1,1.007874016,gf8,gf8,false,false,896,1792,896,2174,2174,256,1,14,382,0,7936,0.999621976
leopard2-c0-v2,systematic_encode,per_payload_byte,127,127,legacy_high_v1,dependency_pruned_parent,parent_preserving,exact_structural_radix2_dag,128,128,256,256,254,2,1,1,1.007874016,gf8,gf8,false,false,896,1792,896,2174,2174,256,2,14,382,0,7940,0.999118388
leopard2-c0-v2,systematic_encode,per_payload_byte,127,127,legacy_high_v1,recursive_truncated_parent,parent_preserving,exact_arithmetic_lower_bound_scratch,128,128,256,256,254,2,1,1,1.007874016,gf8,gf8,false,false,896,1792,896,2174,2174,128,14,14,382,0,7988,0.993114672
leopard2-c0-v2,systematic_encode,per_payload_byte,127,127,legacy_high_v1,binary_dyadic_exact,new_exact_profile,heuristic_optimistic_cross_block,128,127,256,254,254,2,1,1,1.007874016,gf8,gf8,false,false,642,2808,2166,4713,3189,127,12,54,381,0,15090,0.525712392
leopard2-c0-v2,systematic_encode,per_payload_byte,127,127,legacy_high_v1,full_block_tail_exact,new_exact_profile,heuristic_conservative_dense_join,128,127,256,254,254,2,1,1,1.007874016,gf8,gf8,false,false,384,16644,16386,33027,9339,127,4,16,381,0,91798,0.086418005
leopard2-c0-v2,systematic_encode,per_payload_byte,127,127,legacy_high_v1,direct_matrix_exact,new_exact_profile,exact_dense_generator_arithmetic,128,127,256,254,254,2,1,1,1.007874016,gf8,gf8,false,false,0,16002,16129,16129,127,1,0,1,0,0,64516,0.122961746
leopard2-c0-v2,systematic_encode,per_payload_byte,127,127,legacy_high_v1,subproduct_tree_exact,new_exact_profile,asymptotic_generic_polynomial_proxy,128,127,256,254,254,2,1,1,1.007874016,gf8,gf8,false,false,48768,48768,48768,97536,48768,1016,8,24,0,0,292640,0.027108393
leopard2-c0-v2,systematic_encode,per_payload_byte,127,127,low_v1,padded_dyadic_parent,parent_preserving,exact_structural_radix2_dag,128,128,256,256,254,2,1,1,1.007874016,gf8,gf8,false,false,896,1792,896,2174,2175,256,0,14,382,1,7933,1.0
leopard2-c0-v2,systematic_encode,per_payload_byte,127,127,low_v1,prefix_pruned_parent,parent_preserving,exact_structural_radix2_dag,128,128,256,256,254,2,1,1,1.007874016,gf8,gf8,false,false,896,1792,896,2174,2174,256,1,14,382,0,7936,0.999621976
leopard2-c0-v2,systematic_encode,per_payload_byte,127,127,low_v1,dependency_pruned_parent,parent_preserving,exact_structural_radix2_dag,128,128,256,256,254,2,1,1,1.007874016,gf8,gf8,false,false,896,1792,896,2174,2174,256,2,14,382,0,7940,0.999118388
leopard2-c0-v2,systematic_encode,per_payload_byte,127,127,low_v1,recursive_truncated_parent,parent_preserving,exact_arithmetic_lower_bound_scratch,128,128,256,256,254,2,1,1,1.007874016,gf8,gf8,false,false,896,1792,896,2174,2174,128,14,14,382,0,7988,0.993114672
leopard2-c0-v2,systematic_encode,per_payload_byte,127,127,low_v1,binary_dyadic_exact,new_exact_profile,heuristic_optimistic_cross_block,128,127,256,254,254,2,1,1,1.007874016,gf8,gf8,false,false,642,2808,2166,4713,3189,127,12,54,381,0,15090,0.525712392
leopard2-c0-v2,systematic_encode,per_payload_byte,127,127,low_v1,full_block_tail_exact,new_exact_profile,heuristic_conservative_dense_join,128,127,256,254,254,2,1,1,1.007874016,gf8,gf8,false,false,384,16644,16386,33027,9339,127,4,16,381,0,91798,0.086418005
leopard2-c0-v2,systematic_encode,per_payload_byte,127,127,low_v1,direct_matrix_exact,new_exact_profile,exact_dense_generator_arithmetic,128,127,256,254,254,2,1,1,1.007874016,gf8,gf8,false,false,0,16002,16129,16129,127,1,0,1,0,0,64516,0.122961746
leopard2-c0-v2,systematic_encode,per_payload_byte,127,127,low_v1,subproduct_tree_exact,new_exact_profile,asymptotic_generic_polynomial_proxy,128,127,256,254,254,2,1,1,1.007874016,gf8,gf8,false,false,48768,48768,48768,97536,48768,1016,8,24,0,0,292640,0.027108393
leopard2-c0-v2,systematic_encode,per_payload_byte,127,129,legacy_high_v1,padded_dyadic_parent,parent_preserving,exact_structural_radix2_dag,256,256,512,512,256,256,129,127,2.0,gf16,gf16,true,false,2048,4096,2048,4608,4737,512,0,16,512,129,17537,1.0
leopard2-c0-v2,systematic_encode,per_payload_byte,127,129,legacy_high_v1,prefix_pruned_parent,parent_preserving,exact_structural_radix2_dag,256,256,512,512,256,256,129,127,2.0,gf16,gf16,true,false,1600,3200,1600,3712,3712,512,1,16,512,0,13828,1.268223894
leopard2-c0-v2,systematic_encode,per_payload_byte,127,129,legacy_high_v1,dependency_pruned_parent,parent_preserving,exact_structural_radix2_dag,256,256,512,512,256,256,129,127,2.0,gf16,gf16,true,false,1600,3200,1600,3712,3712,512,2,16,512,0,13832,1.267857143
leopard2-c0-v2,systematic_encode,per_payload_byte,127,129,legacy_high_v1,recursive_truncated_parent,parent_preserving,exact_arithmetic_lower_bound_scratch,256,256,512,512,256,256,129,127,2.0,gf16,gf16,true,false,1600,3200,1600,3712,3712,256,16,16,512,0,13888,1.262744816
leopard2-c0-v2,systematic_encode,per_payload_byte,127,129,legacy_high_v1,binary_dyadic_exact,new_exact_profile,heuristic_optimistic_cross_block,256,129,512,256,256,256,129,127,2.0,gf16,gf8,true,true,896,2050,1154,2693,2435,129,2,16,385,0,9494,1.847166632
leopard2-c0-v2,systematic_encode,per_payload_byte,127,129,legacy_high_v1,full_block_tail_exact,new_exact_profile,heuristic_conservative_dense_join,256,129,512,256,256,256,129,127,2.0,gf16,gf8,true,true,896,2048,1154,2691,2435,129,4,18,385,0,9498,1.846388713
leopard2-c0-v2,systematic_encode,per_payload_byte,127,129,legacy_high_v1,direct_matrix_exact,new_exact_profile,exact_dense_generator_arithmetic,256,129,512,256,256,256,129,127,2.0,gf16,gf8,true,true,0,16254,16383,16383,129,1,0,1,0,0,65532,0.267609717
leopard2-c0-v2,systematic_encode,per_payload_byte,127,129,legacy_high_v1,subproduct_tree_exact,new_exact_profile,asymptotic_generic_polynomial_proxy,256,129,512,256,256,256,129,127,2.0,gf16,gf8,true,true,49152,49152,49152,98304,49152,1024,8,24,0,0,294944,0.059458745
leopard2-c0-v2,systematic_encode,per_payload_byte,127,129,low_v1,padded_dyadic_parent,parent_preserving,exact_structural_radix2_dag,128,128,512,512,256,256,1,255,2.0,gf16,gf16,true,false,1344,2688,1344,3200,3201,256,0,21,512,1,11777,1.0
leopard2-c0-v2,systematic_encode,per_payload_byte,127,129,low_v1,prefix_pruned_parent,parent_preserving,exact_structural_radix2_dag,128,128,512,512,256,256,1,255,2.0,gf16,gf16,true,false,1344,2688,1344,3200,3200,256,1,21,512,0,11780,0.999745331
leopard2-c0-v2,systematic_encode,per_payload_byte,127,129,low_v1,dependency_pruned_parent,parent_preserving,exact_structural_radix2_dag,128,128,512,512,256,256,1,255,2.0,gf16,gf16,true,false,1023,2046,1023,2558,2558,256,2,21,512,0,9216,1.277886285
leopard2-c0-v2,systematic_encode,per_payload_byte,127,129,low_v1,recursive_truncated_parent,parent_preserving,exact_arithmetic_lower_bound_scratch,128,128,512,512,256,256,1,255,2.0,gf16,gf16,true,false,1023,2046,1023,2558,2558,128,14,21,512,0,9264,1.271265112
leopard2-c0-v2,systematic_encode,per_payload_byte,127,129,low_v1,binary_dyadic_exact,new_exact_profile,heuristic_optimistic_cross_block,128,127,512,256,256,256,1,255,2.0,gf16,gf8,true,true,963,4212,3249,7008,4722,127,18,81,510,0,22512,0.523143213
leopard2-c0-v2,systematic_encode,per_payload_byte,127,129,low_v1,full_block_tail_exact,new_exact_profile,heuristic_conservative_dense_join,128,127,512,256,256,256,1,255,2.0,gf16,gf8,true,true,576,24966,24579,49479,13947,127,6,24,510,0,137574,0.085604838
leopard2-c0-v2,systematic_encode,per_payload_byte,127,129,low_v1,direct_matrix_exact,new_exact_profile,exact_dense_generator_arithmetic,128,127,512,256,256,256,1,255,2.0,gf16,gf8,true,true,0,16254,16383,16383,129,1,0,1,0,0,65532,0.179713728
leopard2-c0-v2,systematic_encode,per_payload_byte,127,129,low_v1,subproduct_tree_exact,new_exact_profile,asymptotic_generic_polynomial_proxy,128,127,512,256,256,256,1,255,2.0,gf16,gf8,true,true,49152,49152,49152,98304,49152,1024,8,24,0,0,294944,0.039929614
leopard2-c0-v2,systematic_encode,per_payload_byte,127,255,legacy_high_v1,padded_dyadic_parent,parent_preserving,exact_structural_radix2_dag,256,256,512,512,382,130,129,1,1.340314136,gf16,gf16,false,false,2048,4096,2048,4734,4863,512,0,16,638,129,17789,1.0
leopard2-c0-v2,systematic_encode,per_payload_byte,127,255,legacy_high_v1,prefix_pruned_parent,parent_preserving,exact_structural_radix2_dag,256,256,512,512,382,130,129,1,1.340314136,gf16,gf16,false,false,1600,3200,1600,3838,3838,512,1,16,638,0,14080,1.263423295
leopard2-c0-v2,systematic_encode,per_payload_byte,127,255,legacy_high_v1,dependency_pruned_parent,parent_preserving,exact_structural_radix2_dag,256,256,512,512,382,130,129,1,1.340314136,gf16,gf16,false,false,1600,3200,1600,3838,3838,512,2,16,638,0,14084,1.26306447
leopard2-c0-v2,systematic_encode,per_payload_byte,127,255,legacy_high_v1,recursive_truncated_parent,parent_preserving,exact_arithmetic_lower_bound_scratch,256,256,512,512,382,130,129,1,1.340314136,gf16,gf16,false,false,1600,3200,1600,3838,3838,256,16,16,638,0,14140,1.258062235
leopard2-c0-v2,systematic_encode,per_payload_byte,127,255,legacy_high_v1,binary_dyadic_exact,new_exact_profile,heuristic_optimistic_cross_block,256,255,512,382,382,130,129,1,1.340314136,gf16,gf16,false,false,1538,6646,5108,10853,7283,255,14,70,637,0,35054,0.507474183
leopard2-c0-v2,systematic_encode,per_payload_byte,127,255,legacy_high_v1,full_block_tail_exact,new_exact_profile,heuristic_conservative_dense_join,256,255,512,382,382,130,129,1,1.340314136,gf16,gf16,false,false,896,66308,65666,131715,35195,255,4,18,637,0,364566,0.048795006
leopard2-c0-v2,systematic_encode,per_payload_byte,127,255,legacy_high_v1,direct_matrix_exact,new_exact_profile,exact_dense_generator_arithmetic,256,255,512,382,382,130,129,1,1.340314136,gf16,gf16,false,false,0,32130,32385,32385,255,1,0,1,0,0,129540,0.137324379
leopard2-c0-v2,systematic_encode,per_payload_byte,127,255,legacy_high_v1,subproduct_tree_exact,new_exact_profile,asymptotic_generic_polynomial_proxy,256,255,512,382,382,130,129,1,1.340314136,gf16,gf16,false,false,92826,92826,92826,185652,92826,1528,9,27,0,0,556992,0.031937622
leopard2-c0-v2,systematic_encode,per_payload_byte,127,255,low_v1,padded_dyadic_parent,parent_preserving,exact_structural_radix2_dag,128,128,512,512,382,130,1,129,1.340314136,gf16,gf16,false,false,1344,2688,1344,3326,3327,256,0,21,638,1,12029,1.0
leopard2-c0-v2,systematic_encode,per_payload_byte,127,255,low_v1,prefix_pruned_parent,parent_preserving,exact_structural_radix2_dag,128,128,512,512,382,130,1,129,1.340314136,gf16,gf16,false,false,1344,2688,1344,3326,3326,256,1,21,638,0,12032,0.999750665
leopard2-c0-v2,systematic_encode,per_payload_byte,127,255,low_v1,dependency_pruned_parent,parent_preserving,exact_structural_radix2_dag,128,128,512,512,382,130,1,129,1.340314136,gf16,gf16,false,false,1344,2688,1344,3326,3326,256,2,21,638,0,12036,0.999418411
leopard2-c0-v2,systematic_encode,per_payload_byte,127,255,low_v1,recursive_truncated_parent,parent_preserving,exact_arithmetic_lower_bound_scratch,128,128,512,512,382,130,1,129,1.340314136,gf16,gf16,false,false,1344,2688,1344,3326,3326,128,14,21,638,0,12084,0.995448527
leopard2-c0-v2,systematic_encode,per_payload_byte,127,255,low_v1,binary_dyadic_exact,new_exact_profile,heuristic_optimistic_cross_block,128,127,512,382,382,130,1,129,1.340314136,gf16,gf16,false,false,1284,5616,4332,9427,6379,127,24,108,763,0,30182,0.398548804
leopard2-c0-v2,systematic_encode,per_payload_byte,127,255,low_v1,full_block_tail_exact,new_exact_profile,heuristic_conservative_dense_join,128,127,512,382,382,130,1,129,1.340314136,gf16,gf16,false,false,768,33288,32772,66055,18679,127,8,32,763,0,183598,0.065518143
leopard2-c0-v2,systematic_encode,per_payload_byte,127,255,low_v1,direct_matrix_exact,new_exact_profile,exact_dense_generator_arithmetic,128,127,512,382,382,130,1,129,1.340314136,gf16,gf16,false,false,0,32130,32385,32385,255,1,0,1,0,0,129540,0.092859348
leopard2-c0-v2,systematic_encode,per_payload_byte,127,255,low_v1,subproduct_tree_exact,new_exact_profile,asymptotic_generic_polynomial_proxy,128,127,512,382,382,130,1,129,1.340314136,gf16,gf16,false,false,92826,92826,92826,185652,92826,1528,9,27,0,0,556992,0.02159636
leopard2-c0-v2,systematic_encode,per_payload_byte,129,3,legacy_high_v1,padded_dyadic_parent,parent_preserving,exact_structural_radix2_dag,4,4,256,256,132,124,123,1,1.939393939,gf8,gf8,false,false,136,400,136,664,539,8,0,68,136,3,1875,1.0
leopard2-c0-v2,systematic_encode,per_payload_byte,129,3,legacy_high_v1,prefix_pruned_parent,parent_preserving,exact_structural_radix2_dag,4,4,256,256,132,124,123,1,1.939393939,gf8,gf8,false,false,135,398,135,662,534,8,1,68,136,0,1868,1.003747323
leopard2-c0-v2,systematic_encode,per_payload_byte,129,3,legacy_high_v1,dependency_pruned_parent,parent_preserving,exact_structural_radix2_dag,4,4,256,256,132,124,123,1,1.939393939,gf8,gf8,false,false,135,398,135,662,534,8,2,68,136,0,1872,1.001602564
leopard2-c0-v2,systematic_encode,per_payload_byte,129,3,legacy_high_v1,recursive_truncated_parent,parent_preserving,exact_arithmetic_lower_bound_scratch,4,4,256,256,132,124,123,1,1.939393939,gf8,gf8,false,false,135,398,135,662,534,4,4,68,136,0,1880,0.997340426
leopard2-c0-v2,systematic_encode,per_payload_byte,129,3,legacy_high_v1,binary_dyadic_exact,new_exact_profile,heuristic_optimistic_cross_block,4,3,256,132,132,124,123,1,1.939393939,gf8,gf8,false,false,44,346,176,739,481,3,44,88,135,0,2094,0.895415473
leopard2-c0-v2,systematic_encode,per_payload_byte,129,3,legacy_high_v1,full_block_tail_exact,new_exact_profile,heuristic_conservative_dense_join,4,3,256,132,132,124,123,1,1.939393939,gf8,gf8,false,false,44,302,176,695,481,3,88,132,135,0,2182,0.859303391
leopard2-c0-v2,systematic_encode,per_payload_byte,129,3,legacy_high_v1,direct_matrix_exact,new_exact_profile,exact_dense_generator_arithmetic,4,3,256,132,132,124,123,1,1.939393939,gf8,gf8,false,false,0,384,387,387,3,1,0,1,0,0,1548,1.21124031
leopard2-c0-v2,systematic_encode,per_payload_byte,129,3,legacy_high_v1,subproduct_tree_exact,new_exact_profile,asymptotic_generic_polynomial_proxy,4,3,256,132,132,124,123,1,1.939393939,gf8,gf8,false,false,25344,25344,25344,50688,25344,528,8,24,0,0,152096,0.01232774
leopard2-c0-v2,systematic_encode,per_payload_byte,129,3,low_v1,padded_dyadic_parent,parent_preserving,exact_structural_radix2_dag,256,256,512,512,132,380,127,253,3.878787879,gf16,gf16,true,false,2048,4096,2048,4484,4611,512,0,16,388,127,17287,1.0
leopard2-c0-v2,systematic_encode,per_payload_byte,129,3,low_v1,prefix_pruned_parent,parent_preserving,exact_structural_radix2_dag,256,256,512,512,132,380,127,253,3.878787879,gf16,gf16,true,false,1727,3454,1727,3842,3842,512,1,16,388,0,14596,1.18436558
leopard2-c0-v2,systematic_encode,per_payload_byte,129,3,low_v1,dependency_pruned_parent,parent_preserving,exact_structural_radix2_dag,256,256,512,512,132,380,127,253,3.878787879,gf16,gf16,true,false,1148,2296,1148,2684,2684,512,2,16,388,0,9968,1.734249599
leopard2-c0-v2,systematic_encode,per_payload_byte,129,3,low_v1,recursive_truncated_parent,parent_preserving,exact_arithmetic_lower_bound_scratch,256,256,512,512,132,380,127,253,3.878787879,gf16,gf16,true,false,1148,2296,1148,2684,2684,256,16,16,388,0,10024,1.724561053
leopard2-c0-v2,systematic_encode,per_payload_byte,129,3,low_v1,binary_dyadic_exact,new_exact_profile,heuristic_optimistic_cross_block,256,129,512,132,132,380,127,253,3.878787879,gf16,gf8,true,true,896,2050,1154,2569,2311,129,2,16,261,0,9246,1.869673372
leopard2-c0-v2,systematic_encode,per_payload_byte,129,3,low_v1,full_block_tail_exact,new_exact_profile,heuristic_conservative_dense_join,256,129,512,132,132,380,127,253,3.878787879,gf16,gf8,true,true,896,2048,1154,2567,2311,129,4,18,261,0,9250,1.868864865
leopard2-c0-v2,systematic_encode,per_payload_byte,129,3,low_v1,direct_matrix_exact,new_exact_profile,exact_dense_generator_arithmetic,256,129,512,132,132,380,127,253,3.878787879,gf16,gf8,true,true,0,384,387,387,3,1,0,1,0,0,1548,11.167312661
leopard2-c0-v2,systematic_encode,per_payload_byte,129,3,low_v1,subproduct_tree_exact,new_exact_profile,asymptotic_generic_polynomial_proxy,256,129,512,132,132,380,127,253,3.878787879,gf16,gf8,true,true,25344,25344,25344,50688,25344,528,8,24,0,0,152096,0.113658479
leopard2-c0-v2,systematic_encode,per_payload_byte,129,5,legacy_high_v1,padded_dyadic_parent,parent_preserving,exact_structural_radix2_dag,8,8,256,256,134,122,119,3,1.910447761,gf8,gf8,false,false,216,560,216,830,709,16,0,54,142,7,2531,1.0
leopard2-c0-v2,systematic_encode,per_payload_byte,129,5,legacy_high_v1,prefix_pruned_parent,parent_preserving,exact_structural_radix2_dag,8,8,256,256,134,122,119,3,1.910447761,gf8,gf8,false,false,211,550,211,820,692,16,1,54,142,0,2488,1.017282958
leopard2-c0-v2,systematic_encode,per_payload_byte,129,5,legacy_high_v1,dependency_pruned_parent,parent_preserving,exact_structural_radix2_dag,8,8,256,256,134,122,119,3,1.910447761,gf8,gf8,false,false,211,550,211,820,692,16,2,54,142,0,2492,1.01565008
leopard2-c0-v2,systematic_encode,per_payload_byte,129,5,legacy_high_v1,recursive_truncated_parent,parent_preserving,exact_arithmetic_lower_bound_scratch,8,8,256,256,134,122,119,3,1.910447761,gf8,gf8,false,false,211,550,211,820,692,8,6,54,142,0,2508,1.009170654
leopard2-c0-v2,systematic_encode,per_payload_byte,129,5,legacy_high_v1,binary_dyadic_exact,new_exact_profile,heuristic_optimistic_cross_block,8,5,256,134,134,122,119,3,1.910447761,gf8,gf8,false,false,108,476,243,875,615,5,27,81,139,0,2560,0.988671875
leopard2-c0-v2,systematic_encode,per_payload_byte,129,5,legacy_high_v1,full_block_tail_exact,new_exact_profile,heuristic_conservative_dense_join,8,5,256,134,134,122,119,3,1.910447761,gf8,gf8,false,false,108,449,243,848,615,5,54,108,139,0,2614,0.968247896
leopard2-c0-v2,systematic_encode,per_payload_byte,129,5,legacy_high_v1,direct_matrix_exact,new_exact_profile,exact_dense_generator_arithmetic,8,5,256,134,134,122,119,3,1.910447761,gf8,gf8,false,false,0,640,645,645,5,1,0,1,0,0,2580,0.981007752
leopard2-c0-v2,systematic_encode,per_payload_byte,129,5,legacy_high_v1,subproduct_tree_exact,new_exact_profile,asymptotic_generic_polynomial_proxy,8,5,256,134,134,122,119,3,1.910447761,gf8,gf8,false,false,25728,25728,25728,51456,25728,536,8,24,0,0,154400,0.016392487
leopard2-c0-v2,systematic_encode,per_payload_byte,129,5,low_v1,padded_dyadic_parent,parent_preserving,exact_structural_radix2_dag,256,256,512,512,134,378,127,251,3.820895522,gf16,gf16,true,false,2048,4096,2048,4486,4613,512,0,16,390,127,17291,1.0
leopard2-c0-v2,systematic_encode,per_payload_byte,129,5,low_v1,prefix_pruned_parent,parent_preserving,exact_structural_radix2_dag,256,256,512,512,134,378,127,251,3.820895522,gf16,gf16,true,false,1727,3454,1727,3844,3844,512,1,16,390,0,14600,1.184315068
leopard2-c0-v2,systematic_encode,per_payload_byte,129,5,low_v1,dependency_pruned_parent,parent_preserving,exact_structural_radix2_dag,256,256,512,512,134,378,127,251,3.820895522,gf16,gf16,true,false,1242,2484,1242,2874,2874,512,2,16,390,0,10724,1.612364789
leopard2-c0-v2,systematic_encode,per_payload_byte,129,5,low_v1,recursive_truncated_parent,parent_preserving,exact_arithmetic_lower_bound_scratch,256,256,512,512,134,378,127,251,3.820895522,gf16,gf16,true,false,1242,2484,1242,2874,2874,256,16,16,390,0,10780,1.603988868
leopard2-c0-v2,systematic_encode,per_payload_byte,129,5,low_v1,binary_dyadic_exact,new_exact_profile,heuristic_optimistic_cross_block,256,129,512,134,134,378,127,251,3.820895522,gf16,gf8,true,true,896,2050,1154,2571,2313,129,2,16,263,0,9250,1.869297297
leopard2-c0-v2,systematic_encode,per_payload_byte,129,5,low_v1,full_block_tail_exact,new_exact_profile,heuristic_conservative_dense_join,256,129,512,134,134,378,127,251,3.820895522,gf16,gf8,true,true,896,2048,1154,2569,2313,129,4,18,263,0,9254,1.868489302
leopard2-c0-v2,systematic_encode,per_payload_byte,129,5,low_v1,direct_matrix_exact,new_exact_profile,exact_dense_generator_arithmetic,256,129,512,134,134,378,127,251,3.820895522,gf16,gf8,true,true,0,640,645,645,5,1,0,1,0,0,2580,6.701937984
leopard2-c0-v2,systematic_encode,per_payload_byte,129,5,low_v1,subproduct_tree_exact,new_exact_profile,asymptotic_generic_polynomial_proxy,256,129,512,134,134,378,127,251,3.820895522,gf16,gf8,true,true,25728,25728,25728,51456,25728,536,8,24,0,0,154400,0.111988342
leopard2-c0-v2,systematic_encode,per_payload_byte,129,7,legacy_high_v1,padded_dyadic_parent,parent_preserving,exact_structural_radix2_dag,8,8,256,256,136,120,119,1,1.882352941,gf8,gf8,false,false,216,560,216,832,711,16,0,54,144,7,2535,1.0
leopard2-c0-v2,systematic_encode,per_payload_byte,129,7,legacy_high_v1,prefix_pruned_parent,parent_preserving,exact_structural_radix2_dag,8,8,256,256,136,120,119,1,1.882352941,gf8,gf8,false,false,211,550,211,822,694,16,1,54,144,0,2492,1.017255217
leopard2-c0-v2,systematic_encode,per_payload_byte,129,7,legacy_high_v1,dependency_pruned_parent,parent_preserving,exact_structural_radix2_dag,8,8,256,256,136,120,119,1,1.882352941,gf8,gf8,false,false,211,550,211,822,694,16,2,54,144,0,2496,1.015625
leopard2-c0-v2,systematic_encode,per_payload_byte,129,7,legacy_high_v1,recursive_truncated_parent,parent_preserving,exact_arithmetic_lower_bound_scratch,8,8,256,256,136,120,119,1,1.882352941,gf8,gf8,false,false,211,550,211,822,694,8,6,54,144,0,2512,1.009156051
leopard2-c0-v2,systematic_encode,per_payload_byte,129,7,legacy_high_v1,binary_dyadic_exact,new_exact_profile,heuristic_optimistic_cross_block,8,7,256,136,136,120,119,1,1.882352941,gf8,gf8,false,false,100,606,380,1155,749,7,40,100,143,0,3430,0.739067055
leopard2-c0-v2,systematic_encode,per_payload_byte,129,7,legacy_high_v1,full_block_tail_exact,new_exact_profile,heuristic_conservative_dense_join,8,7,256,136,136,120,119,1,1.882352941,gf8,gf8,false,false,80,646,500,1335,729,7,40,80,143,0,3870,0.65503876
leopard2-c0-v2,systematic_encode,per_payload_byte,129,7,legacy_high_v1,direct_matrix_exact,new_exact_profile,exact_dense_generator_arithmetic,8,7,256,136,136,120,119,1,1.882352941,gf8,gf8,false,false,0,896,903,903,7,1,0,1,0,0,3612,0.701827243
leopard2-c0-v2,systematic_encode,per_payload_byte,129,7,legacy_high_v1,subproduct_tree_exact,new_exact_profile,asymptotic_generic_polynomial_proxy,8,7,256,136,136,120,119,1,1.882352941,gf8,gf8,false,false,26112,26112,26112,52224,26112,544,8,24,0,0,156704,0.016176996
leopard2-c0-v2,systematic_encode,per_payload_byte,129,7,low_v1,padded_dyadic_parent,parent_preserving,exact_structural_radix2_dag,256,256,512,512,136,376,127,249,3.764705882,gf16,gf16,true,false,2048,4096,2048,4488,4615,512,0,16,392,127,17295,1.0
leopard2-c0-v2,systematic_encode,per_payload_byte,129,7,low_v1,prefix_pruned_parent,parent_preserving,exact_structural_radix2_dag,256,256,512,512,136,376,127,249,3.764705882,gf16,gf16,true,false,1727,3454,1727,3846,3846,512,1,16,392,0,14604,1.184264585
leopard2-c0-v2,systematic_encode,per_payload_byte,129,7,low_v1,dependency_pruned_parent,parent_preserving,exact_structural_radix2_dag,256,256,512,512,136,376,127,249,3.764705882,gf16,gf16,true,false,1304,2608,1304,3000,3000,512,2,16,392,0,11224,1.540894512
leopard2-c0-v2,systematic_encode,per_payload_byte,129,7,low_v1,recursive_truncated_parent,parent_preserving,exact_arithmetic_lower_bound_scratch,256,256,512,512,136,376,127,249,3.764705882,gf16,gf16,true,false,1304,2608,1304,3000,3000,256,16,16,392,0,11280,1.533244681
leopard2-c0-v2,systematic_encode,per_payload_byte,129,7,low_v1,binary_dyadic_exact,new_exact_profile,heuristic_optimistic_cross_block,256,129,512,136,136,376,127,249,3.764705882,gf16,gf8,true,true,896,2050,1154,2573,2315,129,2,16,265,0,9254,1.868921547
leopard2-c0-v2,systematic_encode,per_payload_byte,129,7,low_v1,full_block_tail_exact,new_exact_profile,heuristic_conservative_dense_join,256,129,512,136,136,376,127,249,3.764705882,gf16,gf8,true,true,896,2048,1154,2571,2315,129,4,18,265,0,9258,1.868114064
leopard2-c0-v2,systematic_encode,per_payload_byte,129,7,low_v1,direct_matrix_exact,new_exact_profile,exact_dense_generator_arithmetic,256,129,512,136,136,376,127,249,3.764705882,gf16,gf8,true,true,0,896,903,903,7,1,0,1,0,0,3612,4.78820598
leopard2-c0-v2,systematic_encode,per_payload_byte,129,7,low_v1,subproduct_tree_exact,new_exact_profile,asymptotic_generic_polynomial_proxy,256,129,512,136,136,376,127,249,3.764705882,gf16,gf8,true,true,26112,26112,26112,52224,26112,544,8,24,0,0,156704,0.110367317
leopard2-c0-v2,systematic_encode,per_payload_byte,129,9,legacy_high_v1,padded_dyadic_parent,parent_preserving,exact_structural_radix2_dag,16,16,256,256,138,118,111,7,1.855072464,gf8,gf8,false,false,320,768,320,1050,937,32,0,40,154,15,3395,1.0
leopard2-c0-v2,systematic_encode,per_payload_byte,129,9,legacy_high_v1,prefix_pruned_parent,parent_preserving,exact_structural_radix2_dag,16,16,256,256,138,118,111,7,1.855072464,gf8,gf8,false,false,303,734,303,1016,888,32,1,40,154,0,3248,1.045258621
leopard2-c0-v2,systematic_encode,per_payload_byte,129,9,legacy_high_v1,dependency_pruned_parent,parent_preserving,exact_structural_radix2_dag,16,16,256,256,138,118,111,7,1.855072464,gf8,gf8,false,false,303,734,303,1016,888,32,2,40,154,0,3252,1.04397294
leopard2-c0-v2,systematic_encode,per_payload_byte,129,9,legacy_high_v1,recursive_truncated_parent,parent_preserving,exact_arithmetic_lower_bound_scratch,16,16,256,256,138,118,111,7,1.855072464,gf8,gf8,false,false,303,734,303,1016,888,16,8,40,154,0,3276,1.036324786
leopard2-c0-v2,systematic_encode,per_payload_byte,129,9,legacy_high_v1,binary_dyadic_exact,new_exact_profile,heuristic_optimistic_cross_block,16,9,256,138,138,118,111,7,1.855072464,gf8,gf8,false,false,192,654,336,1071,801,9,16,64,147,0,3262,1.040772532
leopard2-c0-v2,systematic_encode,per_payload_byte,129,9,legacy_high_v1,full_block_tail_exact,new_exact_profile,heuristic_conservative_dense_join,16,9,256,138,138,118,111,7,1.855072464,gf8,gf8,false,false,192,638,336,1055,801,9,32,80,147,0,3294,1.030661809
leopard2-c0-v2,systematic_encode,per_payload_byte,129,9,legacy_high_v1,direct_matrix_exact,new_exact_profile,exact_dense_generator_arithmetic,16,9,256,138,138,118,111,7,1.855072464,gf8,gf8,false,false,0,1152,1161,1161,9,1,0,1,0,0,4644,0.731050818
leopard2-c0-v2,systematic_encode,per_payload_byte,129,9,legacy_high_v1,subproduct_tree_exact,new_exact_profile,asymptotic_generic_polynomial_proxy,16,9,256,138,138,118,111,7,1.855072464,gf8,gf8,false,false,26496,26496,26496,52992,26496,552,8,24,0,0,159008,0.021351127
leopard2-c0-v2,systematic_encode,per_payload_byte,129,9,low_v1,padded_dyadic_parent,parent_preserving,exact_structural_radix2_dag,256,256,512,512,138,374,127,247,3.710144928,gf16,gf16,true,false,2048,4096,2048,4490,4617,512,0,16,394,127,17299,1.0
leopard2-c0-v2,systematic_encode,per_payload_byte,129,9,low_v1,prefix_pruned_parent,parent_preserving,exact_structural_radix2_dag,256,256,512,512,138,374,127,247,3.710144928,gf16,gf16,true,false,1727,3454,1727,3848,3848,512,1,16,394,0,14608,1.184214129
leopard2-c0-v2,systematic_encode,per_payload_byte,129,9,low_v1,dependency_pruned_parent,parent_preserving,exact_structural_radix2_dag,256,256,512,512,138,374,127,247,3.710144928,gf16,gf16,true,false,1350,2700,1350,3094,3094,512,2,16,394,0,11596,1.49180752
leopard2-c0-v2,systematic_encode,per_payload_byte,129,9,low_v1,recursive_truncated_parent,parent_preserving,exact_arithmetic_lower_bound_scratch,256,256,512,512,138,374,127,247,3.710144928,gf16,gf16,true,false,1350,2700,1350,3094,3094,256,16,16,394,0,11652,1.48463783
leopard2-c0-v2,systematic_encode,per_payload_byte,129,9,low_v1,binary_dyadic_exact,new_exact_profile,heuristic_optimistic_cross_block,256,129,512,138,138,374,127,247,3.710144928,gf16,gf8,true,true,896,2050,1154,2575,2317,129,2,16,267,0,9258,1.868546122
leopard2-c0-v2,systematic_encode,per_payload_byte,129,9,low_v1,full_block_tail_exact,new_exact_profile,heuristic_conservative_dense_join,256,129,512,138,138,374,127,247,3.710144928,gf16,gf8,true,true,896,2048,1154,2573,2317,129,4,18,267,0,9262,1.867739149
leopard2-c0-v2,systematic_encode,per_payload_byte,129,9,low_v1,direct_matrix_exact,new_exact_profile,exact_dense_generator_arithmetic,256,129,512,138,138,374,127,247,3.710144928,gf16,gf8,true,true,0,1152,1161,1161,9,1,0,1,0,0,4644,3.725021533
leopard2-c0-v2,systematic_encode,per_payload_byte,129,9,low_v1,subproduct_tree_exact,new_exact_profile,asymptotic_generic_polynomial_proxy,256,129,512,138,138,374,127,247,3.710144928,gf16,gf8,true,true,26496,26496,26496,52992,26496,552,8,24,0,0,159008,0.108793268
leopard2-c0-v2,systematic_encode,per_payload_byte,129,15,legacy_high_v1,padded_dyadic_parent,parent_preserving,exact_structural_radix2_dag,16,16,256,256,144,112,111,1,1.777777778,gf8,gf8,false,false,320,768,320,1056,943,32,0,40,160,15,3407,1.0
leopard2-c0-v2,systematic_encode,per_payload_byte,129,15,legacy_high_v1,prefix_pruned_parent,parent_preserving,exact_structural_radix2_dag,16,16,256,256,144,112,111,1,1.777777778,gf8,gf8,false,false,303,734,303,1022,894,32,1,40,160,0,3260,1.045092025
leopard2-c0-v2,systematic_encode,per_payload_byte,129,15,legacy_high_v1,dependency_pruned_parent,parent_preserving,exact_structural_radix2_dag,16,16,256,256,144,112,111,1,1.777777778,gf8,gf8,false,false,303,734,303,1022,894,32,2,40,160,0,3264,1.043811275
leopard2-c0-v2,systematic_encode,per_payload_byte,129,15,legacy_high_v1,recursive_truncated_parent,parent_preserving,exact_arithmetic_lower_bound_scratch,16,16,256,256,144,112,111,1,1.777777778,gf8,gf8,false,false,303,734,303,1022,894,16,8,40,160,0,3288,1.036192214
leopard2-c0-v2,systematic_encode,per_payload_byte,129,15,legacy_high_v1,binary_dyadic_exact,new_exact_profile,heuristic_optimistic_cross_block,16,15,256,144,144,112,111,1,1.777777778,gf8,gf8,false,false,170,910,620,1639,1069,15,30,90,159,0,4978,0.68441141
leopard2-c0-v2,systematic_encode,per_payload_byte,129,15,legacy_high_v1,full_block_tail_exact,new_exact_profile,heuristic_conservative_dense_join,16,15,256,144,144,112,111,1,1.777777778,gf8,gf8,false,false,120,1340,1170,2669,1149,15,20,50,159,0,7578,0.449590921
leopard2-c0-v2,systematic_encode,per_payload_byte,129,15,legacy_high_v1,direct_matrix_exact,new_exact_profile,exact_dense_generator_arithmetic,16,15,256,144,144,112,111,1,1.777777778,gf8,gf8,false,false,0,1920,1935,1935,15,1,0,1,0,0,7740,0.440180879
leopard2-c0-v2,systematic_encode,per_payload_byte,129,15,legacy_high_v1,subproduct_tree_exact,new_exact_profile,asymptotic_generic_polynomial_proxy,16,15,256,144,144,112,111,1,1.777777778,gf8,gf8,false,false,27648,27648,27648,55296,27648,576,8,24,0,0,165920,0.020533992
leopard2-c0-v2,systematic_encode,per_payload_byte,129,15,low_v1,padded_dyadic_parent,parent_preserving,exact_structural_radix2_dag,256,256,512,512,144,368,127,241,3.555555556,gf16,gf16,true,false,2048,4096,2048,4496,4623,512,0,16,400,127,17311,1.0
leopard2-c0-v2,systematic_encode,per_payload_byte,129,15,low_v1,prefix_pruned_parent,parent_preserving,exact_structural_radix2_dag,256,256,512,512,144,368,127,241,3.555555556,gf16,gf16,true,false,1727,3454,1727,3854,3854,512,1,16,400,0,14620,1.184062927
leopard2-c0-v2,systematic_encode,per_payload_byte,129,15,low_v1,dependency_pruned_parent,parent_preserving,exact_structural_radix2_dag,256,256,512,512,144,368,127,241,3.555555556,gf16,gf16,true,false,1440,2880,1440,3280,3280,512,2,16,400,0,12328,1.404201817
leopard2-c0-v2,systematic_encode,per_payload_byte,129,15,low_v1,recursive_truncated_parent,parent_preserving,exact_arithmetic_lower_bound_scratch,256,256,512,512,144,368,127,241,3.555555556,gf16,gf16,true,false,1440,2880,1440,3280,3280,256,16,16,400,0,12384,1.397852067
leopard2-c0-v2,systematic_encode,per_payload_byte,129,15,low_v1,binary_dyadic_exact,new_exact_profile,heuristic_optimistic_cross_block,256,129,512,144,144,368,127,241,3.555555556,gf16,gf8,true,true,896,2050,1154,2581,2323,129,2,16,273,0,9270,1.867421791
leopard2-c0-v2,systematic_encode,per_payload_byte,129,15,low_v1,full_block_tail_exact,new_exact_profile,heuristic_conservative_dense_join,256,129,512,144,144,368,127,241,3.555555556,gf16,gf8,true,true,896,2048,1154,2579,2323,129,4,18,273,0,9274,1.866616347
leopard2-c0-v2,systematic_encode,per_payload_byte,129,15,low_v1,direct_matrix_exact,new_exact_profile,exact_dense_generator_arithmetic,256,129,512,144,144,368,127,241,3.555555556,gf16,gf8,true,true,0,1920,1935,1935,15,1,0,1,0,0,7740,2.236563307
leopard2-c0-v2,systematic_encode,per_payload_byte,129,15,low_v1,subproduct_tree_exact,new_exact_profile,asymptotic_generic_polynomial_proxy,256,129,512,144,144,368,127,241,3.555555556,gf16,gf8,true,true,27648,27648,27648,55296,27648,576,8,24,0,0,165920,0.104333414
leopard2-c0-v2,systematic_encode,per_payload_byte,129,17,legacy_high_v1,padded_dyadic_parent,parent_preserving,exact_structural_radix2_dag,32,32,256,256,146,110,95,15,1.753424658,gf8,gf8,false,false,480,1088,480,1394,1297,64,0,30,178,31,4739,1.0
leopard2-c0-v2,systematic_encode,per_payload_byte,129,17,legacy_high_v1,prefix_pruned_parent,parent_preserving,exact_structural_radix2_dag,32,32,256,256,146,110,95,15,1.753424658,gf8,gf8,false,false,431,990,431,1296,1168,64,1,30,178,0,4320,1.096990741
leopard2-c0-v2,systematic_encode,per_payload_byte,129,17,legacy_high_v1,dependency_pruned_parent,parent_preserving,exact_structural_radix2_dag,32,32,256,256,146,110,95,15,1.753424658,gf8,gf8,false,false,431,990,431,1296,1168,64,2,30,178,0,4324,1.095975948
leopard2-c0-v2,systematic_encode,per_payload_byte,129,17,legacy_high_v1,recursive_truncated_parent,parent_preserving,exact_arithmetic_lower_bound_scratch,32,32,256,256,146,110,95,15,1.753424658,gf8,gf8,false,false,431,990,431,1296,1168,32,10,30,178,0,4356,1.087924702
leopard2-c0-v2,systematic_encode,per_payload_byte,129,17,legacy_high_v1,binary_dyadic_exact,new_exact_profile,heuristic_optimistic_cross_block,32,17,256,146,146,110,95,15,1.753424658,gf8,gf8,false,false,288,848,441,1283,1011,17,9,45,163,0,4060,1.167241379
leopard2-c0-v2,systematic_encode,per_payload_byte,129,17,legacy_high_v1,full_block_tail_exact,new_exact_profile,heuristic_conservative_dense_join,32,17,256,146,146,110,95,15,1.753424658,gf8,gf8,false,false,288,839,441,1274,1011,17,18,54,163,0,4078,1.162089259
leopard2-c0-v2,systematic_encode,per_payload_byte,129,17,legacy_high_v1,direct_matrix_exact,new_exact_profile,exact_dense_generator_arithmetic,32,17,256,146,146,110,95,15,1.753424658,gf8,gf8,false,false,0,2176,2193,2193,17,1,0,1,0,0,8772,0.540241678
leopard2-c0-v2,systematic_encode,per_payload_byte,129,17,legacy_high_v1,subproduct_tree_exact,new_exact_profile,asymptotic_generic_polynomial_proxy,32,17,256,146,146,110,95,15,1.753424658,gf8,gf8,false,false,28032,28032,28032,56064,28032,584,8,24,0,0,168224,0.028170772
leopard2-c0-v2,systematic_encode,per_payload_byte,129,17,low_v1,padded_dyadic_parent,parent_preserving,exact_structural_radix2_dag,256,256,512,512,146,366,127,239,3.506849315,gf16,gf16,true,false,2048,4096,2048,4498,4625,512,0,16,402,127,17315,1.0
leopard2-c0-v2,systematic_encode,per_payload_byte,129,17,low_v1,prefix_pruned_parent,parent_preserving,exact_structural_radix2_dag,256,256,512,512,146,366,127,239,3.506849315,gf16,gf16,true,false,1727,3454,1727,3856,3856,512,1,16,402,0,14624,1.184012582
leopard2-c0-v2,systematic_encode,per_payload_byte,129,17,low_v1,dependency_pruned_parent,parent_preserving,exact_structural_radix2_dag,256,256,512,512,146,366,127,239,3.506849315,gf16,gf16,true,false,1462,2924,1462,3326,3326,512,2,16,402,0,12508,1.384314039
leopard2-c0-v2,systematic_encode,per_payload_byte,129,17,low_v1,recursive_truncated_parent,parent_preserving,exact_arithmetic_lower_bound_scratch,256,256,512,512,146,366,127,239,3.506849315,gf16,gf16,true,false,1462,2924,1462,3326,3326,256,16,16,402,0,12564,1.378143903
leopard2-c0-v2,systematic_encode,per_payload_byte,129,17,low_v1,binary_dyadic_exact,new_exact_profile,heuristic_optimistic_cross_block,256,129,512,146,146,366,127,239,3.506849315,gf16,gf8,true,true,896,2050,1154,2583,2325,129,2,16,275,0,9274,1.86704766
leopard2-c0-v2,systematic_encode,per_payload_byte,129,17,low_v1,full_block_tail_exact,new_exact_profile,heuristic_conservative_dense_join,256,129,512,146,146,366,127,239,3.506849315,gf16,gf8,true,true,896,2048,1154,2581,2325,129,4,18,275,0,9278,1.866242725
leopard2-c0-v2,systematic_encode,per_payload_byte,129,17,low_v1,direct_matrix_exact,new_exact_profile,exact_dense_generator_arithmetic,256,129,512,146,146,366,127,239,3.506849315,gf16,gf8,true,true,0,2176,2193,2193,17,1,0,1,0,0,8772,1.973894209
leopard2-c0-v2,systematic_encode,per_payload_byte,129,17,low_v1,subproduct_tree_exact,new_exact_profile,asymptotic_generic_polynomial_proxy,256,129,512,146,146,366,127,239,3.506849315,gf16,gf8,true,true,28032,28032,28032,56064,28032,584,8,24,0,0,168224,0.102928239
leopard2-c0-v2,systematic_encode,per_payload_byte,129,31,legacy_high_v1,padded_dyadic_parent,parent_preserving,exact_structural_radix2_dag,32,32,256,256,160,96,95,1,1.6,gf8,gf8,false,false,480,1088,480,1408,1311,64,0,30,192,31,4767,1.0
leopard2-c0-v2,systematic_encode,per_payload_byte,129,31,legacy_high_v1,prefix_pruned_parent,parent_preserving,exact_structural_radix2_dag,32,32,256,256,160,96,95,1,1.6,gf8,gf8,false,false,431,990,431,1310,1182,64,1,30,192,0,4348,1.096366145
leopard2-c0-v2,systematic_encode,per_payload_byte,129,31,legacy_high_v1,dependency_pruned_parent,parent_preserving,exact_structural_radix2_dag,32,32,256,256,160,96,95,1,1.6,gf8,gf8,false,false,431,990,431,1310,1182,64,2,30,192,0,4352,1.095358456
leopard2-c0-v2,systematic_encode,per_payload_byte,129,31,legacy_high_v1,recursive_truncated_parent,parent_preserving,exact_arithmetic_lower_bound_scratch,32,32,256,256,160,96,95,1,1.6,gf8,gf8,false,false,431,990,431,1310,1182,32,10,30,192,0,4384,1.087363139
leopard2-c0-v2,systematic_encode,per_payload_byte,129,31,legacy_high_v1,binary_dyadic_exact,new_exact_profile,heuristic_optimistic_cross_block,32,31,256,160,160,96,95,1,1.6,gf8,gf8,false,false,294,1456,1038,2515,1647,31,24,84,191,0,7790,0.611938383
leopard2-c0-v2,systematic_encode,per_payload_byte,129,31,legacy_high_v1,full_block_tail_exact,new_exact_profile,heuristic_conservative_dense_join,32,31,256,160,160,96,95,1,1.6,gf8,gf8,false,false,192,3208,2982,6313,2229,31,12,36,191,0,17762,0.268381939
leopard2-c0-v2,systematic_encode,per_payload_byte,129,31,legacy_high_v1,direct_matrix_exact,new_exact_profile,exact_dense_generator_arithmetic,32,31,256,160,160,96,95,1,1.6,gf8,gf8,false,false,0,3968,3999,3999,31,1,0,1,0,0,15996,0.298012003
leopard2-c0-v2,systematic_encode,per_payload_byte,129,31,legacy_high_v1,subproduct_tree_exact,new_exact_profile,asymptotic_generic_polynomial_proxy,32,31,256,160,160,96,95,1,1.6,gf8,gf8,false,false,30720,30720,30720,61440,30720,640,8,24,0,0,184352,0.025858141
leopard2-c0-v2,systematic_encode,per_payload_byte,129,31,low_v1,padded_dyadic_parent,parent_preserving,exact_structural_radix2_dag,256,256,512,512,160,352,127,225,3.2,gf16,gf16,true,false,2048,4096,2048,4512,4639,512,0,16,416,127,17343,1.0
leopard2-c0-v2,systematic_encode,per_payload_byte,129,31,low_v1,prefix_pruned_parent,parent_preserving,exact_structural_radix2_dag,256,256,512,512,160,352,127,225,3.2,gf16,gf16,true,false,1727,3454,1727,3870,3870,512,1,16,416,0,14652,1.183660934
leopard2-c0-v2,systematic_encode,per_payload_byte,129,31,low_v1,dependency_pruned_parent,parent_preserving,exact_structural_radix2_dag,256,256,512,512,160,352,127,225,3.2,gf16,gf16,true,false,1560,3120,1560,3536,3536,512,2,16,416,0,13320,1.302027027
leopard2-c0-v2,systematic_encode,per_payload_byte,129,31,low_v1,recursive_truncated_parent,parent_preserving,exact_arithmetic_lower_bound_scratch,256,256,512,512,160,352,127,225,3.2,gf16,gf16,true,false,1560,3120,1560,3536,3536,256,16,16,416,0,13376,1.296575957
leopard2-c0-v2,systematic_encode,per_payload_byte,129,31,low_v1,binary_dyadic_exact,new_exact_profile,heuristic_optimistic_cross_block,256,129,512,160,160,352,127,225,3.2,gf16,gf8,true,true,896,2050,1154,2597,2339,129,2,16,289,0,9302,1.864437755
leopard2-c0-v2,systematic_encode,per_payload_byte,129,31,low_v1,full_block_tail_exact,new_exact_profile,heuristic_conservative_dense_join,256,129,512,160,160,352,127,225,3.2,gf16,gf8,true,true,896,2048,1154,2595,2339,129,4,18,289,0,9306,1.863636364
leopard2-c0-v2,systematic_encode,per_payload_byte,129,31,low_v1,direct_matrix_exact,new_exact_profile,exact_dense_generator_arithmetic,256,129,512,160,160,352,127,225,3.2,gf16,gf8,true,true,0,3968,3999,3999,31,1,0,1,0,0,15996,1.084208552
leopard2-c0-v2,systematic_encode,per_payload_byte,129,31,low_v1,subproduct_tree_exact,new_exact_profile,asymptotic_generic_polynomial_proxy,256,129,512,160,160,352,127,225,3.2,gf16,gf8,true,true,30720,30720,30720,61440,30720,640,8,24,0,0,184352,0.094075464
leopard2-c0-v2,systematic_encode,per_payload_byte,129,33,legacy_high_v1,padded_dyadic_parent,parent_preserving,exact_structural_radix2_dag,64,64,256,256,162,94,63,31,1.580246914,gf8,gf8,false,false,768,1664,768,2018,1953,128,0,24,226,63,7171,1.0
leopard2-c0-v2,systematic_encode,per_payload_byte,129,33,legacy_high_v1,prefix_pruned_parent,parent_preserving,exact_structural_radix2_dag,64,64,256,256,162,94,63,31,1.580246914,gf8,gf8,false,false,639,1406,639,1760,1632,128,1,24,226,0,6080,1.179440789
leopard2-c0-v2,systematic_encode,per_payload_byte,129,33,legacy_high_v1,dependency_pruned_parent,parent_preserving,exact_structural_radix2_dag,64,64,256,256,162,94,63,31,1.580246914,gf8,gf8,false,false,639,1406,639,1760,1632,128,2,24,226,0,6084,1.178665352
leopard2-c0-v2,systematic_encode,per_payload_byte,129,33,legacy_high_v1,recursive_truncated_parent,parent_preserving,exact_arithmetic_lower_bound_scratch,64,64,256,256,162,94,63,31,1.580246914,gf8,gf8,false,false,639,1406,639,1760,1632,64,12,24,226,0,6124,1.170966688
leopard2-c0-v2,systematic_encode,per_payload_byte,129,33,legacy_high_v1,binary_dyadic_exact,new_exact_profile,heuristic_optimistic_cross_block,64,33,256,162,162,94,63,31,1.580246914,gf8,gf8,false,false,400,1064,565,1523,1259,33,5,30,195,0,4996,1.435348279
leopard2-c0-v2,systematic_encode,per_payload_byte,129,33,legacy_high_v1,full_block_tail_exact,new_exact_profile,heuristic_conservative_dense_join,64,33,256,162,162,94,63,31,1.580246914,gf8,gf8,false,false,400,1059,565,1518,1259,33,10,35,195,0,5006,1.432481023
leopard2-c0-v2,systematic_encode,per_payload_byte,129,33,legacy_high_v1,direct_matrix_exact,new_exact_profile,exact_dense_generator_arithmetic,64,33,256,162,162,94,63,31,1.580246914,gf8,gf8,false,false,0,4224,4257,4257,33,1,0,1,0,0,17028,0.421129904
leopard2-c0-v2,systematic_encode,per_payload_byte,129,33,legacy_high_v1,subproduct_tree_exact,new_exact_profile,asymptotic_generic_polynomial_proxy,64,33,256,162,162,94,63,31,1.580246914,gf8,gf8,false,false,31104,31104,31104,62208,31104,648,8,24,0,0,186656,0.038418267
leopard2-c0-v2,systematic_encode,per_payload_byte,129,33,low_v1,padded_dyadic_parent,parent_preserving,exact_structural_radix2_dag,256,256,512,512,162,350,127,223,3.160493827,gf16,gf16,true,false,2048,4096,2048,4514,4641,512,0,16,418,127,17347,1.0
leopard2-c0-v2,systematic_encode,per_payload_byte,129,33,low_v1,prefix_pruned_parent,parent_preserving,exact_structural_radix2_dag,256,256,512,512,162,350,127,223,3.160493827,gf16,gf16,true,false,1727,3454,1727,3872,3872,512,1,16,418,0,14656,1.183610808
leopard2-c0-v2,systematic_encode,per_payload_byte,129,33,low_v1,dependency_pruned_parent,parent_preserving,exact_structural_radix2_dag,256,256,512,512,162,350,127,223,3.160493827,gf16,gf16,true,false,1570,3140,1570,3558,3558,512,2,16,418,0,13404,1.294165921
leopard2-c0-v2,systematic_encode,per_payload_byte,129,33,low_v1,recursive_truncated_parent,parent_preserving,exact_arithmetic_lower_bound_scratch,256,256,512,512,162,350,127,223,3.160493827,gf16,gf16,true,false,1570,3140,1570,3558,3558,256,16,16,418,0,13460,1.288781575
leopard2-c0-v2,systematic_encode,per_payload_byte,129,33,low_v1,binary_dyadic_exact,new_exact_profile,heuristic_optimistic_cross_block,256,129,512,162,162,350,127,223,3.160493827,gf16,gf8,true,true,896,2050,1154,2599,2341,129,2,16,291,0,9306,1.864066194
leopard2-c0-v2,systematic_encode,per_payload_byte,129,33,low_v1,full_block_tail_exact,new_exact_profile,heuristic_conservative_dense_join,256,129,512,162,162,350,127,223,3.160493827,gf16,gf8,true,true,896,2048,1154,2597,2341,129,4,18,291,0,9310,1.863265306
leopard2-c0-v2,systematic_encode,per_payload_byte,129,33,low_v1,direct_matrix_exact,new_exact_profile,exact_dense_generator_arithmetic,256,129,512,162,162,350,127,223,3.160493827,gf16,gf8,true,true,0,4224,4257,4257,33,1,0,1,0,0,17028,1.01873385
leopard2-c0-v2,systematic_encode,per_payload_byte,129,33,low_v1,subproduct_tree_exact,new_exact_profile,asymptotic_generic_polynomial_proxy,256,129,512,162,162,350,127,223,3.160493827,gf16,gf8,true,true,31104,31104,31104,62208,31104,648,8,24,0,0,186656,0.092935668
leopard2-c0-v2,systematic_encode,per_payload_byte,129,63,legacy_high_v1,padded_dyadic_parent,parent_preserving,exact_structural_radix2_dag,64,64,256,256,192,64,63,1,1.333333333,gf8,gf8,false,false,768,1664,768,2048,1983,128,0,24,256,63,7231,1.0
leopard2-c0-v2,systematic_encode,per_payload_byte,129,63,legacy_high_v1,prefix_pruned_parent,parent_preserving,exact_structural_radix2_dag,64,64,256,256,192,64,63,1,1.333333333,gf8,gf8,false,false,639,1406,639,1790,1662,128,1,24,256,0,6140,1.177687296
leopard2-c0-v2,systematic_encode,per_payload_byte,129,63,legacy_high_v1,dependency_pruned_parent,parent_preserving,exact_structural_radix2_dag,64,64,256,256,192,64,63,1,1.333333333,gf8,gf8,false,false,639,1406,639,1790,1662,128,2,24,256,0,6144,1.176920573
leopard2-c0-v2,systematic_encode,per_payload_byte,129,63,legacy_high_v1,recursive_truncated_parent,parent_preserving,exact_arithmetic_lower_bound_scratch,64,64,256,256,192,64,63,1,1.333333333,gf8,gf8,false,false,639,1406,639,1790,1662,64,12,24,256,0,6184,1.169307891
leopard2-c0-v2,systematic_encode,per_payload_byte,129,63,legacy_high_v1,binary_dyadic_exact,new_exact_profile,heuristic_optimistic_cross_block,64,63,256,192,192,64,63,1,1.333333333,gf8,gf8,false,false,516,2418,1776,4059,2673,63,20,80,255,0,12782,0.565717415
leopard2-c0-v2,systematic_encode,per_payload_byte,129,63,legacy_high_v1,full_block_tail_exact,new_exact_profile,heuristic_conservative_dense_join,64,63,256,192,192,64,63,1,1.333333333,gf8,gf8,false,false,320,8454,8132,16647,5113,63,8,28,255,0,46510,0.155471942
leopard2-c0-v2,systematic_encode,per_payload_byte,129,63,legacy_high_v1,direct_matrix_exact,new_exact_profile,exact_dense_generator_arithmetic,64,63,256,192,192,64,63,1,1.333333333,gf8,gf8,false,false,0,8064,8127,8127,63,1,0,1,0,0,32508,0.222437554
leopard2-c0-v2,systematic_encode,per_payload_byte,129,63,legacy_high_v1,subproduct_tree_exact,new_exact_profile,asymptotic_generic_polynomial_proxy,64,63,256,192,192,64,63,1,1.333333333,gf8,gf8,false,false,36864,36864,36864,73728,36864,768,8,24,0,0,221216,0.032687509
leopard2-c0-v2,systematic_encode,per_payload_byte,129,63,low_v1,padded_dyadic_parent,parent_preserving,exact_structural_radix2_dag,256,256,512,512,192,320,127,193,2.666666667,gf16,gf16,true,false,2048,4096,2048,4544,4671,512,0,16,448,127,17407,1.0
leopard2-c0-v2,systematic_encode,per_payload_byte,129,63,low_v1,prefix_pruned_parent,parent_preserving,exact_structural_radix2_dag,256,256,512,512,192,320,127,193,2.666666667,gf16,gf16,true,false,1727,3454,1727,3902,3902,512,1,16,448,0,14716,1.182862191
leopard2-c0-v2,systematic_encode,per_payload_byte,129,63,low_v1,dependency_pruned_parent,parent_preserving,exact_structural_radix2_dag,256,256,512,512,192,320,127,193,2.666666667,gf16,gf16,true,false,1660,3320,1660,3768,3768,512,2,16,448,0,14184,1.227227862
leopard2-c0-v2,systematic_encode,per_payload_byte,129,63,low_v1,recursive_truncated_parent,parent_preserving,exact_arithmetic_lower_bound_scratch,256,256,512,512,192,320,127,193,2.666666667,gf16,gf16,true,false,1660,3320,1660,3768,3768,256,16,16,448,0,14240,1.222401685
leopard2-c0-v2,systematic_encode,per_payload_byte,129,63,low_v1,binary_dyadic_exact,new_exact_profile,heuristic_optimistic_cross_block,256,129,512,192,192,320,127,193,2.666666667,gf16,gf8,true,true,896,2050,1154,2629,2371,129,2,16,321,0,9366,1.858530856
leopard2-c0-v2,systematic_encode,per_payload_byte,129,63,low_v1,full_block_tail_exact,new_exact_profile,heuristic_conservative_dense_join,256,129,512,192,192,320,127,193,2.666666667,gf16,gf8,true,true,896,2048,1154,2627,2371,129,4,18,321,0,9370,1.85773746
leopard2-c0-v2,systematic_encode,per_payload_byte,129,63,low_v1,direct_matrix_exact,new_exact_profile,exact_dense_generator_arithmetic,256,129,512,192,192,320,127,193,2.666666667,gf16,gf8,true,true,0,8064,8127,8127,63,1,0,1,0,0,32508,0.535468192
leopard2-c0-v2,systematic_encode,per_payload_byte,129,63,low_v1,subproduct_tree_exact,new_exact_profile,asymptotic_generic_polynomial_proxy,256,129,512,192,192,320,127,193,2.666666667,gf16,gf8,true,true,36864,36864,36864,73728,36864,768,8,24,0,0,221216,0.078687798
leopard2-c0-v2,systematic_encode,per_payload_byte,129,65,legacy_high_v1,padded_dyadic_parent,parent_preserving,exact_structural_radix2_dag,128,128,512,512,194,318,255,63,2.639175258,gf16,gf16,true,false,1344,2816,1344,3266,3265,256,0,21,322,127,12035,1.0
leopard2-c0-v2,systematic_encode,per_payload_byte,129,65,legacy_high_v1,prefix_pruned_parent,parent_preserving,exact_structural_radix2_dag,128,128,512,512,194,318,255,63,2.639175258,gf16,gf16,true,false,1023,2174,1023,2624,2496,256,1,21,322,0,9344,1.287992295
leopard2-c0-v2,systematic_encode,per_payload_byte,129,65,legacy_high_v1,dependency_pruned_parent,parent_preserving,exact_structural_radix2_dag,128,128,512,512,194,318,255,63,2.639175258,gf16,gf16,true,false,1023,2174,1023,2624,2496,256,2,21,322,0,9348,1.287441164
leopard2-c0-v2,systematic_encode,per_payload_byte,129,65,legacy_high_v1,recursive_truncated_parent,parent_preserving,exact_arithmetic_lower_bound_scratch,128,128,512,512,194,318,255,63,2.639175258,gf16,gf16,true,false,1023,2174,1023,2624,2496,128,14,21,322,0,9396,1.280864198
leopard2-c0-v2,systematic_encode,per_payload_byte,129,65,legacy_high_v1,binary_dyadic_exact,new_exact_profile,heuristic_optimistic_cross_block,128,65,512,194,194,318,255,63,2.639175258,gf16,gf8,true,true,576,1412,771,1931,1671,65,3,21,259,0,6568,1.832369062
leopard2-c0-v2,systematic_encode,per_payload_byte,129,65,legacy_high_v1,full_block_tail_exact,new_exact_profile,heuristic_conservative_dense_join,128,65,512,194,194,318,255,63,2.639175258,gf16,gf8,true,true,576,1409,771,1928,1671,65,6,24,259,0,6574,1.830696684
leopard2-c0-v2,systematic_encode,per_payload_byte,129,65,legacy_high_v1,direct_matrix_exact,new_exact_profile,exact_dense_generator_arithmetic,128,65,512,194,194,318,255,63,2.639175258,gf16,gf8,true,true,0,8320,8385,8385,65,1,0,1,0,0,33540,0.358825283
leopard2-c0-v2,systematic_encode,per_payload_byte,129,65,legacy_high_v1,subproduct_tree_exact,new_exact_profile,asymptotic_generic_polynomial_proxy,128,65,512,194,194,318,255,63,2.639175258,gf16,gf8,true,true,37248,37248,37248,74496,37248,776,8,24,0,0,223520,0.053843057
leopard2-c0-v2,systematic_encode,per_payload_byte,129,65,low_v1,padded_dyadic_parent,parent_preserving,exact_structural_radix2_dag,256,256,512,512,194,318,127,191,2.639175258,gf16,gf16,true,false,2048,4096,2048,4546,4673,512,0,16,450,127,17411,1.0
leopard2-c0-v2,systematic_encode,per_payload_byte,129,65,low_v1,prefix_pruned_parent,parent_preserving,exact_structural_radix2_dag,256,256,512,512,194,318,127,191,2.639175258,gf16,gf16,true,false,1727,3454,1727,3904,3904,512,1,16,450,0,14720,1.1828125
leopard2-c0-v2,systematic_encode,per_payload_byte,129,65,low_v1,dependency_pruned_parent,parent_preserving,exact_structural_radix2_dag,256,256,512,512,194,318,127,191,2.639175258,gf16,gf16,true,false,1664,3328,1664,3778,3778,512,2,16,450,0,14220,1.22440225
leopard2-c0-v2,systematic_encode,per_payload_byte,129,65,low_v1,recursive_truncated_parent,parent_preserving,exact_arithmetic_lower_bound_scratch,256,256,512,512,194,318,127,191,2.639175258,gf16,gf16,true,false,1664,3328,1664,3778,3778,256,16,16,450,0,14276,1.219599328
leopard2-c0-v2,systematic_encode,per_payload_byte,129,65,low_v1,binary_dyadic_exact,new_exact_profile,heuristic_optimistic_cross_block,256,129,512,194,194,318,127,191,2.639175258,gf16,gf8,true,true,896,2050,1154,2631,2373,129,2,16,323,0,9370,1.858164354
leopard2-c0-v2,systematic_encode,per_payload_byte,129,65,low_v1,full_block_tail_exact,new_exact_profile,heuristic_conservative_dense_join,256,129,512,194,194,318,127,191,2.639175258,gf16,gf8,true,true,896,2048,1154,2629,2373,129,4,18,323,0,9374,1.857371453
leopard2-c0-v2,systematic_encode,per_payload_byte,129,65,low_v1,direct_matrix_exact,new_exact_profile,exact_dense_generator_arithmetic,256,129,512,194,194,318,127,191,2.639175258,gf16,gf8,true,true,0,8320,8385,8385,65,1,0,1,0,0,33540,0.519111509
leopard2-c0-v2,systematic_encode,per_payload_byte,129,65,low_v1,subproduct_tree_exact,new_exact_profile,asymptotic_generic_polynomial_proxy,256,129,512,194,194,318,127,191,2.639175258,gf16,gf8,true,true,37248,37248,37248,74496,37248,776,8,24,0,0,223520,0.077894596
leopard2-c0-v2,systematic_encode,per_payload_byte,129,127,legacy_high_v1,padded_dyadic_parent,parent_preserving,exact_structural_radix2_dag,128,128,512,512,256,256,255,1,2.0,gf16,gf16,true,false,1344,2816,1344,3328,3327,256,0,21,384,127,12159,1.0
leopard2-c0-v2,systematic_encode,per_payload_byte,129,127,legacy_high_v1,prefix_pruned_parent,parent_preserving,exact_structural_radix2_dag,128,128,512,512,256,256,255,1,2.0,gf16,gf16,true,false,1023,2174,1023,2686,2558,256,1,21,384,0,9468,1.284220532
leopard2-c0-v2,systematic_encode,per_payload_byte,129,127,legacy_high_v1,dependency_pruned_parent,parent_preserving,exact_structural_radix2_dag,128,128,512,512,256,256,255,1,2.0,gf16,gf16,true,false,1023,2174,1023,2686,2558,256,2,21,384,0,9472,1.283678209
leopard2-c0-v2,systematic_encode,per_payload_byte,129,127,legacy_high_v1,recursive_truncated_parent,parent_preserving,exact_arithmetic_lower_bound_scratch,128,128,512,512,256,256,255,1,2.0,gf16,gf16,true,false,1023,2174,1023,2686,2558,128,14,21,384,0,9520,1.277205882
leopard2-c0-v2,systematic_encode,per_payload_byte,129,127,legacy_high_v1,binary_dyadic_exact,new_exact_profile,heuristic_optimistic_cross_block,128,127,512,256,256,256,255,1,2.0,gf16,gf8,true,true,963,4339,3249,7135,4722,127,18,81,383,0,22766,0.534085918
leopard2-c0-v2,systematic_encode,per_payload_byte,129,127,legacy_high_v1,full_block_tail_exact,new_exact_profile,heuristic_conservative_dense_join,128,127,512,256,256,256,255,1,2.0,gf16,gf8,true,true,576,25093,24579,49606,13947,127,6,24,383,0,137828,0.088218649
leopard2-c0-v2,systematic_encode,per_payload_byte,129,127,legacy_high_v1,direct_matrix_exact,new_exact_profile,exact_dense_generator_arithmetic,128,127,512,256,256,256,255,1,2.0,gf16,gf8,true,true,0,16256,16383,16383,127,1,0,1,0,0,65532,0.185542941
leopard2-c0-v2,systematic_encode,per_payload_byte,129,127,legacy_high_v1,subproduct_tree_exact,new_exact_profile,asymptotic_generic_polynomial_proxy,128,127,512,256,256,256,255,1,2.0,gf16,gf8,true,true,49152,49152,49152,98304,49152,1024,8,24,0,0,294944,0.041224775
leopard2-c0-v2,systematic_encode,per_payload_byte,129,127,low_v1,padded_dyadic_parent,parent_preserving,exact_structural_radix2_dag,256,256,512,512,256,256,127,129,2.0,gf16,gf16,true,false,2048,4096,2048,4608,4735,512,0,16,512,127,17535,1.0
leopard2-c0-v2,systematic_encode,per_payload_byte,129,127,low_v1,prefix_pruned_parent,parent_preserving,exact_structural_radix2_dag,256,256,512,512,256,256,127,129,2.0,gf16,gf16,true,false,1727,3454,1727,3966,3966,512,1,16,512,0,14844,1.181285368
leopard2-c0-v2,systematic_encode,per_payload_byte,129,127,low_v1,dependency_pruned_parent,parent_preserving,exact_structural_radix2_dag,256,256,512,512,256,256,127,129,2.0,gf16,gf16,true,false,1726,3452,1726,3964,3964,512,2,16,512,0,14840,1.181603774
leopard2-c0-v2,systematic_encode,per_payload_byte,129,127,low_v1,recursive_truncated_parent,parent_preserving,exact_arithmetic_lower_bound_scratch,256,256,512,512,256,256,127,129,2.0,gf16,gf16,true,false,1726,3452,1726,3964,3964,256,16,16,512,0,14896,1.177161654
leopard2-c0-v2,systematic_encode,per_payload_byte,129,127,low_v1,binary_dyadic_exact,new_exact_profile,heuristic_optimistic_cross_block,256,129,512,256,256,256,127,129,2.0,gf16,gf8,true,true,896,2050,1154,2693,2435,129,2,16,385,0,9494,1.846955972
leopard2-c0-v2,systematic_encode,per_payload_byte,129,127,low_v1,full_block_tail_exact,new_exact_profile,heuristic_conservative_dense_join,256,129,512,256,256,256,127,129,2.0,gf16,gf8,true,true,896,2048,1154,2691,2435,129,4,18,385,0,9498,1.846178143
leopard2-c0-v2,systematic_encode,per_payload_byte,129,127,low_v1,direct_matrix_exact,new_exact_profile,exact_dense_generator_arithmetic,256,129,512,256,256,256,127,129,2.0,gf16,gf8,true,true,0,16256,16383,16383,127,1,0,1,0,0,65532,0.267579198
leopard2-c0-v2,systematic_encode,per_payload_byte,129,127,low_v1,subproduct_tree_exact,new_exact_profile,asymptotic_generic_polynomial_proxy,256,129,512,256,256,256,127,129,2.0,gf16,gf8,true,true,49152,49152,49152,98304,49152,1024,8,24,0,0,294944,0.059451964
leopard2-c0-v2,systematic_encode,per_payload_byte,129,129,legacy_high_v1,padded_dyadic_parent,parent_preserving,exact_structural_radix2_dag,256,256,512,512,258,254,127,127,1.984496124,gf16,gf16,false,false,2048,4096,2048,4610,4737,512,0,16,514,127,17539,1.0
leopard2-c0-v2,systematic_encode,per_payload_byte,129,129,legacy_high_v1,prefix_pruned_parent,parent_preserving,exact_structural_radix2_dag,256,256,512,512,258,254,127,127,1.984496124,gf16,gf16,false,false,1727,3454,1727,3968,3968,512,1,16,514,0,14848,1.18123653
leopard2-c0-v2,systematic_encode,per_payload_byte,129,129,legacy_high_v1,dependency_pruned_parent,parent_preserving,exact_structural_radix2_dag,256,256,512,512,258,254,127,127,1.984496124,gf16,gf16,false,false,1727,3454,1727,3968,3968,512,2,16,514,0,14852,1.180918395
leopard2-c0-v2,systematic_encode,per_payload_byte,129,129,legacy_high_v1,recursive_truncated_parent,parent_preserving,exact_arithmetic_lower_bound_scratch,256,256,512,512,258,254,127,127,1.984496124,gf16,gf16,false,false,1727,3454,1727,3968,3968,256,16,16,514,0,14908,1.176482426
leopard2-c0-v2,systematic_encode,per_payload_byte,129,129,legacy_high_v1,binary_dyadic_exact,new_exact_profile,heuristic_optimistic_cross_block,256,129,512,258,258,254,127,127,1.984496124,gf16,gf16,false,false,896,2050,1154,2695,2437,129,2,16,387,0,9498,1.846599284
leopard2-c0-v2,systematic_encode,per_payload_byte,129,129,legacy_high_v1,full_block_tail_exact,new_exact_profile,heuristic_conservative_dense_join,256,129,512,258,258,254,127,127,1.984496124,gf16,gf16,false,false,896,2048,1154,2693,2437,129,4,18,387,0,9502,1.845821932
leopard2-c0-v2,systematic_encode,per_payload_byte,129,129,legacy_high_v1,direct_matrix_exact,new_exact_profile,exact_dense_generator_arithmetic,256,129,512,258,258,254,127,127,1.984496124,gf16,gf16,false,false,0,16512,16641,16641,129,1,0,1,0,0,66564,0.263490776
leopard2-c0-v2,systematic_encode,per_payload_byte,129,129,legacy_high_v1,subproduct_tree_exact,new_exact_profile,asymptotic_generic_polynomial_proxy,256,129,512,258,258,254,127,127,1.984496124,gf16,gf16,false,false,62694,62694,62694,125388,62694,1032,9,27,0,0,376200,0.046621478
leopard2-c0-v2,systematic_encode,per_payload_byte,129,129,low_v1,padded_dyadic_parent,parent_preserving,exact_structural_radix2_dag,256,256,512,512,258,254,127,127,1.984496124,gf16,gf16,false,false,2048,4096,2048,4610,4737,512,0,16,514,127,17539,1.0
leopard2-c0-v2,systematic_encode,per_payload_byte,129,129,low_v1,prefix_pruned_parent,parent_preserving,exact_structural_radix2_dag,256,256,512,512,258,254,127,127,1.984496124,gf16,gf16,false,false,1727,3454,1727,3968,3968,512,1,16,514,0,14848,1.18123653
leopard2-c0-v2,systematic_encode,per_payload_byte,129,129,low_v1,dependency_pruned_parent,parent_preserving,exact_structural_radix2_dag,256,256,512,512,258,254,127,127,1.984496124,gf16,gf16,false,false,1727,3454,1727,3968,3968,512,2,16,514,0,14852,1.180918395
leopard2-c0-v2,systematic_encode,per_payload_byte,129,129,low_v1,recursive_truncated_parent,parent_preserving,exact_arithmetic_lower_bound_scratch,256,256,512,512,258,254,127,127,1.984496124,gf16,gf16,false,false,1727,3454,1727,3968,3968,256,16,16,514,0,14908,1.176482426
leopard2-c0-v2,systematic_encode,per_payload_byte,129,129,low_v1,binary_dyadic_exact,new_exact_profile,heuristic_optimistic_cross_block,256,129,512,258,258,254,127,127,1.984496124,gf16,gf16,false,false,896,2050,1154,2695,2437,129,2,16,387,0,9498,1.846599284
leopard2-c0-v2,systematic_encode,per_payload_byte,129,129,low_v1,full_block_tail_exact,new_exact_profile,heuristic_conservative_dense_join,256,129,512,258,258,254,127,127,1.984496124,gf16,gf16,false,false,896,2048,1154,2693,2437,129,4,18,387,0,9502,1.845821932
leopard2-c0-v2,systematic_encode,per_payload_byte,129,129,low_v1,direct_matrix_exact,new_exact_profile,exact_dense_generator_arithmetic,256,129,512,258,258,254,127,127,1.984496124,gf16,gf16,false,false,0,16512,16641,16641,129,1,0,1,0,0,66564,0.263490776
leopard2-c0-v2,systematic_encode,per_payload_byte,129,129,low_v1,subproduct_tree_exact,new_exact_profile,asymptotic_generic_polynomial_proxy,256,129,512,258,258,254,127,127,1.984496124,gf16,gf16,false,false,62694,62694,62694,125388,62694,1032,9,27,0,0,376200,0.046621478
leopard2-c0-v2,systematic_encode,per_payload_byte,129,255,legacy_high_v1,padded_dyadic_parent,parent_preserving,exact_structural_radix2_dag,256,256,512,512,384,128,127,1,1.333333333,gf16,gf16,false,false,2048,4096,2048,4736,4863,512,0,16,640,127,17791,1.0
leopard2-c0-v2,systematic_encode,per_payload_byte,129,255,legacy_high_v1,prefix_pruned_parent,parent_preserving,exact_structural_radix2_dag,256,256,512,512,384,128,127,1,1.333333333,gf16,gf16,false,false,1727,3454,1727,4094,4094,512,1,16,640,0,15100,1.178211921
leopard2-c0-v2,systematic_encode,per_payload_byte,129,255,legacy_high_v1,dependency_pruned_parent,parent_preserving,exact_structural_radix2_dag,256,256,512,512,384,128,127,1,1.333333333,gf16,gf16,false,false,1727,3454,1727,4094,4094,512,2,16,640,0,15104,1.177899894
leopard2-c0-v2,systematic_encode,per_payload_byte,129,255,legacy_high_v1,recursive_truncated_parent,parent_preserving,exact_arithmetic_lower_bound_scratch,256,256,512,512,384,128,127,1,1.333333333,gf16,gf16,false,false,1727,3454,1727,4094,4094,256,16,16,640,0,15160,1.173548813
leopard2-c0-v2,systematic_encode,per_payload_byte,129,255,legacy_high_v1,binary_dyadic_exact,new_exact_profile,heuristic_optimistic_cross_block,256,255,512,384,384,128,127,1,1.333333333,gf16,gf16,false,false,1538,6646,5108,10855,7285,255,14,70,639,0,35058,0.50747333
leopard2-c0-v2,systematic_encode,per_payload_byte,129,255,legacy_high_v1,full_block_tail_exact,new_exact_profile,heuristic_conservative_dense_join,256,255,512,384,384,128,127,1,1.333333333,gf16,gf16,false,false,896,66308,65666,131717,35197,255,4,18,639,0,364570,0.048799956
leopard2-c0-v2,systematic_encode,per_payload_byte,129,255,legacy_high_v1,direct_matrix_exact,new_exact_profile,exact_dense_generator_arithmetic,256,255,512,384,384,128,127,1,1.333333333,gf16,gf16,false,false,0,32640,32895,32895,255,1,0,1,0,0,131580,0.135210518
leopard2-c0-v2,systematic_encode,per_payload_byte,129,255,legacy_high_v1,subproduct_tree_exact,new_exact_profile,asymptotic_generic_polynomial_proxy,256,255,512,384,384,128,127,1,1.333333333,gf16,gf16,false,false,93312,93312,93312,186624,93312,1536,9,27,0,0,559908,0.031774863
leopard2-c0-v2,systematic_encode,per_payload_byte,129,255,low_v1,padded_dyadic_parent,parent_preserving,exact_structural_radix2_dag,256,256,512,512,384,128,127,1,1.333333333,gf16,gf16,false,false,2048,4096,2048,4736,4863,512,0,16,640,127,17791,1.0
leopard2-c0-v2,systematic_encode,per_payload_byte,129,255,low_v1,prefix_pruned_parent,parent_preserving,exact_structural_radix2_dag,256,256,512,512,384,128,127,1,1.333333333,gf16,gf16,false,false,1727,3454,1727,4094,4094,512,1,16,640,0,15100,1.178211921
leopard2-c0-v2,systematic_encode,per_payload_byte,129,255,low_v1,dependency_pruned_parent,parent_preserving,exact_structural_radix2_dag,256,256,512,512,384,128,127,1,1.333333333,gf16,gf16,false,false,1727,3454,1727,4094,4094,512,2,16,640,0,15104,1.177899894
leopard2-c0-v2,systematic_encode,per_payload_byte,129,255,low_v1,recursive_truncated_parent,parent_preserving,exact_arithmetic_lower_bound_scratch,256,256,512,512,384,128,127,1,1.333333333,gf16,gf16,false,false,1727,3454,1727,4094,4094,256,16,16,640,0,15160,1.173548813
leopard2-c0-v2,systematic_encode,per_payload_byte,129,255,low_v1,binary_dyadic_exact,new_exact_profile,heuristic_optimistic_cross_block,256,129,512,384,384,128,127,1,1.333333333,gf16,gf16,false,false,1344,3075,1731,4104,3717,129,3,24,642,0,14370,1.238065414
leopard2-c0-v2,systematic_encode,per_payload_byte,129,255,low_v1,full_block_tail_exact,new_exact_profile,heuristic_conservative_dense_join,256,129,512,384,384,128,127,1,1.333333333,gf16,gf16,false,false,1344,3072,1731,4101,3717,129,6,27,642,0,14376,1.237548692
leopard2-c0-v2,systematic_encode,per_payload_byte,129,255,low_v1,direct_matrix_exact,new_exact_profile,exact_dense_generator_arithmetic,256,129,512,384,384,128,127,1,1.333333333,gf16,gf16,false,false,0,32640,32895,32895,255,1,0,1,0,0,131580,0.135210518
leopard2-c0-v2,systematic_encode,per_payload_byte,129,255,low_v1,subproduct_tree_exact,new_exact_profile,asymptotic_generic_polynomial_proxy,256,129,512,384,384,128,127,1,1.333333333,gf16,gf16,false,false,93312,93312,93312,186624,93312,1536,9,27,0,0,559908,0.031774863
leopard2-c0-v2,systematic_encode,per_payload_byte,255,3,legacy_high_v1,padded_dyadic_parent,parent_preserving,exact_structural_radix2_dag,4,4,512,512,258,254,253,1,1.984496124,gf16,gf16,false,false,260,772,260,1286,1035,8,0,130,262,1,3613,1.0
leopard2-c0-v2,systematic_encode,per_payload_byte,255,3,legacy_high_v1,prefix_pruned_parent,parent_preserving,exact_structural_radix2_dag,4,4,512,512,258,254,253,1,1.984496124,gf16,gf16,false,false,260,772,260,1286,1034,8,1,130,262,0,3616,0.999170354
leopard2-c0-v2,systematic_encode,per_payload_byte,255,3,legacy_high_v1,dependency_pruned_parent,parent_preserving,exact_structural_radix2_dag,4,4,512,512,258,254,253,1,1.984496124,gf16,gf16,false,false,260,772,260,1286,1034,8,2,130,262,0,3620,0.998066298
leopard2-c0-v2,systematic_encode,per_payload_byte,255,3,legacy_high_v1,recursive_truncated_parent,parent_preserving,exact_arithmetic_lower_bound_scratch,4,4,512,512,258,254,253,1,1.984496124,gf16,gf16,false,false,260,772,260,1286,1034,4,4,130,262,0,3628,0.995865491
leopard2-c0-v2,systematic_encode,per_payload_byte,255,3,legacy_high_v1,binary_dyadic_exact,new_exact_profile,heuristic_optimistic_cross_block,4,3,512,258,258,254,253,1,1.984496124,gf16,gf16,false,false,86,682,344,1453,943,3,86,172,261,0,4110,0.879075426
leopard2-c0-v2,systematic_encode,per_payload_byte,255,3,legacy_high_v1,full_block_tail_exact,new_exact_profile,heuristic_conservative_dense_join,4,3,512,258,258,254,253,1,1.984496124,gf16,gf16,false,false,86,596,344,1367,943,3,172,258,261,0,4282,0.843764596
leopard2-c0-v2,systematic_encode,per_payload_byte,255,3,legacy_high_v1,direct_matrix_exact,new_exact_profile,exact_dense_generator_arithmetic,4,3,512,258,258,254,253,1,1.984496124,gf16,gf16,false,false,0,762,765,765,3,1,0,1,0,0,3060,1.180718954
leopard2-c0-v2,systematic_encode,per_payload_byte,255,3,legacy_high_v1,subproduct_tree_exact,new_exact_profile,asymptotic_generic_polynomial_proxy,4,3,512,258,258,254,253,1,1.984496124,gf16,gf16,false,false,62694,62694,62694,125388,62694,1032,9,27,0,0,376200,0.009603934
leopard2-c0-v2,systematic_encode,per_payload_byte,255,3,low_v1,padded_dyadic_parent,parent_preserving,exact_structural_radix2_dag,256,256,512,512,258,254,1,253,1.984496124,gf16,gf16,false,false,2048,4096,2048,4610,4611,512,0,16,514,1,17413,1.0
leopard2-c0-v2,systematic_encode,per_payload_byte,255,3,low_v1,prefix_pruned_parent,parent_preserving,exact_structural_radix2_dag,256,256,512,512,258,254,1,253,1.984496124,gf16,gf16,false,false,2048,4096,2048,4610,4610,512,1,16,514,0,17416,0.999827745
leopard2-c0-v2,systematic_encode,per_payload_byte,255,3,low_v1,dependency_pruned_parent,parent_preserving,exact_structural_radix2_dag,256,256,512,512,258,254,1,253,1.984496124,gf16,gf16,false,false,1469,2938,1469,3452,3452,512,2,16,514,0,12788,1.361667188
leopard2-c0-v2,systematic_encode,per_payload_byte,255,3,low_v1,recursive_truncated_parent,parent_preserving,exact_arithmetic_lower_bound_scratch,256,256,512,512,258,254,1,253,1.984496124,gf16,gf16,false,false,1469,2938,1469,3452,3452,256,16,16,514,0,12844,1.355730302
leopard2-c0-v2,systematic_encode,per_payload_byte,255,3,low_v1,binary_dyadic_exact,new_exact_profile,heuristic_optimistic_cross_block,256,255,512,258,258,254,1,253,1.984496124,gf16,gf16,false,false,1538,6646,5108,10729,7159,255,14,70,513,0,34806,0.500287307
leopard2-c0-v2,systematic_encode,per_payload_byte,255,3,low_v1,full_block_tail_exact,new_exact_profile,heuristic_conservative_dense_join,256,255,512,258,258,254,1,253,1.984496124,gf16,gf16,false,false,896,66308,65666,131591,35071,255,4,18,513,0,364318,0.047796156
leopard2-c0-v2,systematic_encode,per_payload_byte,255,3,low_v1,direct_matrix_exact,new_exact_profile,exact_dense_generator_arithmetic,256,255,512,258,258,254,1,253,1.984496124,gf16,gf16,false,false,0,762,765,765,3,1,0,1,0,0,3060,5.690522876
leopard2-c0-v2,systematic_encode,per_payload_byte,255,3,low_v1,subproduct_tree_exact,new_exact_profile,asymptotic_generic_polynomial_proxy,256,255,512,258,258,254,1,253,1.984496124,gf16,gf16,false,false,62694,62694,62694,125388,62694,1032,9,27,0,0,376200,0.04628655
leopard2-c0-v2,systematic_encode,per_payload_byte,255,5,legacy_high_v1,padded_dyadic_parent,parent_preserving,exact_structural_radix2_dag,8,8,512,512,260,252,249,3,1.969230769,gf16,gf16,false,false,396,1040,396,1556,1309,16,0,99,268,1,4697,1.0
leopard2-c0-v2,systematic_encode,per_payload_byte,255,5,legacy_high_v1,prefix_pruned_parent,parent_preserving,exact_structural_radix2_dag,8,8,512,512,260,252,249,3,1.969230769,gf16,gf16,false,false,396,1040,396,1556,1308,16,1,99,268,0,4700,0.999361702
leopard2-c0-v2,systematic_encode,per_payload_byte,255,5,legacy_high_v1,dependency_pruned_parent,parent_preserving,exact_structural_radix2_dag,8,8,512,512,260,252,249,3,1.969230769,gf16,gf16,false,false,396,1040,396,1556,1308,16,2,99,268,0,4704,0.998511905
leopard2-c0-v2,systematic_encode,per_payload_byte,255,5,legacy_high_v1,recursive_truncated_parent,parent_preserving,exact_arithmetic_lower_bound_scratch,8,8,512,512,260,252,249,3,1.969230769,gf16,gf16,false,false,396,1040,396,1556,1308,8,6,99,268,0,4720,0.995127119
leopard2-c0-v2,systematic_encode,per_payload_byte,255,5,legacy_high_v1,binary_dyadic_exact,new_exact_profile,heuristic_optimistic_cross_block,8,5,512,260,260,252,249,3,1.969230769,gf16,gf16,false,false,208,926,468,1701,1191,5,52,156,265,0,4962,0.946594115
leopard2-c0-v2,systematic_encode,per_payload_byte,255,5,legacy_high_v1,full_block_tail_exact,new_exact_profile,heuristic_conservative_dense_join,8,5,512,260,260,252,249,3,1.969230769,gf16,gf16,false,false,208,874,468,1649,1191,5,104,208,265,0,5066,0.927161469
leopard2-c0-v2,systematic_encode,per_payload_byte,255,5,legacy_high_v1,direct_matrix_exact,new_exact_profile,exact_dense_generator_arithmetic,8,5,512,260,260,252,249,3,1.969230769,gf16,gf16,false,false,0,1270,1275,1275,5,1,0,1,0,0,5100,0.920980392
leopard2-c0-v2,systematic_encode,per_payload_byte,255,5,legacy_high_v1,subproduct_tree_exact,new_exact_profile,asymptotic_generic_polynomial_proxy,8,5,512,260,260,252,249,3,1.969230769,gf16,gf16,false,false,63180,63180,63180,126360,63180,1040,9,27,0,0,379116,0.012389348
leopard2-c0-v2,systematic_encode,per_payload_byte,255,5,low_v1,padded_dyadic_parent,parent_preserving,exact_structural_radix2_dag,256,256,512,512,260,252,1,251,1.969230769,gf16,gf16,false,false,2048,4096,2048,4612,4613,512,0,16,516,1,17417,1.0
leopard2-c0-v2,systematic_encode,per_payload_byte,255,5,low_v1,prefix_pruned_parent,parent_preserving,exact_structural_radix2_dag,256,256,512,512,260,252,1,251,1.969230769,gf16,gf16,false,false,2048,4096,2048,4612,4612,512,1,16,516,0,17420,0.999827784
leopard2-c0-v2,systematic_encode,per_payload_byte,255,5,low_v1,dependency_pruned_parent,parent_preserving,exact_structural_radix2_dag,256,256,512,512,260,252,1,251,1.969230769,gf16,gf16,false,false,1563,3126,1563,3642,3642,512,2,16,516,0,13544,1.285956881
leopard2-c0-v2,systematic_encode,per_payload_byte,255,5,low_v1,recursive_truncated_parent,parent_preserving,exact_arithmetic_lower_bound_scratch,256,256,512,512,260,252,1,251,1.969230769,gf16,gf16,false,false,1563,3126,1563,3642,3642,256,16,16,516,0,13600,1.280661765
leopard2-c0-v2,systematic_encode,per_payload_byte,255,5,low_v1,binary_dyadic_exact,new_exact_profile,heuristic_optimistic_cross_block,256,255,512,260,260,252,1,251,1.969230769,gf16,gf16,false,false,1538,6646,5108,10731,7161,255,14,70,515,0,34810,0.500344729
leopard2-c0-v2,systematic_encode,per_payload_byte,255,5,low_v1,full_block_tail_exact,new_exact_profile,heuristic_conservative_dense_join,256,255,512,260,260,252,1,251,1.969230769,gf16,gf16,false,false,896,66308,65666,131593,35073,255,4,18,515,0,364322,0.047806611
leopard2-c0-v2,systematic_encode,per_payload_byte,255,5,low_v1,direct_matrix_exact,new_exact_profile,exact_dense_generator_arithmetic,256,255,512,260,260,252,1,251,1.969230769,gf16,gf16,false,false,0,1270,1275,1275,5,1,0,1,0,0,5100,3.415098039
leopard2-c0-v2,systematic_encode,per_payload_byte,255,5,low_v1,subproduct_tree_exact,new_exact_profile,asymptotic_generic_polynomial_proxy,256,255,512,260,260,252,1,251,1.969230769,gf16,gf16,false,false,63180,63180,63180,126360,63180,1040,9,27,0,0,379116,0.045941084
leopard2-c0-v2,systematic_encode,per_payload_byte,255,7,legacy_high_v1,padded_dyadic_parent,parent_preserving,exact_structural_radix2_dag,8,8,512,512,262,250,249,1,1.954198473,gf16,gf16,false,false,396,1040,396,1558,1311,16,0,99,270,1,4701,1.0
leopard2-c0-v2,systematic_encode,per_payload_byte,255,7,legacy_high_v1,prefix_pruned_parent,parent_preserving,exact_structural_radix2_dag,8,8,512,512,262,250,249,1,1.954198473,gf16,gf16,false,false,396,1040,396,1558,1310,16,1,99,270,0,4704,0.999362245
leopard2-c0-v2,systematic_encode,per_payload_byte,255,7,legacy_high_v1,dependency_pruned_parent,parent_preserving,exact_structural_radix2_dag,8,8,512,512,262,250,249,1,1.954198473,gf16,gf16,false,false,396,1040,396,1558,1310,16,2,99,270,0,4708,0.998513169
leopard2-c0-v2,systematic_encode,per_payload_byte,255,7,legacy_high_v1,recursive_truncated_parent,parent_preserving,exact_arithmetic_lower_bound_scratch,8,8,512,512,262,250,249,1,1.954198473,gf16,gf16,false,false,396,1040,396,1558,1310,8,6,99,270,0,4724,0.995131245
leopard2-c0-v2,systematic_encode,per_payload_byte,255,7,legacy_high_v1,binary_dyadic_exact,new_exact_profile,heuristic_optimistic_cross_block,8,7,512,262,262,250,249,1,1.954198473,gf16,gf16,false,false,190,1164,722,2217,1433,7,76,190,269,0,6562,0.71639744
leopard2-c0-v2,systematic_encode,per_payload_byte,255,7,legacy_high_v1,full_block_tail_exact,new_exact_profile,heuristic_conservative_dense_join,8,7,512,262,262,250,249,1,1.954198473,gf16,gf16,false,false,152,1240,950,2559,1395,7,76,152,269,0,7398,0.635442011
leopard2-c0-v2,systematic_encode,per_payload_byte,255,7,legacy_high_v1,direct_matrix_exact,new_exact_profile,exact_dense_generator_arithmetic,8,7,512,262,262,250,249,1,1.954198473,gf16,gf16,false,false,0,1778,1785,1785,7,1,0,1,0,0,7140,0.658403361
leopard2-c0-v2,systematic_encode,per_payload_byte,255,7,legacy_high_v1,subproduct_tree_exact,new_exact_profile,asymptotic_generic_polynomial_proxy,8,7,512,262,262,250,249,1,1.954198473,gf16,gf16,false,false,63666,63666,63666,127332,63666,1048,9,27,0,0,382032,0.012305252
leopard2-c0-v2,systematic_encode,per_payload_byte,255,7,low_v1,padded_dyadic_parent,parent_preserving,exact_structural_radix2_dag,256,256,512,512,262,250,1,249,1.954198473,gf16,gf16,false,false,2048,4096,2048,4614,4615,512,0,16,518,1,17421,1.0
leopard2-c0-v2,systematic_encode,per_payload_byte,255,7,low_v1,prefix_pruned_parent,parent_preserving,exact_structural_radix2_dag,256,256,512,512,262,250,1,249,1.954198473,gf16,gf16,false,false,2048,4096,2048,4614,4614,512,1,16,518,0,17424,0.999827824
leopard2-c0-v2,systematic_encode,per_payload_byte,255,7,low_v1,dependency_pruned_parent,parent_preserving,exact_structural_radix2_dag,256,256,512,512,262,250,1,249,1.954198473,gf16,gf16,false,false,1625,3250,1625,3768,3768,512,2,16,518,0,14044,1.240458559
leopard2-c0-v2,systematic_encode,per_payload_byte,255,7,low_v1,recursive_truncated_parent,parent_preserving,exact_arithmetic_lower_bound_scratch,256,256,512,512,262,250,1,249,1.954198473,gf16,gf16,false,false,1625,3250,1625,3768,3768,256,16,16,518,0,14100,1.235531915
leopard2-c0-v2,systematic_encode,per_payload_byte,255,7,low_v1,binary_dyadic_exact,new_exact_profile,heuristic_optimistic_cross_block,256,255,512,262,262,250,1,249,1.954198473,gf16,gf16,false,false,1538,6646,5108,10733,7163,255,14,70,517,0,34814,0.500402137
leopard2-c0-v2,systematic_encode,per_payload_byte,255,7,low_v1,full_block_tail_exact,new_exact_profile,heuristic_conservative_dense_join,256,255,512,262,262,250,1,249,1.954198473,gf16,gf16,false,false,896,66308,65666,131595,35075,255,4,18,517,0,364326,0.047817065
leopard2-c0-v2,systematic_encode,per_payload_byte,255,7,low_v1,direct_matrix_exact,new_exact_profile,exact_dense_generator_arithmetic,256,255,512,262,262,250,1,249,1.954198473,gf16,gf16,false,false,0,1778,1785,1785,7,1,0,1,0,0,7140,2.439915966
leopard2-c0-v2,systematic_encode,per_payload_byte,255,7,low_v1,subproduct_tree_exact,new_exact_profile,asymptotic_generic_polynomial_proxy,256,255,512,262,262,250,1,249,1.954198473,gf16,gf16,false,false,63666,63666,63666,127332,63666,1048,9,27,0,0,382032,0.045600892
leopard2-c0-v2,systematic_encode,per_payload_byte,255,9,legacy_high_v1,padded_dyadic_parent,parent_preserving,exact_structural_radix2_dag,16,16,512,512,264,248,241,7,1.939393939,gf16,gf16,false,false,544,1328,544,1848,1609,32,0,68,280,1,5873,1.0
leopard2-c0-v2,systematic_encode,per_payload_byte,255,9,legacy_high_v1,prefix_pruned_parent,parent_preserving,exact_structural_radix2_dag,16,16,512,512,264,248,241,7,1.939393939,gf16,gf16,false,false,544,1328,544,1848,1608,32,1,68,280,0,5876,0.999489449
leopard2-c0-v2,systematic_encode,per_payload_byte,255,9,legacy_high_v1,dependency_pruned_parent,parent_preserving,exact_structural_radix2_dag,16,16,512,512,264,248,241,7,1.939393939,gf16,gf16,false,false,544,1328,544,1848,1608,32,2,68,280,0,5880,0.998809524
leopard2-c0-v2,systematic_encode,per_payload_byte,255,9,legacy_high_v1,recursive_truncated_parent,parent_preserving,exact_arithmetic_lower_bound_scratch,16,16,512,512,264,248,241,7,1.939393939,gf16,gf16,false,false,544,1328,544,1848,1608,16,8,68,280,0,5904,0.994749322
leopard2-c0-v2,systematic_encode,per_payload_byte,255,9,legacy_high_v1,binary_dyadic_exact,new_exact_profile,heuristic_optimistic_cross_block,16,9,512,264,264,248,241,7,1.939393939,gf16,gf16,false,false,360,1242,630,2037,1515,9,30,120,273,0,6174,0.951247166
leopard2-c0-v2,systematic_encode,per_payload_byte,255,9,legacy_high_v1,full_block_tail_exact,new_exact_profile,heuristic_conservative_dense_join,16,9,512,264,264,248,241,7,1.939393939,gf16,gf16,false,false,360,1212,630,2007,1515,9,60,150,273,0,6234,0.942091755
leopard2-c0-v2,systematic_encode,per_payload_byte,255,9,legacy_high_v1,direct_matrix_exact,new_exact_profile,exact_dense_generator_arithmetic,16,9,512,264,264,248,241,7,1.939393939,gf16,gf16,false,false,0,2286,2295,2295,9,1,0,1,0,0,9180,0.639760349
leopard2-c0-v2,systematic_encode,per_payload_byte,255,9,legacy_high_v1,subproduct_tree_exact,new_exact_profile,asymptotic_generic_polynomial_proxy,16,9,512,264,264,248,241,7,1.939393939,gf16,gf16,false,false,64152,64152,64152,128304,64152,1056,9,27,0,0,384948,0.015256606
leopard2-c0-v2,systematic_encode,per_payload_byte,255,9,low_v1,padded_dyadic_parent,parent_preserving,exact_structural_radix2_dag,256,256,512,512,264,248,1,247,1.939393939,gf16,gf16,false,false,2048,4096,2048,4616,4617,512,0,16,520,1,17425,1.0
leopard2-c0-v2,systematic_encode,per_payload_byte,255,9,low_v1,prefix_pruned_parent,parent_preserving,exact_structural_radix2_dag,256,256,512,512,264,248,1,247,1.939393939,gf16,gf16,false,false,2048,4096,2048,4616,4616,512,1,16,520,0,17428,0.999827863
leopard2-c0-v2,systematic_encode,per_payload_byte,255,9,low_v1,dependency_pruned_parent,parent_preserving,exact_structural_radix2_dag,256,256,512,512,264,248,1,247,1.939393939,gf16,gf16,false,false,1671,3342,1671,3862,3862,512,2,16,520,0,14416,1.208726415
leopard2-c0-v2,systematic_encode,per_payload_byte,255,9,low_v1,recursive_truncated_parent,parent_preserving,exact_arithmetic_lower_bound_scratch,256,256,512,512,264,248,1,247,1.939393939,gf16,gf16,false,false,1671,3342,1671,3862,3862,256,16,16,520,0,14472,1.204049198
leopard2-c0-v2,systematic_encode,per_payload_byte,255,9,low_v1,binary_dyadic_exact,new_exact_profile,heuristic_optimistic_cross_block,256,255,512,264,264,248,1,247,1.939393939,gf16,gf16,false,false,1538,6646,5108,10735,7165,255,14,70,519,0,34818,0.500459532
leopard2-c0-v2,systematic_encode,per_payload_byte,255,9,low_v1,full_block_tail_exact,new_exact_profile,heuristic_conservative_dense_join,256,255,512,264,264,248,1,247,1.939393939,gf16,gf16,false,false,896,66308,65666,131597,35077,255,4,18,519,0,364330,0.047827519
leopard2-c0-v2,systematic_encode,per_payload_byte,255,9,low_v1,direct_matrix_exact,new_exact_profile,exact_dense_generator_arithmetic,256,255,512,264,264,248,1,247,1.939393939,gf16,gf16,false,false,0,2286,2295,2295,9,1,0,1,0,0,9180,1.898148148
leopard2-c0-v2,systematic_encode,per_payload_byte,255,9,low_v1,subproduct_tree_exact,new_exact_profile,asymptotic_generic_polynomial_proxy,256,255,512,264,264,248,1,247,1.939393939,gf16,gf16,false,false,64152,64152,64152,128304,64152,1056,9,27,0,0,384948,0.045265854
leopard2-c0-v2,systematic_encode,per_payload_byte,255,15,legacy_high_v1,padded_dyadic_parent,parent_preserving,exact_structural_radix2_dag,16,16,512,512,270,242,241,1,1.896296296,gf16,gf16,false,false,544,1328,544,1854,1615,32,0,68,286,1,5885,1.0
leopard2-c0-v2,systematic_encode,per_payload_byte,255,15,legacy_high_v1,prefix_pruned_parent,parent_preserving,exact_structural_radix2_dag,16,16,512,512,270,242,241,1,1.896296296,gf16,gf16,false,false,544,1328,544,1854,1614,32,1,68,286,0,5888,0.999490489
leopard2-c0-v2,systematic_encode,per_payload_byte,255,15,legacy_high_v1,dependency_pruned_parent,parent_preserving,exact_structural_radix2_dag,16,16,512,512,270,242,241,1,1.896296296,gf16,gf16,false,false,544,1328,544,1854,1614,32,2,68,286,0,5892,0.998811948
leopard2-c0-v2,systematic_encode,per_payload_byte,255,15,legacy_high_v1,recursive_truncated_parent,parent_preserving,exact_arithmetic_lower_bound_scratch,16,16,512,512,270,242,241,1,1.896296296,gf16,gf16,false,false,544,1328,544,1854,1614,16,8,68,286,0,5916,0.994759973
leopard2-c0-v2,systematic_encode,per_payload_byte,255,15,legacy_high_v1,binary_dyadic_exact,new_exact_profile,heuristic_optimistic_cross_block,16,15,512,270,270,242,241,1,1.896296296,gf16,gf16,false,false,306,1662,1116,2997,1947,15,54,162,285,0,9054,0.649988955
leopard2-c0-v2,systematic_encode,per_payload_byte,255,15,legacy_high_v1,full_block_tail_exact,new_exact_profile,heuristic_conservative_dense_join,16,15,512,270,270,242,241,1,1.896296296,gf16,gf16,false,false,216,2436,2106,4851,2091,15,36,90,285,0,13734,0.428498617
leopard2-c0-v2,systematic_encode,per_payload_byte,255,15,legacy_high_v1,direct_matrix_exact,new_exact_profile,exact_dense_generator_arithmetic,16,15,512,270,270,242,241,1,1.896296296,gf16,gf16,false,false,0,3810,3825,3825,15,1,0,1,0,0,15300,0.384640523
leopard2-c0-v2,systematic_encode,per_payload_byte,255,15,legacy_high_v1,subproduct_tree_exact,new_exact_profile,asymptotic_generic_polynomial_proxy,16,15,512,270,270,242,241,1,1.896296296,gf16,gf16,false,false,65610,65610,65610,131220,65610,1080,9,27,0,0,393696,0.014948082
leopard2-c0-v2,systematic_encode,per_payload_byte,255,15,low_v1,padded_dyadic_parent,parent_preserving,exact_structural_radix2_dag,256,256,512,512,270,242,1,241,1.896296296,gf16,gf16,false,false,2048,4096,2048,4622,4623,512,0,16,526,1,17437,1.0
leopard2-c0-v2,systematic_encode,per_payload_byte,255,15,low_v1,prefix_pruned_parent,parent_preserving,exact_structural_radix2_dag,256,256,512,512,270,242,1,241,1.896296296,gf16,gf16,false,false,2048,4096,2048,4622,4622,512,1,16,526,0,17440,0.999827982
leopard2-c0-v2,systematic_encode,per_payload_byte,255,15,low_v1,dependency_pruned_parent,parent_preserving,exact_structural_radix2_dag,256,256,512,512,270,242,1,241,1.896296296,gf16,gf16,false,false,1761,3522,1761,4048,4048,512,2,16,526,0,15148,1.151109057
leopard2-c0-v2,systematic_encode,per_payload_byte,255,15,low_v1,recursive_truncated_parent,parent_preserving,exact_arithmetic_lower_bound_scratch,256,256,512,512,270,242,1,241,1.896296296,gf16,gf16,false,false,1761,3522,1761,4048,4048,256,16,16,526,0,15204,1.146869245
leopard2-c0-v2,systematic_encode,per_payload_byte,255,15,low_v1,binary_dyadic_exact,new_exact_profile,heuristic_optimistic_cross_block,256,255,512,270,270,242,1,241,1.896296296,gf16,gf16,false,false,1538,6646,5108,10741,7171,255,14,70,525,0,34830,0.500631639
leopard2-c0-v2,systematic_encode,per_payload_byte,255,15,low_v1,full_block_tail_exact,new_exact_profile,heuristic_conservative_dense_join,256,255,512,270,270,242,1,241,1.896296296,gf16,gf16,false,false,896,66308,65666,131603,35083,255,4,18,525,0,364342,0.04785888
leopard2-c0-v2,systematic_encode,per_payload_byte,255,15,low_v1,direct_matrix_exact,new_exact_profile,exact_dense_generator_arithmetic,256,255,512,270,270,242,1,241,1.896296296,gf16,gf16,false,false,0,3810,3825,3825,15,1,0,1,0,0,15300,1.139673203
leopard2-c0-v2,systematic_encode,per_payload_byte,255,15,low_v1,subproduct_tree_exact,new_exact_profile,asymptotic_generic_polynomial_proxy,256,255,512,270,270,242,1,241,1.896296296,gf16,gf16,false,false,65610,65610,65610,131220,65610,1080,9,27,0,0,393696,0.044290519
leopard2-c0-v2,systematic_encode,per_payload_byte,255,17,legacy_high_v1,padded_dyadic_parent,parent_preserving,exact_structural_radix2_dag,32,32,512,512,272,240,225,15,1.882352941,gf16,gf16,false,false,720,1664,720,2192,1969,64,0,45,304,1,7265,1.0
leopard2-c0-v2,systematic_encode,per_payload_byte,255,17,legacy_high_v1,prefix_pruned_parent,parent_preserving,exact_structural_radix2_dag,32,32,512,512,272,240,225,15,1.882352941,gf16,gf16,false,false,720,1664,720,2192,1968,64,1,45,304,0,7268,0.999587232
leopard2-c0-v2,systematic_encode,per_payload_byte,255,17,legacy_high_v1,dependency_pruned_parent,parent_preserving,exact_structural_radix2_dag,32,32,512,512,272,240,225,15,1.882352941,gf16,gf16,false,false,720,1664,720,2192,1968,64,2,45,304,0,7272,0.999037404
leopard2-c0-v2,systematic_encode,per_payload_byte,255,17,legacy_high_v1,recursive_truncated_parent,parent_preserving,exact_arithmetic_lower_bound_scratch,32,32,512,512,272,240,225,15,1.882352941,gf16,gf16,false,false,720,1664,720,2192,1968,32,10,45,304,0,7304,0.99466046
leopard2-c0-v2,systematic_encode,per_payload_byte,255,17,legacy_high_v1,binary_dyadic_exact,new_exact_profile,heuristic_optimistic_cross_block,32,17,512,272,272,240,225,15,1.882352941,gf16,gf16,false,false,512,1534,784,2333,1823,17,16,80,289,0,7322,0.992215242
leopard2-c0-v2,systematic_encode,per_payload_byte,255,17,legacy_high_v1,full_block_tail_exact,new_exact_profile,heuristic_conservative_dense_join,32,17,512,272,272,240,225,15,1.882352941,gf16,gf16,false,false,512,1518,784,2317,1823,17,32,96,289,0,7354,0.987897743
leopard2-c0-v2,systematic_encode,per_payload_byte,255,17,legacy_high_v1,direct_matrix_exact,new_exact_profile,exact_dense_generator_arithmetic,32,17,512,272,272,240,225,15,1.882352941,gf16,gf16,false,false,0,4318,4335,4335,17,1,0,1,0,0,17340,0.418973472
leopard2-c0-v2,systematic_encode,per_payload_byte,255,17,legacy_high_v1,subproduct_tree_exact,new_exact_profile,asymptotic_generic_polynomial_proxy,32,17,512,272,272,240,225,15,1.882352941,gf16,gf16,false,false,66096,66096,66096,132192,66096,1088,9,27,0,0,396612,0.01831765
leopard2-c0-v2,systematic_encode,per_payload_byte,255,17,low_v1,padded_dyadic_parent,parent_preserving,exact_structural_radix2_dag,256,256,512,512,272,240,1,239,1.882352941,gf16,gf16,false,false,2048,4096,2048,4624,4625,512,0,16,528,1,17441,1.0
leopard2-c0-v2,systematic_encode,per_payload_byte,255,17,low_v1,prefix_pruned_parent,parent_preserving,exact_structural_radix2_dag,256,256,512,512,272,240,1,239,1.882352941,gf16,gf16,false,false,2048,4096,2048,4624,4624,512,1,16,528,0,17444,0.999828021
leopard2-c0-v2,systematic_encode,per_payload_byte,255,17,low_v1,dependency_pruned_parent,parent_preserving,exact_structural_radix2_dag,256,256,512,512,272,240,1,239,1.882352941,gf16,gf16,false,false,1783,3566,1783,4094,4094,512,2,16,528,0,15328,1.137852296
leopard2-c0-v2,systematic_encode,per_payload_byte,255,17,low_v1,recursive_truncated_parent,parent_preserving,exact_arithmetic_lower_bound_scratch,256,256,512,512,272,240,1,239,1.882352941,gf16,gf16,false,false,1783,3566,1783,4094,4094,256,16,16,528,0,15384,1.133710348
leopard2-c0-v2,systematic_encode,per_payload_byte,255,17,low_v1,binary_dyadic_exact,new_exact_profile,heuristic_optimistic_cross_block,256,255,512,272,272,240,1,239,1.882352941,gf16,gf16,false,false,1538,6646,5108,10743,7173,255,14,70,527,0,34834,0.500688982
leopard2-c0-v2,systematic_encode,per_payload_byte,255,17,low_v1,full_block_tail_exact,new_exact_profile,heuristic_conservative_dense_join,256,255,512,272,272,240,1,239,1.882352941,gf16,gf16,false,false,896,66308,65666,131605,35085,255,4,18,527,0,364346,0.047869333
leopard2-c0-v2,systematic_encode,per_payload_byte,255,17,low_v1,direct_matrix_exact,new_exact_profile,exact_dense_generator_arithmetic,256,255,512,272,272,240,1,239,1.882352941,gf16,gf16,false,false,0,4318,4335,4335,17,1,0,1,0,0,17340,1.005824683
leopard2-c0-v2,systematic_encode,per_payload_byte,255,17,low_v1,subproduct_tree_exact,new_exact_profile,asymptotic_generic_polynomial_proxy,256,255,512,272,272,240,1,239,1.882352941,gf16,gf16,false,false,66096,66096,66096,132192,66096,1088,9,27,0,0,396612,0.043974968
leopard2-c0-v2,systematic_encode,per_payload_byte,255,31,legacy_high_v1,padded_dyadic_parent,parent_preserving,exact_structural_radix2_dag,32,32,512,512,286,226,225,1,1.79020979,gf16,gf16,false,false,720,1664,720,2206,1983,64,0,45,318,1,7293,1.0
leopard2-c0-v2,systematic_encode,per_payload_byte,255,31,legacy_high_v1,prefix_pruned_parent,parent_preserving,exact_structural_radix2_dag,32,32,512,512,286,226,225,1,1.79020979,gf16,gf16,false,false,720,1664,720,2206,1982,64,1,45,318,0,7296,0.999588816
leopard2-c0-v2,systematic_encode,per_payload_byte,255,31,legacy_high_v1,dependency_pruned_parent,parent_preserving,exact_structural_radix2_dag,32,32,512,512,286,226,225,1,1.79020979,gf16,gf16,false,false,720,1664,720,2206,1982,64,2,45,318,0,7300,0.999041096
leopard2-c0-v2,systematic_encode,per_payload_byte,255,31,legacy_high_v1,recursive_truncated_parent,parent_preserving,exact_arithmetic_lower_bound_scratch,32,32,512,512,286,226,225,1,1.79020979,gf16,gf16,false,false,720,1664,720,2206,1982,32,10,45,318,0,7332,0.994680851
leopard2-c0-v2,systematic_encode,per_payload_byte,255,31,legacy_high_v1,binary_dyadic_exact,new_exact_profile,heuristic_optimistic_cross_block,32,31,512,286,286,226,225,1,1.79020979,gf16,gf16,false,false,490,2468,1730,4273,2785,31,40,140,317,0,13146,0.554769512
leopard2-c0-v2,systematic_encode,per_payload_byte,255,31,legacy_high_v1,full_block_tail_exact,new_exact_profile,heuristic_conservative_dense_join,32,31,512,286,286,226,225,1,1.79020979,gf16,gf16,false,false,320,5388,4970,10603,3755,31,20,60,317,0,29766,0.245011086
leopard2-c0-v2,systematic_encode,per_payload_byte,255,31,legacy_high_v1,direct_matrix_exact,new_exact_profile,exact_dense_generator_arithmetic,32,31,512,286,286,226,225,1,1.79020979,gf16,gf16,false,false,0,7874,7905,7905,31,1,0,1,0,0,31620,0.230645161
leopard2-c0-v2,systematic_encode,per_payload_byte,255,31,legacy_high_v1,subproduct_tree_exact,new_exact_profile,asymptotic_generic_polynomial_proxy,32,31,512,286,286,226,225,1,1.79020979,gf16,gf16,false,false,69498,69498,69498,138996,69498,1144,9,27,0,0,417024,0.017488202
leopard2-c0-v2,systematic_encode,per_payload_byte,255,31,low_v1,padded_dyadic_parent,parent_preserving,exact_structural_radix2_dag,256,256,512,512,286,226,1,225,1.79020979,gf16,gf16,false,false,2048,4096,2048,4638,4639,512,0,16,542,1,17469,1.0
leopard2-c0-v2,systematic_encode,per_payload_byte,255,31,low_v1,prefix_pruned_parent,parent_preserving,exact_structural_radix2_dag,256,256,512,512,286,226,1,225,1.79020979,gf16,gf16,false,false,2048,4096,2048,4638,4638,512,1,16,542,0,17472,0.999828297
leopard2-c0-v2,systematic_encode,per_payload_byte,255,31,low_v1,dependency_pruned_parent,parent_preserving,exact_structural_radix2_dag,256,256,512,512,286,226,1,225,1.79020979,gf16,gf16,false,false,1881,3762,1881,4304,4304,512,2,16,542,0,16140,1.082342007
leopard2-c0-v2,systematic_encode,per_payload_byte,255,31,low_v1,recursive_truncated_parent,parent_preserving,exact_arithmetic_lower_bound_scratch,256,256,512,512,286,226,1,225,1.79020979,gf16,gf16,false,false,1881,3762,1881,4304,4304,256,16,16,542,0,16196,1.078599654
leopard2-c0-v2,systematic_encode,per_payload_byte,255,31,low_v1,binary_dyadic_exact,new_exact_profile,heuristic_optimistic_cross_block,256,255,512,286,286,226,1,225,1.79020979,gf16,gf16,false,false,1538,6646,5108,10757,7187,255,14,70,541,0,34862,0.501090012
leopard2-c0-v2,systematic_encode,per_payload_byte,255,31,low_v1,full_block_tail_exact,new_exact_profile,heuristic_conservative_dense_join,256,255,512,286,286,226,1,225,1.79020979,gf16,gf16,false,false,896,66308,65666,131619,35099,255,4,18,541,0,364374,0.047942499
leopard2-c0-v2,systematic_encode,per_payload_byte,255,31,low_v1,direct_matrix_exact,new_exact_profile,exact_dense_generator_arithmetic,256,255,512,286,286,226,1,225,1.79020979,gf16,gf16,false,false,0,7874,7905,7905,31,1,0,1,0,0,31620,0.552466793
leopard2-c0-v2,systematic_encode,per_payload_byte,255,31,low_v1,subproduct_tree_exact,new_exact_profile,asymptotic_generic_polynomial_proxy,256,255,512,286,286,226,1,225,1.79020979,gf16,gf16,false,false,69498,69498,69498,138996,69498,1144,9,27,0,0,417024,0.041889675
leopard2-c0-v2,systematic_encode,per_payload_byte,255,33,legacy_high_v1,padded_dyadic_parent,parent_preserving,exact_structural_radix2_dag,64,64,512,512,288,224,193,31,1.777777778,gf16,gf16,false,false,960,2112,960,2656,2465,128,0,30,352,1,9153,1.0
leopard2-c0-v2,systematic_encode,per_payload_byte,255,33,legacy_high_v1,prefix_pruned_parent,parent_preserving,exact_structural_radix2_dag,64,64,512,512,288,224,193,31,1.777777778,gf16,gf16,false,false,960,2112,960,2656,2464,128,1,30,352,0,9156,0.999672346
leopard2-c0-v2,systematic_encode,per_payload_byte,255,33,legacy_high_v1,dependency_pruned_parent,parent_preserving,exact_structural_radix2_dag,64,64,512,512,288,224,193,31,1.777777778,gf16,gf16,false,false,960,2112,960,2656,2464,128,2,30,352,0,9160,0.999235808
leopard2-c0-v2,systematic_encode,per_payload_byte,255,33,legacy_high_v1,recursive_truncated_parent,parent_preserving,exact_arithmetic_lower_bound_scratch,64,64,512,512,288,224,193,31,1.777777778,gf16,gf16,false,false,960,2112,960,2656,2464,64,12,30,352,0,9200,0.994891304
leopard2-c0-v2,systematic_encode,per_payload_byte,255,33,legacy_high_v1,binary_dyadic_exact,new_exact_profile,heuristic_optimistic_cross_block,64,33,512,288,288,224,193,31,1.777777778,gf16,gf16,false,false,720,1968,1017,2817,2289,33,9,54,321,0,9144,1.000984252
leopard2-c0-v2,systematic_encode,per_payload_byte,255,33,legacy_high_v1,full_block_tail_exact,new_exact_profile,heuristic_conservative_dense_join,64,33,512,288,288,224,193,31,1.777777778,gf16,gf16,false,false,720,1959,1017,2808,2289,33,18,63,321,0,9162,0.999017682
leopard2-c0-v2,systematic_encode,per_payload_byte,255,33,legacy_high_v1,direct_matrix_exact,new_exact_profile,exact_dense_generator_arithmetic,64,33,512,288,288,224,193,31,1.777777778,gf16,gf16,false,false,0,8382,8415,8415,33,1,0,1,0,0,33660,0.271925134
leopard2-c0-v2,systematic_encode,per_payload_byte,255,33,legacy_high_v1,subproduct_tree_exact,new_exact_profile,asymptotic_generic_polynomial_proxy,64,33,512,288,288,224,193,31,1.777777778,gf16,gf16,false,false,69984,69984,69984,139968,69984,1152,9,27,0,0,419940,0.021795971
leopard2-c0-v2,systematic_encode,per_payload_byte,255,33,low_v1,padded_dyadic_parent,parent_preserving,exact_structural_radix2_dag,256,256,512,512,288,224,1,223,1.777777778,gf16,gf16,false,false,2048,4096,2048,4640,4641,512,0,16,544,1,17473,1.0
leopard2-c0-v2,systematic_encode,per_payload_byte,255,33,low_v1,prefix_pruned_parent,parent_preserving,exact_structural_radix2_dag,256,256,512,512,288,224,1,223,1.777777778,gf16,gf16,false,false,2048,4096,2048,4640,4640,512,1,16,544,0,17476,0.999828336
leopard2-c0-v2,systematic_encode,per_payload_byte,255,33,low_v1,dependency_pruned_parent,parent_preserving,exact_structural_radix2_dag,256,256,512,512,288,224,1,223,1.777777778,gf16,gf16,false,false,1891,3782,1891,4326,4326,512,2,16,544,0,16224,1.076984714
leopard2-c0-v2,systematic_encode,per_payload_byte,255,33,low_v1,recursive_truncated_parent,parent_preserving,exact_arithmetic_lower_bound_scratch,256,256,512,512,288,224,1,223,1.777777778,gf16,gf16,false,false,1891,3782,1891,4326,4326,256,16,16,544,0,16280,1.073280098
leopard2-c0-v2,systematic_encode,per_payload_byte,255,33,low_v1,binary_dyadic_exact,new_exact_profile,heuristic_optimistic_cross_block,256,255,512,288,288,224,1,223,1.777777778,gf16,gf16,false,false,1538,6646,5108,10759,7189,255,14,70,543,0,34866,0.501147249
leopard2-c0-v2,systematic_encode,per_payload_byte,255,33,low_v1,full_block_tail_exact,new_exact_profile,heuristic_conservative_dense_join,256,255,512,288,288,224,1,223,1.777777778,gf16,gf16,false,false,896,66308,65666,131621,35101,255,4,18,543,0,364378,0.04795295
leopard2-c0-v2,systematic_encode,per_payload_byte,255,33,low_v1,direct_matrix_exact,new_exact_profile,exact_dense_generator_arithmetic,256,255,512,288,288,224,1,223,1.777777778,gf16,gf16,false,false,0,8382,8415,8415,33,1,0,1,0,0,33660,0.519102793
leopard2-c0-v2,systematic_encode,per_payload_byte,255,33,low_v1,subproduct_tree_exact,new_exact_profile,asymptotic_generic_polynomial_proxy,256,255,512,288,288,224,1,223,1.777777778,gf16,gf16,false,false,69984,69984,69984,139968,69984,1152,9,27,0,0,419940,0.041608325
leopard2-c0-v2,systematic_encode,per_payload_byte,255,63,legacy_high_v1,padded_dyadic_parent,parent_preserving,exact_structural_radix2_dag,64,64,512,512,318,194,193,1,1.610062893,gf16,gf16,false,false,960,2112,960,2686,2495,128,0,30,382,1,9213,1.0
leopard2-c0-v2,systematic_encode,per_payload_byte,255,63,legacy_high_v1,prefix_pruned_parent,parent_preserving,exact_structural_radix2_dag,64,64,512,512,318,194,193,1,1.610062893,gf16,gf16,false,false,960,2112,960,2686,2494,128,1,30,382,0,9216,0.999674479
leopard2-c0-v2,systematic_encode,per_payload_byte,255,63,legacy_high_v1,dependency_pruned_parent,parent_preserving,exact_structural_radix2_dag,64,64,512,512,318,194,193,1,1.610062893,gf16,gf16,false,false,960,2112,960,2686,2494,128,2,30,382,0,9220,0.999240781
leopard2-c0-v2,systematic_encode,per_payload_byte,255,63,legacy_high_v1,recursive_truncated_parent,parent_preserving,exact_arithmetic_lower_bound_scratch,64,64,512,512,318,194,193,1,1.610062893,gf16,gf16,false,false,960,2112,960,2686,2494,64,12,30,382,0,9260,0.994924406
leopard2-c0-v2,systematic_encode,per_payload_byte,255,63,legacy_high_v1,binary_dyadic_exact,new_exact_profile,heuristic_optimistic_cross_block,64,63,512,318,318,194,193,1,1.610062893,gf16,gf16,false,false,774,3690,2664,6213,4071,63,30,120,381,0,19422,0.474358974
leopard2-c0-v2,systematic_encode,per_payload_byte,255,63,legacy_high_v1,full_block_tail_exact,new_exact_profile,heuristic_conservative_dense_join,64,63,512,318,318,194,193,1,1.610062893,gf16,gf16,false,false,480,12744,12198,25095,7731,63,12,42,381,0,70014,0.131587968
leopard2-c0-v2,systematic_encode,per_payload_byte,255,63,legacy_high_v1,direct_matrix_exact,new_exact_profile,exact_dense_generator_arithmetic,64,63,512,318,318,194,193,1,1.610062893,gf16,gf16,false,false,0,16002,16065,16065,63,1,0,1,0,0,64260,0.143370682
leopard2-c0-v2,systematic_encode,per_payload_byte,255,63,legacy_high_v1,subproduct_tree_exact,new_exact_profile,asymptotic_generic_polynomial_proxy,64,63,512,318,318,194,193,1,1.610062893,gf16,gf16,false,false,77274,77274,77274,154548,77274,1272,9,27,0,0,463680,0.019869306
leopard2-c0-v2,systematic_encode,per_payload_byte,255,63,low_v1,padded_dyadic_parent,parent_preserving,exact_structural_radix2_dag,256,256,512,512,318,194,1,193,1.610062893,gf16,gf16,false,false,2048,4096,2048,4670,4671,512,0,16,574,1,17533,1.0
leopard2-c0-v2,systematic_encode,per_payload_byte,255,63,low_v1,prefix_pruned_parent,parent_preserving,exact_structural_radix2_dag,256,256,512,512,318,194,1,193,1.610062893,gf16,gf16,false,false,2048,4096,2048,4670,4670,512,1,16,574,0,17536,0.999828923
leopard2-c0-v2,systematic_encode,per_payload_byte,255,63,low_v1,dependency_pruned_parent,parent_preserving,exact_structural_radix2_dag,256,256,512,512,318,194,1,193,1.610062893,gf16,gf16,false,false,1981,3962,1981,4536,4536,512,2,16,574,0,17004,1.031110327
leopard2-c0-v2,systematic_encode,per_payload_byte,255,63,low_v1,recursive_truncated_parent,parent_preserving,exact_arithmetic_lower_bound_scratch,256,256,512,512,318,194,1,193,1.610062893,gf16,gf16,false,false,1981,3962,1981,4536,4536,256,16,16,574,0,17060,1.027725674
leopard2-c0-v2,systematic_encode,per_payload_byte,255,63,low_v1,binary_dyadic_exact,new_exact_profile,heuristic_optimistic_cross_block,256,255,512,318,318,194,1,193,1.610062893,gf16,gf16,false,false,1538,6646,5108,10789,7219,255,14,70,573,0,34926,0.502004238
leopard2-c0-v2,systematic_encode,per_payload_byte,255,63,low_v1,full_block_tail_exact,new_exact_profile,heuristic_conservative_dense_join,256,255,512,318,318,194,1,193,1.610062893,gf16,gf16,false,false,896,66308,65666,131651,35131,255,4,18,573,0,364438,0.048109692
leopard2-c0-v2,systematic_encode,per_payload_byte,255,63,low_v1,direct_matrix_exact,new_exact_profile,exact_dense_generator_arithmetic,256,255,512,318,318,194,1,193,1.610062893,gf16,gf16,false,false,0,16002,16065,16065,63,1,0,1,0,0,64260,0.272844693
leopard2-c0-v2,systematic_encode,per_payload_byte,255,63,low_v1,subproduct_tree_exact,new_exact_profile,asymptotic_generic_polynomial_proxy,256,255,512,318,318,194,1,193,1.610062893,gf16,gf16,false,false,77274,77274,77274,154548,77274,1272,9,27,0,0,463680,0.037812716
leopard2-c0-v2,systematic_encode,per_payload_byte,255,65,legacy_high_v1,padded_dyadic_parent,parent_preserving,exact_structural_radix2_dag,128,128,512,512,320,192,129,63,1.6,gf16,gf16,false,false,1344,2816,1344,3392,3265,256,0,21,448,1,12161,1.0
leopard2-c0-v2,systematic_encode,per_payload_byte,255,65,legacy_high_v1,prefix_pruned_parent,parent_preserving,exact_structural_radix2_dag,128,128,512,512,320,192,129,63,1.6,gf16,gf16,false,false,1344,2816,1344,3392,3264,256,1,21,448,0,12164,0.999753371
leopard2-c0-v2,systematic_encode,per_payload_byte,255,65,legacy_high_v1,dependency_pruned_parent,parent_preserving,exact_structural_radix2_dag,128,128,512,512,320,192,129,63,1.6,gf16,gf16,false,false,1344,2816,1344,3392,3264,256,2,21,448,0,12168,0.999424721
leopard2-c0-v2,systematic_encode,per_payload_byte,255,65,legacy_high_v1,recursive_truncated_parent,parent_preserving,exact_arithmetic_lower_bound_scratch,128,128,512,512,320,192,129,63,1.6,gf16,gf16,false,false,1344,2816,1344,3392,3264,128,14,21,448,0,12216,0.995497708
leopard2-c0-v2,systematic_encode,per_payload_byte,255,65,legacy_high_v1,binary_dyadic_exact,new_exact_profile,heuristic_optimistic_cross_block,128,65,512,320,320,192,129,63,1.6,gf16,gf16,false,false,960,2440,1285,3345,2825,65,5,35,385,0,11200,1.085803571
leopard2-c0-v2,systematic_encode,per_payload_byte,255,65,legacy_high_v1,full_block_tail_exact,new_exact_profile,heuristic_conservative_dense_join,128,65,512,320,320,192,129,63,1.6,gf16,gf16,false,false,960,2435,1285,3340,2825,65,10,40,385,0,11210,1.084834969
leopard2-c0-v2,systematic_encode,per_payload_byte,255,65,legacy_high_v1,direct_matrix_exact,new_exact_profile,exact_dense_generator_arithmetic,128,65,512,320,320,192,129,63,1.6,gf16,gf16,false,false,0,16510,16575,16575,65,1,0,1,0,0,66300,0.183423831
leopard2-c0-v2,systematic_encode,per_payload_byte,255,65,legacy_high_v1,subproduct_tree_exact,new_exact_profile,asymptotic_generic_polynomial_proxy,128,65,512,320,320,192,129,63,1.6,gf16,gf16,false,false,77760,77760,77760,155520,77760,1280,9,27,0,0,466596,0.026063232
leopard2-c0-v2,systematic_encode,per_payload_byte,255,65,low_v1,padded_dyadic_parent,parent_preserving,exact_structural_radix2_dag,256,256,512,512,320,192,1,191,1.6,gf16,gf16,false,false,2048,4096,2048,4672,4673,512,0,16,576,1,17537,1.0
leopard2-c0-v2,systematic_encode,per_payload_byte,255,65,low_v1,prefix_pruned_parent,parent_preserving,exact_structural_radix2_dag,256,256,512,512,320,192,1,191,1.6,gf16,gf16,false,false,2048,4096,2048,4672,4672,512,1,16,576,0,17540,0.999828962
leopard2-c0-v2,systematic_encode,per_payload_byte,255,65,low_v1,dependency_pruned_parent,parent_preserving,exact_structural_radix2_dag,256,256,512,512,320,192,1,191,1.6,gf16,gf16,false,false,1985,3970,1985,4546,4546,512,2,16,576,0,17040,1.029166667
leopard2-c0-v2,systematic_encode,per_payload_byte,255,65,low_v1,recursive_truncated_parent,parent_preserving,exact_arithmetic_lower_bound_scratch,256,256,512,512,320,192,1,191,1.6,gf16,gf16,false,false,1985,3970,1985,4546,4546,256,16,16,576,0,17096,1.025795508
leopard2-c0-v2,systematic_encode,per_payload_byte,255,65,low_v1,binary_dyadic_exact,new_exact_profile,heuristic_optimistic_cross_block,256,255,512,320,320,192,1,191,1.6,gf16,gf16,false,false,1538,6646,5108,10791,7221,255,14,70,575,0,34930,0.502061265
leopard2-c0-v2,systematic_encode,per_payload_byte,255,65,low_v1,full_block_tail_exact,new_exact_profile,heuristic_conservative_dense_join,256,255,512,320,320,192,1,191,1.6,gf16,gf16,false,false,896,66308,65666,131653,35133,255,4,18,575,0,364442,0.04812014
leopard2-c0-v2,systematic_encode,per_payload_byte,255,65,low_v1,direct_matrix_exact,new_exact_profile,exact_dense_generator_arithmetic,256,255,512,320,320,192,1,191,1.6,gf16,gf16,false,false,0,16510,16575,16575,65,1,0,1,0,0,66300,0.264509804
leopard2-c0-v2,systematic_encode,per_payload_byte,255,65,low_v1,subproduct_tree_exact,new_exact_profile,asymptotic_generic_polynomial_proxy,256,255,512,320,320,192,1,191,1.6,gf16,gf16,false,false,77760,77760,77760,155520,77760,1280,9,27,0,0,466596,0.037584977
leopard2-c0-v2,systematic_encode,per_payload_byte,255,127,legacy_high_v1,padded_dyadic_parent,parent_preserving,exact_structural_radix2_dag,128,128,512,512,382,130,129,1,1.340314136,gf16,gf16,false,false,1344,2816,1344,3454,3327,256,0,21,510,1,12285,1.0
leopard2-c0-v2,systematic_encode,per_payload_byte,255,127,legacy_high_v1,prefix_pruned_parent,parent_preserving,exact_structural_radix2_dag,128,128,512,512,382,130,129,1,1.340314136,gf16,gf16,false,false,1344,2816,1344,3454,3326,256,1,21,510,0,12288,0.999755859
leopard2-c0-v2,systematic_encode,per_payload_byte,255,127,legacy_high_v1,dependency_pruned_parent,parent_preserving,exact_structural_radix2_dag,128,128,512,512,382,130,129,1,1.340314136,gf16,gf16,false,false,1344,2816,1344,3454,3326,256,2,21,510,0,12292,0.999430524
leopard2-c0-v2,systematic_encode,per_payload_byte,255,127,legacy_high_v1,recursive_truncated_parent,parent_preserving,exact_arithmetic_lower_bound_scratch,128,128,512,512,382,130,129,1,1.340314136,gf16,gf16,false,false,1344,2816,1344,3454,3326,128,14,21,510,0,12340,0.99554295
leopard2-c0-v2,systematic_encode,per_payload_byte,255,127,legacy_high_v1,binary_dyadic_exact,new_exact_profile,heuristic_optimistic_cross_block,128,127,512,382,382,130,129,1,1.340314136,gf16,gf16,false,false,1284,5870,4332,9681,6379,127,24,108,509,0,30690,0.400293255
leopard2-c0-v2,systematic_encode,per_payload_byte,255,127,legacy_high_v1,full_block_tail_exact,new_exact_profile,heuristic_conservative_dense_join,128,127,512,382,382,130,129,1,1.340314136,gf16,gf16,false,false,768,33542,32772,66309,18679,127,8,32,509,0,184106,0.066727863
leopard2-c0-v2,systematic_encode,per_payload_byte,255,127,legacy_high_v1,direct_matrix_exact,new_exact_profile,exact_dense_generator_arithmetic,128,127,512,382,382,130,129,1,1.340314136,gf16,gf16,false,false,0,32258,32385,32385,127,1,0,1,0,0,129540,0.094835572
leopard2-c0-v2,systematic_encode,per_payload_byte,255,127,legacy_high_v1,subproduct_tree_exact,new_exact_profile,asymptotic_generic_polynomial_proxy,128,127,512,382,382,130,129,1,1.340314136,gf16,gf16,false,false,92826,92826,92826,185652,92826,1528,9,27,0,0,556992,0.022055972
leopard2-c0-v2,systematic_encode,per_payload_byte,255,127,low_v1,padded_dyadic_parent,parent_preserving,exact_structural_radix2_dag,256,256,512,512,382,130,1,129,1.340314136,gf16,gf16,false,false,2048,4096,2048,4734,4735,512,0,16,638,1,17661,1.0
leopard2-c0-v2,systematic_encode,per_payload_byte,255,127,low_v1,prefix_pruned_parent,parent_preserving,exact_structural_radix2_dag,256,256,512,512,382,130,1,129,1.340314136,gf16,gf16,false,false,2048,4096,2048,4734,4734,512,1,16,638,0,17664,0.999830163
leopard2-c0-v2,systematic_encode,per_payload_byte,255,127,low_v1,dependency_pruned_parent,parent_preserving,exact_structural_radix2_dag,256,256,512,512,382,130,1,129,1.340314136,gf16,gf16,false,false,2047,4094,2047,4732,4732,512,2,16,638,0,17660,1.000056625
leopard2-c0-v2,systematic_encode,per_payload_byte,255,127,low_v1,recursive_truncated_parent,parent_preserving,exact_arithmetic_lower_bound_scratch,256,256,512,512,382,130,1,129,1.340314136,gf16,gf16,false,false,2047,4094,2047,4732,4732,256,16,16,638,0,17716,0.996895462
leopard2-c0-v2,systematic_encode,per_payload_byte,255,127,low_v1,binary_dyadic_exact,new_exact_profile,heuristic_optimistic_cross_block,256,255,512,382,382,130,1,129,1.340314136,gf16,gf16,false,false,1538,6646,5108,10853,7283,255,14,70,637,0,35054,0.503822674
leopard2-c0-v2,systematic_encode,per_payload_byte,255,127,low_v1,full_block_tail_exact,new_exact_profile,heuristic_conservative_dense_join,256,255,512,382,382,130,1,129,1.340314136,gf16,gf16,false,false,896,66308,65666,131715,35195,255,4,18,637,0,364566,0.048443903
leopard2-c0-v2,systematic_encode,per_payload_byte,255,127,low_v1,direct_matrix_exact,new_exact_profile,exact_dense_generator_arithmetic,256,255,512,382,382,130,1,129,1.340314136,gf16,gf16,false,false,0,32258,32385,32385,127,1,0,1,0,0,129540,0.136336267
leopard2-c0-v2,systematic_encode,per_payload_byte,255,127,low_v1,subproduct_tree_exact,new_exact_profile,asymptotic_generic_polynomial_proxy,256,255,512,382,382,130,1,129,1.340314136,gf16,gf16,false,false,92826,92826,92826,185652,92826,1528,9,27,0,0,556992,0.031707816
leopard2-c0-v2,systematic_encode,per_payload_byte,255,129,legacy_high_v1,padded_dyadic_parent,parent_preserving,exact_structural_radix2_dag,256,256,512,512,384,128,1,127,1.333333333,gf16,gf16,false,false,2048,4096,2048,4736,4737,512,0,16,640,1,17665,1.0
leopard2-c0-v2,systematic_encode,per_payload_byte,255,129,legacy_high_v1,prefix_pruned_parent,parent_preserving,exact_structural_radix2_dag,256,256,512,512,384,128,1,127,1.333333333,gf16,gf16,false,false,2048,4096,2048,4736,4736,512,1,16,640,0,17668,0.999830201
leopard2-c0-v2,systematic_encode,per_payload_byte,255,129,legacy_high_v1,dependency_pruned_parent,parent_preserving,exact_structural_radix2_dag,256,256,512,512,384,128,1,127,1.333333333,gf16,gf16,false,false,2048,4096,2048,4736,4736,512,2,16,640,0,17672,0.999603893
leopard2-c0-v2,systematic_encode,per_payload_byte,255,129,legacy_high_v1,recursive_truncated_parent,parent_preserving,exact_arithmetic_lower_bound_scratch,256,256,512,512,384,128,1,127,1.333333333,gf16,gf16,false,false,2048,4096,2048,4736,4736,256,16,16,640,0,17728,0.9964463
leopard2-c0-v2,systematic_encode,per_payload_byte,255,129,legacy_high_v1,binary_dyadic_exact,new_exact_profile,heuristic_optimistic_cross_block,256,129,512,384,384,128,1,127,1.333333333,gf16,gf16,false,false,1344,3204,1731,4233,3717,129,3,24,513,0,14628,1.207615532
leopard2-c0-v2,systematic_encode,per_payload_byte,255,129,legacy_high_v1,full_block_tail_exact,new_exact_profile,heuristic_conservative_dense_join,256,129,512,384,384,128,1,127,1.333333333,gf16,gf16,false,false,1344,3201,1731,4230,3717,129,6,27,513,0,14634,1.207120405
leopard2-c0-v2,systematic_encode,per_payload_byte,255,129,legacy_high_v1,direct_matrix_exact,new_exact_profile,exact_dense_generator_arithmetic,256,129,512,384,384,128,1,127,1.333333333,gf16,gf16,false,false,0,32766,32895,32895,129,1,0,1,0,0,131580,0.134252926
leopard2-c0-v2,systematic_encode,per_payload_byte,255,129,legacy_high_v1,subproduct_tree_exact,new_exact_profile,asymptotic_generic_polynomial_proxy,256,129,512,384,384,128,1,127,1.333333333,gf16,gf16,false,false,93312,93312,93312,186624,93312,1536,9,27,0,0,559908,0.031549826
leopard2-c0-v2,systematic_encode,per_payload_byte,255,129,low_v1,padded_dyadic_parent,parent_preserving,exact_structural_radix2_dag,256,256,512,512,384,128,1,127,1.333333333,gf16,gf16,false,false,2048,4096,2048,4736,4737,512,0,16,640,1,17665,1.0
leopard2-c0-v2,systematic_encode,per_payload_byte,255,129,low_v1,prefix_pruned_parent,parent_preserving,exact_structural_radix2_dag,256,256,512,512,384,128,1,127,1.333333333,gf16,gf16,false,false,2048,4096,2048,4736,4736,512,1,16,640,0,17668,0.999830201
leopard2-c0-v2,systematic_encode,per_payload_byte,255,129,low_v1,dependency_pruned_parent,parent_preserving,exact_structural_radix2_dag,256,256,512,512,384,128,1,127,1.333333333,gf16,gf16,false,false,2048,4096,2048,4736,4736,512,2,16,640,0,17672,0.999603893
leopard2-c0-v2,systematic_encode,per_payload_byte,255,129,low_v1,recursive_truncated_parent,parent_preserving,exact_arithmetic_lower_bound_scratch,256,256,512,512,384,128,1,127,1.333333333,gf16,gf16,false,false,2048,4096,2048,4736,4736,256,16,16,640,0,17728,0.9964463
leopard2-c0-v2,systematic_encode,per_payload_byte,255,129,low_v1,binary_dyadic_exact,new_exact_profile,heuristic_optimistic_cross_block,256,255,512,384,384,128,1,127,1.333333333,gf16,gf16,false,false,1538,6646,5108,10855,7285,255,14,70,639,0,35058,0.503879286
leopard2-c0-v2,systematic_encode,per_payload_byte,255,129,low_v1,full_block_tail_exact,new_exact_profile,heuristic_conservative_dense_join,256,255,512,384,384,128,1,127,1.333333333,gf16,gf16,false,false,896,66308,65666,131717,35197,255,4,18,639,0,364570,0.048454343
leopard2-c0-v2,systematic_encode,per_payload_byte,255,129,low_v1,direct_matrix_exact,new_exact_profile,exact_dense_generator_arithmetic,256,255,512,384,384,128,1,127,1.333333333,gf16,gf16,false,false,0,32766,32895,32895,129,1,0,1,0,0,131580,0.134252926
leopard2-c0-v2,systematic_encode,per_payload_byte,255,129,low_v1,subproduct_tree_exact,new_exact_profile,asymptotic_generic_polynomial_proxy,256,255,512,384,384,128,1,127,1.333333333,gf16,gf16,false,false,93312,93312,93312,186624,93312,1536,9,27,0,0,559908,0.031549826
leopard2-c0-v2,systematic_encode,per_payload_byte,255,255,legacy_high_v1,padded_dyadic_parent,parent_preserving,exact_structural_radix2_dag,256,256,512,512,510,2,1,1,1.003921569,gf16,gf16,false,false,2048,4096,2048,4862,4863,512,0,16,766,1,17917,1.0
leopard2-c0-v2,systematic_encode,per_payload_byte,255,255,legacy_high_v1,prefix_pruned_parent,parent_preserving,exact_structural_radix2_dag,256,256,512,512,510,2,1,1,1.003921569,gf16,gf16,false,false,2048,4096,2048,4862,4862,512,1,16,766,0,17920,0.999832589
leopard2-c0-v2,systematic_encode,per_payload_byte,255,255,legacy_high_v1,dependency_pruned_parent,parent_preserving,exact_structural_radix2_dag,256,256,512,512,510,2,1,1,1.003921569,gf16,gf16,false,false,2048,4096,2048,4862,4862,512,2,16,766,0,17924,0.999609462
leopard2-c0-v2,systematic_encode,per_payload_byte,255,255,legacy_high_v1,recursive_truncated_parent,parent_preserving,exact_arithmetic_lower_bound_scratch,256,256,512,512,510,2,1,1,1.003921569,gf16,gf16,false,false,2048,4096,2048,4862,4862,256,16,16,766,0,17980,0.996496107
leopard2-c0-v2,systematic_encode,per_payload_byte,255,255,legacy_high_v1,binary_dyadic_exact,new_exact_profile,heuristic_optimistic_cross_block,256,255,512,510,510,2,1,1,1.003921569,gf16,gf16,false,false,1538,6646,5108,10981,7411,255,14,70,765,0,35310,0.507419994
leopard2-c0-v2,systematic_encode,per_payload_byte,255,255,legacy_high_v1,full_block_tail_exact,new_exact_profile,heuristic_conservative_dense_join,256,255,512,510,510,2,1,1,1.003921569,gf16,gf16,false,false,896,66308,65666,131843,35323,255,4,18,765,0,364822,0.049111622
leopard2-c0-v2,systematic_encode,per_payload_byte,255,255,legacy_high_v1,direct_matrix_exact,new_exact_profile,exact_dense_generator_arithmetic,256,255,512,510,510,2,1,1,1.003921569,gf16,gf16,false,false,0,64770,65025,65025,255,1,0,1,0,0,260100,0.068885044
leopard2-c0-v2,systematic_encode,per_payload_byte,255,255,legacy_high_v1,subproduct_tree_exact,new_exact_profile,asymptotic_generic_polynomial_proxy,256,255,512,510,510,2,1,1,1.003921569,gf16,gf16,false,false,123930,123930,123930,247860,123930,2040,9,27,0,0,743616,0.024094425
leopard2-c0-v2,systematic_encode,per_payload_byte,255,255,low_v1,padded_dyadic_parent,parent_preserving,exact_structural_radix2_dag,256,256,512,512,510,2,1,1,1.003921569,gf16,gf16,false,false,2048,4096,2048,4862,4863,512,0,16,766,1,17917,1.0
leopard2-c0-v2,systematic_encode,per_payload_byte,255,255,low_v1,prefix_pruned_parent,parent_preserving,exact_structural_radix2_dag,256,256,512,512,510,2,1,1,1.003921569,gf16,gf16,false,false,2048,4096,2048,4862,4862,512,1,16,766,0,17920,0.999832589
leopard2-c0-v2,systematic_encode,per_payload_byte,255,255,low_v1,dependency_pruned_parent,parent_preserving,exact_structural_radix2_dag,256,256,512,512,510,2,1,1,1.003921569,gf16,gf16,false,false,2048,4096,2048,4862,4862,512,2,16,766,0,17924,0.999609462
leopard2-c0-v2,systematic_encode,per_payload_byte,255,255,low_v1,recursive_truncated_parent,parent_preserving,exact_arithmetic_lower_bound_scratch,256,256,512,512,510,2,1,1,1.003921569,gf16,gf16,false,false,2048,4096,2048,4862,4862,256,16,16,766,0,17980,0.996496107
leopard2-c0-v2,systematic_encode,per_payload_byte,255,255,low_v1,binary_dyadic_exact,new_exact_profile,heuristic_optimistic_cross_block,256,255,512,510,510,2,1,1,1.003921569,gf16,gf16,false,false,1538,6646,5108,10981,7411,255,14,70,765,0,35310,0.507419994
leopard2-c0-v2,systematic_encode,per_payload_byte,255,255,low_v1,full_block_tail_exact,new_exact_profile,heuristic_conservative_dense_join,256,255,512,510,510,2,1,1,1.003921569,gf16,gf16,false,false,896,66308,65666,131843,35323,255,4,18,765,0,364822,0.049111622
leopard2-c0-v2,systematic_encode,per_payload_byte,255,255,low_v1,direct_matrix_exact,new_exact_profile,exact_dense_generator_arithmetic,256,255,512,510,510,2,1,1,1.003921569,gf16,gf16,false,false,0,64770,65025,65025,255,1,0,1,0,0,260100,0.068885044
leopard2-c0-v2,systematic_encode,per_payload_byte,255,255,low_v1,subproduct_tree_exact,new_exact_profile,asymptotic_generic_polynomial_proxy,256,255,512,510,510,2,1,1,1.003921569,gf16,gf16,false,false,123930,123930,123930,247860,123930,2040,9,27,0,0,743616,0.024094425
